﻿No,問題,正解,補足・基準
q0001,海外のサッカークラブで、アル・ラーヤン、アル・サッド、アル・ガラファといったら、どこの国にあるでしょう?,カタール,
q0002,バロック時代の名残からフランス語では「アルト」と呼ばれる、ヴァイオリンより5度低い弦楽器は何でしょう?,ヴィオラ,
q0003,2000年にパリで起きた墜落事故が決め手となって退役した、かつて超音速旅客機の代名詞と言われ、開発競争が激化した旅客機は何でしょう?,コンコード(コンコルド),
q0004,グルメ漫画『美味しんぼ』の海原雄山が世に広めたとされる、牛の横隔膜をさす焼肉の部位といえば何でしょう?,ハラミ,
q0005,石ノ森章太郎の漫画『サイボーグ009』で、世界中から科学者を拉致してくる悪の組織を何というでしょう?,ブラックゴースト団,
q0006,喫煙に厳しい牧師の立場でありながらこっそり煙草を吸っていたお茶目な一面もあった、「I have a dream･･･」で始まる演説で知られる牧師は誰でしょう?,キング牧師(マーティン・ルーサー・キング・ジュニア),
q0007,古くから海女漁が盛んだった三重県志摩市で食べられている、イセエビやアワビなどを生きたまま炭火で焼いた郷土料理は何でしょう?,残酷焼き,
q0008,人の歩き方について、歩幅、歩行速度、腕の振り方といった特徴を分析し、個人の識別に役立てる認証技術を何というでしょう?,歩容認証(ほようにんしょう),
q0009,銀座の施設「ZUKAN MUSEUM GINZA」で世界観を体験できる、小学館が出版する学習図鑑シリーズは何でしょう?,『図鑑NEO』,
q0010,戦前の日本で大東亜共栄圏の理念や国家主義的スローガンとして使われた、「世界を一つの家のようにまとめる」という理想を示す四字熟語は何でしょう?,八紘一宇(はっこういちう),
q0011,トロール漁業にとっての好漁場である「ドッガーバンク」や「グレートフィッシャーバンク」がある、ヨーロッパの海はどこでしょう?,北海,
q0012,ハロウィンをテーマにした『ファッションモンスター』、成人式をテーマにした『ふりそでーしょん』といった季節ソングを歌った歌手は誰でしょう?,きゃりーぱみゅぱみゅ,
q0013,タコやイカがもつ、硬いエサを噛み砕く、鳥のくちばしに似た器官を、2種類の鳥の名前を使って何というでしょう?,カラストンビ,
q0014,1994年の開業以来、広島市の交通網の重要な一部となっている、北西部の住宅地と本通りや八丁堀を結ぶ都市型モノレールは何でしょう?,アストラムライン,
q0015,ソ連の設計家アルテム・ミコヤンと共同設計者のミハイル・グラヴィチの頭文字から命名された、朝鮮戦線で初登場したジェット機は何でしょう?,MIG(ミグ),
q0016,中堅選手を対象とするF1やF2、タイトル戦のG1・G2・G3、そして最高位のGP(グランプリ)に分類される、日本の公営競技は何でしょう?,競輪,
q0017,働く女の子シリーズとして『花咲くいろは』『SHIROBAKO』『サクラクエスト』を手掛けた、富山県南砺(なんと)市に本社を置くアニメ制作会社は何でしょう?,P.A.WORKS(ピーエーワークス),
q0018,前衛がおとりとなってブロックを引きつけ、後衛の選手がバックアタックを仕掛ける、バレーボールの攻撃技術のひとつは何でしょう?,パイプ(アタック),
q0019,当初はハガキネタや映画情報が盛り込まれていたが、後期になると「熱湯コマーシャル」などお色気路線に転じ、「日曜昼間の深夜番組」と言われた、日本テレビ系の往年のバラエティ番組は何でしょう?,『スーパージョッキー』,
q0020,甲子園球場の浜風を味方に、左中間から左翼方向への打球で本塁打を量産する愛称を「サトテル」という阪神タイガースのプロ野球選手は誰でしょう?,佐藤輝明(さとう・てるあき),
q0021,飲食チェーン「ポムの樹」でオムライスを頼んだ際、サービス品として紙コップに入れられて提供されるものは何でしょう?,味噌汁(みそスープ),
q0022,正式名称を「全日本爆猫連合なめんなよ」という、80年代初頭に大ブームとなったネコに暴走族風の衣装を着せたキャラクターは何でしょう?,なめ猫,
q0023,命中時に先端の弾頭部分が開き、人体に大きな損傷を与える銃弾のことを、開発されたイギリス領インドの工場の名から「何弾」というでしょう?,ダムダム弾,
q0024,壁と床の角の部分にボールをかすらせて返球しにくくする、スカッシュにおける高度なテクニックを「何ショット」というでしょう?,ニックショット,
q0025,日本のレゲエ史上初のオリコン1位を記録した、「一生一緒にいてくれや」というフレーズが有名な三木道三(みき・どうざん)の曲は何でしょう?,『Lifetime Respect』,
q0026,ブレビバクテリウム・リネンスという熟成菌が特有の香りや風味を生み出す、熟成過程で表面を塩水や酒で何度も洗うチーズの種類を何というでしょう?,ウォッシュチーズ,
q0027,普通の食用米と比べて大粒で柔らかく、吸水性がよいのが特徴的な、日本酒の醸造に特化して栽培された品種の米を何というでしょう?,酒造好適米,
q0028,壁面に彫刻やモザイクで装飾され、礼拝の際に信者が向かうべきメッカの方向を示す、イスラム教のモスクに設置される壁のくぼみを何というでしょう?,ミフラーブ,
q0029,相手の攻撃や不利な状況に対して、完全ではないにせよ少しでも反撃や応戦をすることを、「敵の攻撃に矢で応戦する」ということから何というでしょう?,一矢報いる(いっしむくいる),
q0030,バラエティ番組や健康番組の実験コーナーの被験者として引っ張りだこになり「モルモット芸人」と呼ばれる、たくやとかずやの双子からなるお笑いコンビは何でしょう?,ザ・たっち,
q0031,2030年にTogether for a Foresighted Tomorrowをテーマとした万国博覧会が開催される、サウジアラビアの首都はどこでしょう?,リヤド,
q0032,その名はデビュー曲『空中分解』を投稿した日が3日だったことにちなんでいる、代表曲『テレキャスターピーボーイ』で知られるボカロPは誰でしょう?,すりい,
q0033,ドイッチュ番号は328である、ゲーテの詩に基づきフランツ・シューベルトが作曲した歌曲は何でしょう?,『魔王』,
q0034,民法第240条によると、お金を拾って届け出た場合、持ち主が何ヶ月現れないともらえることが定められているでしょう?,3ヶ月,
q0035,80年代から90年代のの女子高生の必須アイテムであった、現在は白元アースが製造販売する、ルーズソックスがずり落ちないように固定する専用の糊をなんというでしょう?,ソックタッチ,
q0036,ボクシングや総合格闘技で、メインイベントの前に行われる前座の試合や注目度の低い試合のことを特に何というでしょう?,アンダーカード ,
q0037,作中に登場する旗は世界各地のデモで若者が掲げる海賊旗のモチーフになっている、尾田栄一郎の漫画は何でしょう?,『ONE PIECE』,
q0038,若き明の皇帝・正統帝(せいとうてい)が軽率な出征の末、北方のオイラート軍に敗れて捕虜となってしまった出来事を「何の変」というでしょう?,土木の変,
q0039,レゲエ歌手のボブ・マーリーによって世界に広められた、ハイレ・セラシエを神とし黒人の誇りと自由を掲げた信仰文化運動を何というでしょう?,ラスタファリ運動,
q0040,「レトロゲーム」や「レトロニム」といったときの「レトロ」は、何という言葉を略したものでしょう?,レトロスペクティブ ,
q0041,現代的で華やかな「アウアナ」と対比される、ハワイのフラダンスで儀式や王族への奉納として行われる格式高い踊りを何というでしょう?,カヒコ ,
q0042,秋に十分な食料を得られなかったために脂肪をたくわえることができず、冬眠に入ることができないクマのことを俗に何というでしょう?,穴持たず,
q0043,熊本県下益城郡(しもましきぐん)美里町(みさとまち)にある「日本一の石段」の段数は、キリの良い何段でしょう?,3333段,
q0044,海外事業者との取引でトラブルになったときの相談窓口となる、アルファベット3文字でCCJと略される消費者庁の機関は何でしょう?,越境(えっきょう)消費者センター,[Cross-border Consumer center Japan]
q0045,切り立った崖に架かる「門脇(かどわき)つり橋」がシンボルとなっている、流れ出た溶岩によって形成された静岡県伊東市のリアス海岸はどこでしょう?,城ヶ崎(じょうがさき)海岸,
q0046,葛飾北斎の『富嶽三十六景』やゴッホの絵画にも使われている、19世紀はじめに長崎にもたらされた人工の顔料は何でしょう?,プルシアン・ブルー 【紺青(こんじょう)】,
q0047,自動車ショーなどでユーザーの反響を確認したり、技術のプレゼンに利用される、各メーカーの未来像を示唆するための車を「何モデル」というでしょう?,コンセプトモデル,コンセプトカー
q0048,当初はアルバム『EAST ASIA』の収録曲という位置づけだった、「縦の糸はあなた横の糸は私」というサビが印象的な中島みゆきの曲は何でしょう?,『糸』,
q0049,クマリの山車(だし)が街を練り歩く「インドラジャトラ」や、最大の祭りと言われる「ダサイン」が行われるアジアの国はどこでしょう?,ネパール,
q0050,温泉の質をさす「泉質」という言葉が初めて使われた、オランダ語の化学書を参考に宇田川榕菴が独自の解釈を加えてまとめた書物は何でしょう?,『舎密開宗』(せいみかいそう),
q0051,少年隊のシングル『デカメロン伝説』のイントロに由来する、お笑い芸人・ゆってぃの代表的なギャグは何でしょう?,ワカチコ！ワカチコ！,
q0052,関東地方の県で、新幹線が通っていない唯一の県は何県でしょう?,千葉県,
q0053,大半の人は8以下で、中央値は5になるという、あるハンガリーの数学者の名がついた、数学者や科学者同士の距離を測る指標は「何数」でしょう?,エルデシュ数,
q0054,2004年に実写映画化された際には、その無惨な出来栄えで酷評の嵐となった、永井豪の漫画を原作とする映画は何でしょう?,劇場版『デビルマン』,
q0055,一般に「整理屋」と呼ばれる業者が整理するものは何でしょう?,多重債権、債務,ニュアンス合えば○
q0056,ルソーの『社会契約論』を翻訳した『民約訳解』を記した、明治期の思想家は誰でしょう?,中江兆民(なかえ・ちょうみん),
q0057,東塔(とうどう)、西塔(さいとう)、横川(よかわ)の3つの塔や、本尊薬師如来を安置した根本中堂などの施設がある、天台宗の総本山である寺院は何でしょう?,延暦寺(えんりゃくじ),
q0058,Bリーグのレギュラーシーズン中に設けられる、オールスターゲームや天皇杯、日本代表チームの活動などのために試合を休止する期間を何というでしょう?,バイウィーク,
q0059,アルファベット3文字で「SDS」と略される、化学物質を提供する事業者が、使用者の安全確保のために交付する文書を何というでしょう?,安全データシート ,
q0060,徳川家康の末裔にあたり、曾祖母は徳川吉宗の直系の子孫でもあると公言する、お笑いトリオ・ぱーてぃーちゃんのメンバーは誰でしょう?,信子(のぶこ),本名:大野信子
q0061,5人姉妹の次女エリザベス・ベネットと、金持ちの独身紳士ダーシー氏の恋愛を中心に社会的身分の問題を描いた、ジェーン・オースティンの小説は何でしょう?,『高慢と偏見』 ,
q0062,早くから外国人観光客が訪れ、富士屋ホテルが温泉のシンボルとなっている、箱根七湯のひとつに数えられる温泉地はどこでしょう?,宮ノ下温泉,
q0063,国外に滞在する日本人に対して、現地の治安・災害・テロ情報などをリアルタイムで知らせる、外務省のメール配信サービスは何でしょう?,たびレジ,
q0064,長い間会えなかった相手に、久しぶりの再会の挨拶を交わすことを、「何を叙(じょ)する」というでしょう?,久闊(きゅうかつ)を叙する,
q0065,過冷却や急速冷凍技術を応用し、半分凍ったシャリシャリの氷と液体が混ざるようにした飲み物のことを、英語で「何ドリンク」というでしょう?,スラッシュ(ドリンク),フローズン-
q0066,国際エネルギー機関の地域事務所や、アジア太平洋経済協力会議の事務局本部が置かれている国はどこでしょう?,シンガポール,
q0067,苛烈な性格と言動で知られ、コントの相方を次々と変えるなど下積み時代が長かったが、石倉三郎と組んだ「コント・レオナルド」でお茶の間に認知された芸人は誰でしょう?,レオナルド熊,
q0068,パリで日本の美術工芸品を販売し、ジャポニスムの流行に大きな役割を果たした、明治時代に活躍した富山県出身の美術商は誰でしょう?,林忠正(はやし・ただまさ),
q0069,書道家としては「雨楽(うら)」の雅号をもつ、NHK朝ドラ『あんぱん』で代議士の秘書・中山駒子を演じた女優は誰でしょう?,おしの沙羅(さら),
q0070,ガガガSP(スペシャル)やかりゆし58などのアーティストが所属する、渋谷を中心にカフェやライブハウスを展開するインディーズレコード会社は何でしょう?,LD&K,"Living, Dining & Kitchen"
q0071,さっぽろ雪まつり、ケベック・ウィンター・カーニバルと並ぶ世界3大雪まつりが開かれる、中国・黒龍江省の省都はどこでしょう?,ハルビン,
q0072,エンジンの排気量などによって「OS」や「OZ」などクラス分けがなされている、別名「海のF1」とも呼ばれる競技用のモーターボートを何というでしょう?,パワーボート,
q0073,形が下駄の歯に似ていることから名付けられた、小麦粉と奄美大島の黒砂糖を主原料に作られる鹿児島県の郷土菓子は何でしょう?,げたんは,
q0074,船の出港や入港の際に、船員がマストに登ったり、甲板上で礼をして、見送りや出迎えの人々に敬意を示す儀式を何というでしょう?,登檣礼(とうしょうれい),
q0075,今でも地方にある「ハイアース」のホーロー看板でもなじみ深い、1959年に『黒い花びら』でデビューし、この曲で第1回日本レコード大賞を受賞した歌手は誰でしょう?,水原弘,
q0076,会社の従業員が、休日や勤務時間外にきた仕事に関わるメールや電話への対応を拒否できる権利を俗に「どんな権利」というでしょう?,つながらない権利,
q0077,中小企業の資金調達方法として普及が進む、在庫品や設備、売掛債権など事業活動自体を担保に資金を貸し出す制度を、アルファベット3文字で何というでしょう?,ABL,動産担保融資
q0078,スマートフォンなどで注文後、最短30分で店舗商品を届ける、セブン-イレブン・ジャパンが提供するサービスを何というでしょう?,7NOW(セブンナウ),
q0079,IoT技術を活用し、地域に点在する発電設備や蓄電設備を1つの発電所のように制御する仕組みを、アルファベット3文字で何というでしょう?,VPP,仮想発電所
q0080,7店目の店舗となる「麻布(あざぶ)十番店」は社会的現象と呼ばれるほどの人気を博した、82年に大阪ミナミに開店以降、日本全国に展開されたディスコチェーンはどこでしょう?,マハラジャ,
q0081,製鉄の技術やその過程での二酸化炭素排出量の削減に向け、国家で取り組んでいるプロジェクトを通称何というでしょう?,COURSE50(コース50),環境調和型プロセス技術開発
q0082,「見て」「触れて」「買える」をコンセプトに毎年12月頃に開催される、かわいい文具の愛好家が集まる日本最大級のイベントは何でしょう?,文具女子博,
q0083,元々は幕内力士だったがプロレスに転向し、力道山のタッグパートナーとして海外遠征に帯同するなど実力を発揮した、「アントニオ猪木」というリングネームの名付け親でもあるレスラーは誰でしょう?,豊登(とよのぼり),
q0084,虫が大好きな小学生・篝夏音(かがり・かのん)を主人公とする、全国のダイソーで発売されている、昆虫をテーマとしたトレーディングカードゲームは何でしょう?,蟲神器(むしじんぎ),
q0085,顧客側には送料の節約、店側には来店の促進など双方に利点がある、ネットで購入した商品を実店舗で受け取るサービスを、アルファベット5文字の略称で何というでしょう?,BOPIS(ボピス),Buy Online Pick-up In Store
q0086,2階建て家屋の1階が舟揚場(ふなあげば)となっている「舟屋」が並ぶ、京都府・丹後(たんご)半島の東側にある漁村はどこでしょう?,伊根の舟屋(いねのふなや),伊根浦
q0087,一度は表舞台から去ったプロボクサーのカシアス内藤が、恩師のエディ・タウンゼントとともに再び世界チャンピオンを目指す姿を描いた、沢木耕太郎のノンフィクションは何でしょう?,『一瞬の夏』,
q0088,創業当時より「数を求めず、質を尊ぶ」をモットーとする、東京都中央区の日本橋に総本店をかまえる高級果物の専門店はどこでしょう?,千疋屋(せんびきや),
q0089,当時ニュージーランド自治領だったラロトンガ島でロケが敢行され、撮影中から大きな話題となった、ジャワ島の日本軍捕虜収容所を舞台とした大島渚監督の映画は何でしょう?,『戦場のメリークリスマス』,
q0090,独自に開発した「PP指数」をもとに予想している、類いまれな勝負強さから「負けない女」の異名を取る女性競馬研究家は誰でしょう?,山崎エリカ,
q0091,かつて日本国内では「ヴィッツ」の名で販売されていた、高い操縦性と低燃費で人気のトヨタの乗用車ブランドは何でしょう?,ヤリス,
q0092,多くの人の注意を引きつけることを、顔にある2つの部分を用いて「何を集める」というでしょう?,耳目を集める,
q0093,1992年の公演『ゼンダ城の虜』を最後に解散した、東京大学演劇研究会を母体として野田秀樹が結成した劇団は何でしょう?,夢の遊眠社,
q0094,コンビニ弁当などの調理済み食品を自宅で食べることを、「外食」と「内食」の中間に当たることから何というでしょう?,中食(なかしょく、ちゅうしょく),
q0095,バスケットボールの試合中に、選手同士の間で呼び交わされる短い愛称のことを「何ネーム」というでしょう?,コートネーム,
q0096,ディズニー映画『くまのプーさん』の原作となった小説 『Winnie-the-Pooh』を書いた、イギリスの児童文学作家は誰でしょう?,アレクサンダー・ミルン,アラン・アレクサンダー・ミルン
q0097,実際の出身地はニュージーランドであるが「サモアの怪人」と呼ばれた、K-1やPRIDE、UFCで活躍した格闘家は誰でしょう?,マーク・ハント,
q0098,形容詞の語末にはaを、名詞の語末にはoをつけるといった文法規則を持つ、ポーランドの眼科医ザメンホフによって考案された人工言語は何でしょう?,エスペラント,
q0099,イチローを称える展示がみられる、大リーグの球団、シアトル・マリナーズの本拠地球場はどこでしょう?,Tモバイルパーク,
q0100,ダウンを奪った選手の待機場所となる、ボクシングのリングで赤・青のどちらでもないコーナーを何というでしょう?,ニュートラルコーナー,
q0101,「天子の広大な徳を人民に及ぼす」という意味を持つ、西暦645年から650年まで用いられた日本初とされる元号は何でしょう?,大化,
q0102,リチャード・レビンソンとウィリアム・リンクが生み出した、「うちのカミさんがね」という名台詞でおなじみのロサンゼルス警察の刑事は誰でしょう?,コロンボ,刑事コロンボ
q0103,サーブ 900 を運転する舞台俳優・家福悠介(かふく・ゆうすけ)を西島秀俊(にしじま・ひでとし)が演じた、濱口竜介監督の映画は何でしょう?,『ドライブ・マイ・カー』,
q0104,道路の舗装を削り粉塵を発生させることがかつて社会問題となった、滑り止めのため金属製のピンが打ち込まれたタイヤを何というでしょう?,スパイクタイヤ,
q0105,江戸時代から「ちんぽう論争」と呼ばれる意見の対立が起こっている、古代日本の律令制度のもと発行されたといわれる貨幣は何でしょう?,和同開珎 (わどうかいちん/-かいほう),
q0106,組み手の「キョルギ」 と型の「プムセ」の2種目がある、蹴り技を主体とした韓国の格闘技は何でしょう?,テコンドー,
q0107,大学入学共通テストの「外国語」で実施されている5つの言語とは、英語、フランス語、ドイツ語、中国語と何でしょう?,韓国語,
q0108,背番号「9」をつけたゴーディ・ハウにあやかって「99」をつけた、伝説のアイスホッケー選手は誰でしょう?,ウエイン・グレツキー,
q0109,大相撲の歴代横綱で、四股名に方角の「東」がつく唯一の横綱は誰でしょう?,東富士 (あずまふじ),
q0110,コンサートやライブのチケットを取り逃したファンが、会場の外から音楽を聴いてライブの臨場感を楽しむ行為を俗に何というでしょう?,音漏れ参戦,
q0111,完走すると記録は「247回」となる、文部科学省の新体力テストで導入された往復持久走は何でしょう?,シャトルラン,
q0112,決勝では「漫才4分」 「コント4分」のネタを行い、合計得点で優勝者を決める、漫才とコントの両方で笑いをとる最強の二刀流芸人を決めるお笑い賞レースは何でしょう?,ダブルインパクト,
q0113,「三神(さんしん)」から「太づくり」 まで7つの等級がある、兵庫県たつの市を中心に生産されている手延素麺(そうめん) のブランドは何でしょう?,揖保乃糸 (いぼのいと),
q0114,かつてインド中部に存在したジャーンシー王国の王妃で、19世紀のインド大反乱を指揮してイギリス軍に勇戦して戦死したことから「インドのジャンヌ・ダルク」とも称される人物は誰でしょう?,ラクシュミー・バーイ,
q0115,日本語名を「重症熱性血小板減少症候群」という、ウイルスを持つマダニに刺されることで感染する感染症を、アルファベット4文字で何というでしょう?,SFTS ,
q0116,いくつかの異なる単位分数の和として分数を表す方法のことを、かつて用いられていた国の名をとって「何分数」 というでしょう?,エジプト分数,
q0117,主な勝ち鞍 (かちくら)に1993年の七夕賞とオールカマーがある、猛烈な大逃げで圧勝か惨敗かという極端なスタイルで人気を集めた競走馬は何でしょう?,ツインターボ,
q0118,合計特殊出生率 2.25 と日本一の出生率を誇る、鹿児島県の奄美群島に属する離島はどこでしょう?,徳之島,
q0119,企業の内幕を描いた「経済小説」の開拓者となった日本の作家で、代表作に直木賞を受賞した『総会屋錦城』があるのは誰でしょう?,城山三郎(しろやま・さぶろう),
q0120,三原山の度重なる噴火が生み出した黒い大地が一面に広がる、国土地理院が発行する地図に唯一「砂漠」と表記された場所はどこでしょう?,裏砂漠,
q0121,往路・復路ともに鈴廣蒲鉾 (すずひろかまぼこ) 本店前に設定される、お正月の箱根駅伝で、コースの最も西にある中継所は何でしょう?,小田原中継所,
q0122,芦田愛菜演じるサクラが「あんたが、諸悪の根源だからだろうが!」と激しく叫ぶシーンが話題となった、現代社会に潜む「炎上」の恐怖を描いた映画は何でしょう?,『俺ではない炎上』,
q0123,韓国では開天節 (かいてんせつ)、中国では国慶節(こっけいせつ)があるのは毎年何月でしょう?,10月,
q0124,ドイツに住む陶芸家の古嵜寛志(こざき・ひろし)によって名付けられた、皮まで食べられるとしてドイツ国内で評判のカボチャの品種を、種を仕入れた日本の都道府県の名をそのまま使って何というでしょう?,ホッカイドー,
q0125,システムヘ不正ログインするために、考えられるすべてのパスワードの組み合わせを 1つずつ試して、正しいパスワードを見つけ出そうとする方法を何というでしょう?,ブルートフォースアタック(総当たり攻撃),
q0126,唐辛子や花椒(ホアジャオ)などを加えた痺れる辛さを特徴とする、中国・四川省で生まれたスープ料理は何でしょう?,麻辣湯 (マーラータン),
q0127,第48回日本映画学院賞で最多ノミネート・最多受賞を記録した、横浜流星が5つの顔を使い分ける逃亡犯を演じた映画は何でしょう?,『正体』,
q0128,敷地内に日本唯一のオートレーサー養成機関を持つ、茨城県のサーキット場はどこでしょう?,筑波サーキット,
q0129,ヘブライ語で「贖罪の日」という意味がある、ユダヤ教において日の出から日の入りまで断食を行う祭日を何というでしょう?,ヨム・キプール,
q0130,背負い投げなどを武器に、アトランタ、シドニー、アテネと3大会連続でオリンピック金メダルを獲得した、日本の柔道選手は誰でしょう?,野村忠宏(のむら・ただひろ),
q0131,yama のニューアルバム 『; semicolon』のプロデュースを手がけた、2012年にボーカルの川谷絵音(えのん)を中心に結成されたロックバンドは何でしょう?,indigo la End (インディゴラエンド),
q0132,現在スポーツ庁長官を務めている、パラリンピック競泳の金メダリストは誰でしょう?,河合純一(かわい・じゅんいち),
q0133,将棋以外は全部残念な女子高生・紅井小馬 (あかいこま)の詰み気味な学生生活を描いた、尾高純一(おだか・じゅんいち) 原作の4コマ漫画は何でしょう?,『紅井さんは今日も詰んでる。』,
q0134,絶体絶命のピンチを切り抜けた方法を芸人熱演の再現ドラマで紹介していく、内村光良(うちむら・てるよし) 司会のクイズ番組は何でしょう?,『THE 突破ファイル』,
q0135,上司が部下への過剰な気遣いや配慮により、結果的に部下の成長機会を奪ってしまう行為を、ある色を表す英語を用いて「何ハラスメント」というでしょう?,ホワイトハラスメント,
q0136,アプリのモバイルオーダーやマックデリバリーの利用で、購入金額10円ごとに1ポイントたまる、マクドナルドの新サービスは何でしょう?,My マクドナルド リワード,
q0137,書物を読む際に書いてあることだけでなくその深意までを読み取ることを、紙の裏まで見通すということから「何紙背 (しはい) に徹す」というでしょう?,眼光(がんこう),
q0138,作家のセルバンテスも兵士として参加し左手に銃弾を受けた、1571年にオスマン帝国軍とヨーロッパ連合艦隊が激突した海戦は何でしょう?,レパントの海戦,
q0139,使い込むほど器の色が変化していく様子は「七化け」と呼ばれる、山口県で伝統的に作られる陶器は何でしょう?,萩焼,
q0140,江戸時代、劇場としての興行を幕府に認められた「江戸三座」とは、中村座、市村座と何でしょう?,森田座,
q0141,ナオト・インティライミが音に関する実証のため参画している、静岡県裾野 (すその) 市にあるトヨタ自動車の実験都市は何でしょう?,ウーブンシティ ,
q0142,東京証券取引所にある3つの市場区分とは、スタンダード市場、プライム市場と何市場でしょう?,グロース市場,
q0143,浅野温子がスタイリスト役、浅野ゆう子が主婦役を演じ、「W浅野」ブームを巻き起こした、昭和末期のトレンディドラマは何でしょう?,『抱きしめたい!』,
q0144,『大乱闘スマッシュブラザーズ』シリーズの第一作が発売されたゲームハードは何だったでしょう?,Nintendo 64,
q0145,標高 521mの象頭山 (ぞうずさん)の中腹に建ち、親しみをこめて“讃岐のこんぴらさん”と呼ばれる、香川県の神社はどこでしょう?,金刀比羅宮(ことひらぐう),
q0146,医療業界の用語で、「ギネ」 と呼ばれる病院の科は何でしょう?,産婦人科,
q0147,富山大学の「ヘルン研究会」や、早稲田大学教授の池田雅之らが研究対象としている日本の昔話を採集した『怪談』など数々の傑作を生んだ人物は誰でしょう?,小泉八雲 (ラフカディオ・ハーン),
q0148,第一次世界大戦前後のフランスを舞台に、主人公アンネット・リビエールがたくましく生きていく姿を描いた、ロマン・ロランの大河小説は何でしょう?,『魅せられたる魂』,
q0149,落とされた葉っぱは「揺籃 (ようらん)」と呼ばれる、くるんと巻いた葉っぱの中に卵を産み付け地上に落とす生態で知られる虫は何でしょう?,オトシブミ,
q0150,ブラジルに次いで、コーヒーの国別生産量2位となっている国はどこでしょう?,ベトナム,
q0151,日本の介護保険制度における要介護認定で、「要支援」は全部でいくつの段階に分けられているでしょう?,2段階,
q0152,形容詞では「いじわるな」、名詞では「平均」、動詞では「意味する」という意味を持つ英単語は何でしょう?,mean,
q0153,創業者が好きな映画のタイトルが名前の元になっている、ラブレターズや阿佐ヶ谷姉妹、シティボーイズらが所属する芸能事務所はどこでしょう?,ASH&D (アッシュ・アンド・ディ・コーポレーション),
q0154,小惑星リュウグウから持ち帰った試料から発見された、太陽系で最古と考えられる鉱物を、アルファベット3文字で何というでしょう?,CAI ,
q0155,キャンパスやスーパースター、スタンスミスといったモデルのスニーカーを展開するスポーツブランドはどこでしょう?,アディダス,
q0156,中新世に生きた「デスモスチルス」が代表的な、円柱形の柱をいくつか束ねたような奥歯に特徴を持つすでに絶滅した哺乳類の分類は何でしょう?,束柱類(そくちゅうるい),
q0157,スターバックスのロゴにデザインされている、上半身が人間、下半身が鳥の姿をしているギリシャ神話の海の魔物は何でしょう?,セイレーン,
q0158,タス通信、インテルファクス通信、イタルタス通信といえば、どこの国の通信社でしょう?,ロシア,
q0159,日本カルミックのものがよく知られる、男性用小便器の洗浄水に消毒液を少しずつ供給する装置のことを英語で何というでしょう?,サニタイザー ,
q0160,アメリカのMLB、NBA、MLSに共通する参加チーム数は何チームでしょう?,30 チーム,
q0161,成城石井で人気の、ココナッツブランマンジェの上に赤えんどう豆やさつまいも、お餅などをトッピングしかき混ぜて食べる、マレーシア発祥のデザートはなんでしょう?,モーモーチャーチャ,
q0162,「旗振り」と呼ばれる求愛行動や片足立ちで眠る習性を持つ、和名を「紅鶴(ベにつる)」という鳥は何でしょう?,フラミンゴ,
q0163,2026年のミラノ・コルティナダンペッツォ冬季五輪より正式種目となった、スキーと登山を融合した欧州発祥の山岳競技は何でしょう?,山岳スキー(スキーモ) ,スキーマウンテニアリング
q0164,特に炭酸ナトリウムや硫酸銅(II)などで見られる、結晶水を含む物質が空気中で水分を失い、粉末状になる現象を何というでしょう?,風解,
q0165,家元は代々「壽輔(じゅすけ)」の名跡を襲名する、日本舞踊において最も多くの門弟を有する流派は何でしょう?,花柳流,
q0166,チュールやオーガンジーなど薄く張りのある素材を重ねて作られた、バレエダンサーが着用するスカートの名称は何でしょう?,チュチュ ,
q0167,「M.M.」 という略称で楽譜に記載されることもある、一定の間隔で音を刻み、演奏のテンポを合わせるために使用する音楽用具は何でしょう?,メトロノーム ,
q0168,1980年代末に「白蛇占い」で一世を風靡し、「こんなん出ましたけど~」 という決め台詞が流行した、日本の占い師は誰でしょう?,泉アツノ,
q0169,アメリカ合衆国憲法で規定された役職で、大統領継承順位第2位にあたり、下院の運営を取り仕切る重要な地位は何でしょう?,下院議長,
q0170,アメリカの心理学者ダニエル・ウェグナーによって提唱された、ある事柄を意識的に考えないようにすればするほど、かえってそのことを考えてしまう心理現象を、ある動物の名前を使って「何効果」というでしょう?,しろくま効果 【ピンクの象のパラドックス】,
q0171,運賃が不足して改札が通過できない場合などに利用できる、駅の改札口近くに設置されている機械を一般に何というでしょう?,のりこし精算機,
q0172,現在は蒸気機関車の撮影活動でも知られる、大洋ホエールズ時代に高木豊、加藤博一とともに「スーパーカートリオ」を結成した野球選手は誰でしょう?,屋鋪要(やしき・かなめ),
q0173,仏教に取り入れられて「帝釈天」と呼ばれた、インド神話における武勇の神といえばどなたでしょう?,インドラ,
q0174,2001年に国内主要レコード会社の共同出資により誕生し、翌年には「着うた」 サービスを開始した、有料の音楽配信サービスで知られる企業はどこでしょう?,レコチョク,
q0175,FX取引では抵抗線や支持線として機能することが多く、利益確定や損切りの目安として活用される、キリの良い数字を表す英語は何でしょう?,ラウンドナンバー,
q0176,島全体が二重カルデラとなっており、「ひんぎゃ」と呼ばれる地熱蒸気を利用したサウナや塩作りがさかんな、伊豆諸島の島はどこでしょう?,青ヶ島,
q0177,フェネルバフチェSK、ガラタサライSK、ベシクタシュJKといったら、どこの国を代表するサッカークラブでしょう?,トルコ,
q0178,高さ140メートルの大噴水 「ジェ・ドー」がシンボルとなっている、WHO や赤十字国際委員会が本部を置くスイスの都市はどこでしょう?,ジュネーブ,
q0179,映画や小説において、複数のキャラクターが互いに武器を向け合い、一歩も引かない状況になることを、ある国の名前を用いて「何・スタンドオフ」というでしょう?,メキシカン・スタンドオフ,
q0180,「万人恐怖」と呼ばれるほどの強権政治を行い、最期は守護大名の赤松満祐に暗殺された室町幕府第6代将軍は誰でしょう?,足利義教（あしかが・よしのり）,
q0181,グラフを描くとx軸に平行な直線をとる、xの値に関わらず、常に一定の値をとる関数のことを「何関数」というでしょう?,定数関数,
q0182,「グラビティリサーチ」というクライミングジムも運営している、徳富蘇峰の言葉から命名されたアウトドア用品メーカーはどこでしょう?,好日山荘(こうじつさんそう),
q0183,2022年にはマロニーの家庭用事業を移管した、「こくまろカレー」 や 「バーモントカレー」などのヒット商品を持つ日本の大手食品メーカーは何でしょう?,ハウス食品,
q0184,ルーヴル美術館にある「ダリュ階段」の踊り場に展示されている、翼の生えた勝利の女神を表現したヘレニズム期の大理石彫刻は何でしょう?,『サモトラケのニケ』,
q0185,人材活用プラットフォーム 「HRMOS (ハーモス)」の運営元でもある、人差し指を立てる決めポーズも有名な転職サイトはどこでしょう?,ビズリーチ(BIZREACH),
q0186,パナマ運河の建設を推進し、「棍棒外交」と呼ばれる積極的な対外政策を展開した、20世紀初頭のアメリカ大統領は誰でしょう?,セオドア・ルーズベルト,
q0187,わずか3歳で即位し、8歳の時に壇ノ浦の戦いで崩御した、平家の血を引く最後の天皇は誰でしょう?,安徳天皇,
q0188,「クチコミランキング」や「ベストコスメアワード」などユーザーの声を基にした独自の評価システムで知られる、株式会社アイスタイルが運営する美容情報サイトは何でしょう?,アットコスメ,
q0189,輸出しようとする貨物や技術が大量破壊兵器などに用いられないよう、法令で規制されているものであるか否かを判断する手続きを漢字4文字で何というでしょう?,該非判定（がいひはんてい）,
q0190,イタリア人ジャーナリストのファブリツィオ・ロマーノによって、選手の移籍が決定的になった際に使用されて以来、サッカーファンの間で移籍成立の合言葉となっている有名なフレーズは何でしょう?,Here we go!,
q0191,多くの場合ウェブサイトや会社案内に掲載される、企業や組織の歴史的な変遷や発展の経過を時系列で示した情報を漢字2文字で何というでしょう?,沿革(えんかく),
q0192,実業家の佐々木貴史(ささき・たかし)によって開発され、タレントの出川哲朗を起用したCMで広く知られる、「着る医療機器」として話題のシャツは何でしょう?,リライブシャツ【ウェア】,
q0193,「スパイダーウェブ」と呼ばれる網目模様を特徴とし、特にイラン産の高品質なものは「ペルシアンブルー」と呼ばれる、12月の誕生石のひとつは何でしょう?,ターコイズ(トルコ石),
q0194,「田子の浦にうち出でて見れば」で始まる富士山を詠んだ和歌で知られ、柿本人麻呂と並んで「歌聖」と称される万葉歌人は誰でしょう?,山部赤人(やまべのあかひと),
q0195,気温、湿度、輻射熱の3要素を考慮して算出される、熱中症予防のための指標として広く用いられている数値は何でしょう?,WBGT (暑さ指数、湿球黒球温度),
q0196,江戸時代から続く伝統行事で、特に東京では「丸の内のドン」として親しまれていた、正午に発砲される大砲の名称は何でしょう?,午砲(ごほう),
q0197,日本茶が大好きで、茶の字が書かれた湯のみを愛用している、ゲーム『ぷよぷよ』シリーズに登場する骸骨のキャラクターは何でしょう?,スケルトン・T,
q0198,神道において神聖視され、倭姫命(やまとひめのみこと)が御裳の汚れを濯いだという伝説を持つ、三重県伊勢市を流れる川は何でしょう?,五十鈴川,
q0199,IMSI と呼ばれる固有の番号が付与され、電話番号と結びつけて通信を可能にする、スマートフォンやタブレットに挿入して使用する小型のICチップは何でしょう?,SIM カード,
q0200,薬が発売された後、実際の使用状況から得られた情報をもとに、より安全で効果的な薬へと改良していく取り組みを何というでしょう?,育薬(いくやく),x創薬
q0201,「ELS」や「Berlitz (ベルリッツ)」 などの語学教育ブランドを傘下に持つ、「進研ゼミ」で有名な日本の教育サービス企業はどこでしょう?,ベネッセ,
q0202,「空白の4分間」と呼ばれるトリックが有名である、福岡市香椎(かしい)の海岸で発見された男女の情死体を巡る捜査を描いた松本清張の推理小説は何でしょう?,『点と線』,
q0203,Z世代の流行語 「ビジュイイじゃん」の元ネタとなる曲を歌っている、何色にも染まることができるという願いを込めて名付けられた5人組ボーイズグループは何でしょう?,M!LK (ミルク),
q0204,中日ドラゴンズにおいて選手・コーチ・監督のすべてで優勝を経験し、日本球界に本格的な『投手分業制』を導入した元プロ野球選手は誰でしょう？,近藤貞雄(こんどう・さだお),
q0205,デュシット・ビーチ・リゾート、ハイアット・リージェンシー、ザ・ツバキ・タワーなどのホテルが位置する、観光産業がさかんなアメリカ領の島はどこでしょう?,グアム,
q0206,ミズーリ州の鳥・ショウジョウコウカンチョウがロゴに描かれている、ブッシュ・スタジアムをホームとする、MLBナショナルリーグ屈指の歴史を誇る球団はどこでしょう?,セントルイス・カージナルス,
q0207,『おジャ魔女どれみ』の公式オンラインショップや、同シリーズの主題歌を歌った声優ユニットの名前にもなっている、同作品に登場するお店は何でしょう?,MAHO堂(まほうどう),
q0208,アテネのパルテノン神殿に代表される、柱頭に装飾がなく簡素なデザインを特徴とする建築様式は何でしょう?,ドーリア式,
q0209,「田舎」「夏」 「ヒロインの消失」といった共通点が見られる、中高生を中心に人気を集める青春小説のカテゴリーを、表紙の色から「何文芸」というでしょう?,ブルーライト文芸,
q0210,日本の競走馬ではステイゴールド、ハーツクライ、イクイノックス、ダノンデサイルなどが制している、毎年春にアラブ首長国連邦のメイダン競馬場で行われる競馬レースは何でしょう?,ドバイシーマクラシック【△・ターフ】,
q0211,ローマ地下鉄のA線とB線が交差し、フィウミチーノ空港行きのレオナルド・エクスプレスが発着する、イタリア最大の鉄道駅はどこでしょう?,テルミニ駅,
q0212,コンゴ共和国やコンゴ民主共和国で見られる、高級ブランドのスーツを身にまとい、独特のステップで街を闊歩する「おしゃれで優雅な紳士」を何というでしょう?,サプール ,
q0213,もともとは「IMPACTors」 という名前だった、松井奏(みなと) や佐藤新 (あらた) ら7人からなる TOBE 所属のアイドルグループは何でしょう?,IMP. (アイエムピー),
q0214,1978年にエジプトとイスラエルの和平交渉が行われた地でもある、メリーランド州に位置する大統領の保養地の名称は何でしょう?,キャンプ・デービッド,
q0215,2019年に公開された、スウェーデンの映画監督アンドレス・ウェーバーグによる、上映時間が720時間に及ぶ世界最長の映画は何でしょう?,『アンビアンス』,
q0216,『洪吉童(ホンギルトン)』 や 『春香伝 (チュニャンジョン)』などの古典的な物語を題材に演じられる、韓国の文化を代表する芸能形式は何でしょう?,パンソリ,
q0217,1931年にリッケンバッカー社が発表した「フライパン」が最初の商業製品とされる、弦の振動を電気信号に変換して音を増幅する楽器は何でしょう?,エレキギター,
q0218,フランス・オート=サヴォワ県に位置するリゾート地で、来年(2026年)のG7 サミット開催地であることや、ミネラルウォーターのブランドで知られるのはどこでしょう?,エビアン(・レ・バン),
q0219,東急電鉄で運用されている有料の座席指定サービスと、テレビやラジオ番組の収録で使われる進行表に共通する名称は何でしょう?,Qシート,
q0220,インフルエンサーの本望(ほんもう) あやか、森香澄、なえなのなどが所属する芸能事務所はどこでしょう?,seju (セジュ),
q0221,グレンフィディック、マッカラン、ラフロイグなどの銘柄が知られる、ひとつの蒸留所で製造されたモルトウイスキーを何というでしょう?,シングルモルト,
q0222,晩年は松山市の「一草庵(いっそうあん)」で過ごした、自由律俳句の代表的俳人として知られ、「分け入っても分け入っても青い山」などの句を残した俳人は誰でしょう?,種田山頭火,
q0223,1848年から翌年にかけて一時的にハンガリーの首都が置かれた、ブダペストに次ぐハンガリー第二の都市は何でしょう?,デブレツェン ,
q0224,ルカ・パチョーリの著書 「スンマ」で体系化された、取引を借方と貸方の二面から記録する会計方法は何でしょう?,複式簿記,
q0225,梳毛(そもう)紡績方式で製造された糸に対して使用される、1kgあたりの長さが1kmのものを「1」とする糸の太さの表記法は何でしょう?,番手,
q0226,日本語では「棟髪(とうはつ) 刈り」とも呼ばれ、アメリカ先住民の髪型に由来するとされる、中央部分の髪を立てた特徴的なヘアスタイルは何でしょう?,モヒカン刈り,
q0227,つくばエクスプレスの工事中に大量の人骨が出土したことで話題となった、鈴ヶ森とならぶ江戸時代の著名な刑場は何でしょう?,小塚原 (こづかはら),
q0228,自動車教習所で、仮免許試験前と卒業検定前に行われる、技能教習の効果を確認するための教習のことを何というでしょう?,みきわめ,
q0229,ゴルフコースのバンカーの中でも、グリーンを取り囲むようにして設置されたもののことを特に「何バンカー」というでしょう?,ガードバンカー,
q0230,メーカーによっては「スピードライト」や「エレクトロニックフラッシュ」などと呼ばれる、カメラ撮影時に使用する閃光装置の一般的な名称は何でしょう?,ストロボ,
q0231,パソコンのキーボードの左側にあり、入力項目間の移動やテキストのインデントに使用される特殊キーは何でしょう?,Tab キー ,
q0232,投手がおらず止まったボールを打つことから始まる、野球やソフトボールの入門スポーツとして注目されている競技は何でしょう?,ティーボール,
q0233,人気ドラマ『24 -TWENTY FOUR-』で、キーファー・サザーランドが演じたCTUロサンゼルス支局の伝説的な捜査官は誰でしょう?,ジャック・バウアー,
q0234,NHKの番組『不可避研究中』のレギュラーナレーターとして活躍し、アニメ「ポケットモンスター」ではゴウのスマホロトム役を務める、日米ハーフの女性声優は誰でしょう?,マリナ・アイコルツ,
q0235,「誰かが幽霊を呼んだら、私たちが行く」というキャッチフレーズで知られる、超常現象を扱う企業の活動を描いたコメディ映画は何でしょう?,『ゴースト・バスターズ』,
q0236,1981年に「船橋ショッピングセンター」として開業し、現在は三井不動産商業マネジメントが運営する、全国に展開する大型商業施設ブランドは何でしょう?,ららぽーと,
q0237,ビワマスやヒメマスなどの本来は海と川を往来する魚が海への経路を断たれ、湖に閉じ込められる状態を表す言葉は何でしょう?,陸封 (りくふう),
q0238,三上化工材(みかみかこうざい)株式会社が国内シェアの過半数を誇る、電車やバスなどで立っている乗客がつかまるために吊り下げられているものは何でしょう?,つり革,
q0239,食品工学者としてもドーナツやペイストリー用の粉を専門としていた、《レンズマン》や《スカイラーク》 シリーズで知られ 「スペースオペラの父」と呼ばれるアメリカのSF作家は誰でしょう?,エドワード・エルマー・スミス,
q0240,近年住宅トレンドとして注目される「スペパ収納」の「スペパ」とは、何という言葉を略したものでしょう?,スペース・パフォーマンス,
q0241,天気図において、等圧線を描く際に一般的に用いられる気圧の間隔は何ヘクトパスカルでしょう?,4ヘクトパスカル,
q0242,エリック・バナ、エドワード・ノートン、マーク・ラファロらが演じた、怒りによって緑色の巨人に変身するマーベルコミックのヒーローは誰でしょう?,(インクレディブル・) ハルク,
q0243,長野県諏訪市と茅野(ちの)市にまたがる八ヶ岳中信高原国定公園に位置する高原で、三菱電機のエアコンのブランド名にもなっているのは何でしょう?,霧ヶ峰,
q0244,自身の詩を「諷諭(ふうゆ)」 「閑適(かんてき)」 「感傷」 「雑詩」の四つに分類した、「琵琶行(びわこう)」や「長恨歌」などの名作を残した唐代の詩人は誰でしょう?,白居易,
q0245,大分県の孤島 「角島(つのじま)」を舞台に、推理小説研究会のメンバーが合宿中に遭遇する連続殺人事件を描いた、綾辻行人のデビュー作は何でしょう?,『十角館の殺人』,
q0246,集団内の不満や憎悪を特定の個人や集団に向けることで解消を図る心理メカニズムを、「贖罪の山羊」を意味する英語から何というでしょう?,スケープゴート,
q0247,茎に鋭いトゲがあることから、困難や障害の比喩としても使われるバラ科の植物は何でしょう?,茨(いばら),
q0248,ベトナムの言葉で「大丈夫」といった意味がある、ベトナムの音楽番組『RAP VIET 2024』から流行したダンスは何でしょう?,ケンチャナダンス ,
q0249,特に高炉で鉄鉱石の還元に使用される、石炭の乾留工程で揮発成分を取り除き、固体炭素として残る燃料を何と言うでしょう?,コークス,
q0250,ベトナムの沖合で発見された巨大な等脚類 「バチノムス・バデリ」の由来になった、映画『スター・ウォーズ』に登場する悪役は誰でしょう?,ダース・ベイダー,
q0251,アメリカ・メーン州ポートランド沖のカスコ湾に浮かぶ、「1年の日数と同じくらいの島がある」という伝説から名付けられた諸島群は何でしょう?,カレンダー諸島,
q0252,死後に筋肉が収縮し、特異な姿勢を取ることから名付けられた、恐竜や鳥の骨格に見られる特徴的なポーズの名称は何でしょう?,デスポーズ,
q0253,組織内の名刺をデータベース化し、全社で共有可能とする、Sky株式会社が提供する名刺管理サービスは何でしょう?,SKYPCE (スカイピース),
q0254,インダス文明の遺跡である「モヘンジョダロ」 や 「ハラッパー」は、現在のどこの国にあるでしょう?,パキスタン,
q0255,2019年に魔人無骨(まじんぶこつ)から新元号の施行にあわせて改名した、2年連続でM-1グランプリの王者に輝いているお笑いコンビは何でしょう?,令和ロマン,
q0256,17 世紀にオランダのフリースラント地方で改良され、現在では世界中の酪農家に愛用されている、黒と白の斑模様が特徴的な牛の品種は何でしょう?,ホルスタイン種,
q0257,特にメインキャストに対して使われることが多い、映画やドラマの撮影で、特定の役者がその作品の全ての出番を終えたことを指す言葉は何でしょう?,オールアップ,
q0258,源高明（みなもとの・たかあきら）の『西宮記』、藤原公任（ふじわらの・きんとう）の『北山抄』、大江匡房（おおえの・まさふさ）の『江家次第（ごうけしだい）』といった書物が重要視された、古来の儀礼や作法に関する知識体系を何というでしょう?,有職故実,
q0259,「ふしづけ」「あくつけ」「泥つけ」という特徴的な染色工程を経て作られる、八丈島の伝統的な絹織物は何でしょう?,黄八丈,
q0260,泥の中から美しい花を咲かせることから、仏教においては清浄や再生の象徴とされる水生植物は何でしょう?,蓮(はす) ,
q0261,片山まさゆきの漫画『オーラ打(ぶ)ち言霊(ことだま)マンボ』の主人公のモデルにもなった、「最速最強」のキャッチフレーズを掲げる渋谷 ABEMAS 所属のプロ雀士は誰でしょう?,多井隆晴(おおい・たかはる),
q0262,1階が稽古場、2階が大部屋、3階が師匠の自宅、4階以上が分譲マンションという独特の構造を持つ、「栃」の字がつく力士が多く在籍する相撲部屋は何でしょう?,春日野部屋,
q0263,CDやDVDなどの光学ディスクで、記録したデータを他の機器でも再生可能にするために行う処理を、「完結させる」という意味の英語で何というでしょう?,ファイナライズ,
q0264,日向坂46の曲『ドレミソラシド』が機内ボーディングミュージックとして流されている九州や沖縄を拠点に就航している航空会社はどこでしょう?,ソラシドエア,
q0265,衣料品の袖や襟周りの測定、地図上の距離を測る目的で使用される、先端に小さな車輪がついた測定器具は何でしょう?,キルビメーター 【マップメジャー、曲線計】,
q0266,1986年に今村ねずみを中心に結成され、「走り出したら止まらない」を合言葉に全国各地で公演を行う、日本のパフォーマンス集団は何でしょう?,THE CONVOY (ザ・コンボイ),
q0267,1974年に「田中角栄研究」を発表し、首相退陣のきっかけを作った、幅広い分野に精通し「知の巨人」と呼ばれたジャーナリストは誰でしょう?,立花隆(たちばな・たかし),
q0268,自ら名付けた「埋木舎(うもれぎのや)」という屋敷で茶道に熱心に取り組んだ、桜田門外の変で暗殺された江戸幕府の大老は誰でしょう?,井伊直弼(いいなおすけ),
q0269,いずれも東京大学出身の「野尻」と「やまぎわ」からなる、サンミュージック所属のお笑いコンビは何でしょう?,無尽蔵 (むじんぞう),
q0270,宮崎市、都城市についで宮崎県で3番目の人口を有する北部の市で、旭化成の企業城下町として知られるのはどこでしょう?,延岡市,
q0271,ライン、リフトグランド、ソフトグランドなどのバリエーションがある、金属板にニードルで描画し、腐蝕液ででこぼこを作る版画技法は何でしょう?,エッチング,
q0272,小柴昌俊がノーベル物理学賞を、田中耕一がノーベル化学賞を受賞し、日本人のノーベル賞ダブル受賞として話題になった年は西暦何年でしょう?,2002年,
q0273,1ページに5行程度の大きな字で書かれている、浄瑠璃の太夫が舞台で使うために書かれた本を何というでしょう?,床本(ゆかほん),
q0274,チャーノッカイトと呼ばれる変成岩が露出し、インド亜大陸の地質学的な特徴を観察できる、インド亜大陸最南端に位置する岬はどこでしょう?,コモリン岬,
q0275,ちくわの穴にツナマヨサラダを詰めた「ちくわパン」発祥の店である、札幌市白石区に本店を構えるベーカリーはどこでしょう?,どんぐり,
q0276,別名「麦のワイン」とも呼ばれ、通常のビールよりも多くの麦芽を使用し、長期間熟成されることで知られるビールスタイルの名前は何でしょう?,バーレイワイン,
q0277,六角形の形状を持ち、打撃エリアを広げた、スウェーデンの卓球ブランド STIGA が開発し、2021年に発売された新しいタイプの卓球ラケットの名前は何でしょう?,サイバーシェイプ,
q0278,李太祖(リー・タイトー)によって都に定められたときは「タンロン (昇龍)」という名前だった、現在のベトナムの首都はどこでしょう?,ハノイ,
q0279,闘牛士が「ファエナ」と呼ばれる場面で巧みに操り、牛を好都合な位置に追い込むために使用する赤い布を何というでしょう?,ムレータ,
q0280,航空会社によっては「コーチクラス」や「スタンダードクラス」とも呼ばれる、旅客機の最も一般的な座席クラスは何でしょう?,エコノミークラス,
q0281,梅原大吾のプロ宣言をきっかけにプロゲーマーを志した、『ザ・キング・オブ・ファイターズ』や『ストリートファイター』を専門とする東大工学部卒のプロゲーマーは誰でしょう?,ときど,
q0282,万引きや自転車を盗むなどの軽微な犯罪のことを、他のより重大な犯罪への入り口となる可能性があることから総称して何というでしょう?,ゲートウェイ犯罪,
q0283,平安時代には宮中で盛大に祝われ、現代では七草粥を食べる習慣が残る、1月の代表的な節句は何でしょう?,人日（じんじつ）の節句,
q0284,映画『異母兄弟』で33歳にして老人役を演じるため、前歯を10本抜くという驚異的な役作りで「怪優」の異名を取った俳優は誰でしょう?,三國連太郎,
q0285,月が語る物語を貧しい画家が記録するという設定の、デンマークの作家ハンス・クリスチャン・アンデルセンによる連作短編集は何でしょう?,『絵のない絵本』,
q0286,ブリュッセルにあるものは「ブチジュリアン」という愛称で親しまれている、放尿する少年の様子を模した銅像は何でしょう?, 小便小僧,
q0287,10-FEET の活動10周年を記念して企画された、毎年7月に京都府立山城総合運動公園で開催される音楽フェスティバルは何でしょう?, 京都大作戦,
q0288,「お菓子のホームラン王」の愛称で知られる、亀屋万年堂が発売する洋菓子は何でしょう?, ナボナ,
q0289,かつてマタラム王国、マジャパヒト王国、バンテン王国といった国が栄えた島はどこでしょう?, ジャワ島,
q0290,「にっちもさっちも」や「桁違い」といった言葉の由来となった計算道具は何でしょう?, そろばん,
q0291,パネトーネ、シュトーレン、ブッシュドノエルといえば、おもにどんなイベントで食べられるお菓子でしょう?, クリスマス,
q0292,和室の押し入れや床の間の上に設けられる、天井に接して作られた収納スペースを何というでしょう?, 天袋,
q0293,時計回りに一時間ほどかけて行われる、富士山などの火口をぐるっと歩く行事は何でしょう?, 御鉢巡り,
q0294,スペインの商人がもたらした陶器をもとにして15世紀のイタリアで発達した彩色された陶器を、その商人の出身地の名前をとって何というでしょう?, マジョリカ,
q0295,β星をフェルカド、γ星をコカブ、α星をポラリスとする、北天の星座は何でしょう?, こぐま座,
q0296,鮭の頭や大豆、大根、人参などを粗くすりおろして酒粕とともに煮込んだ、栃木県の郷土料理は何でしょう?, しもつかれ,
q0297,孫の隆之、息子の克久も作曲家として知られる、淡谷のり子の『別れのブルース』 や笠置シヅ子の『東京ブギウギ』などを作曲した人物は誰でしょう?, 服部良一,
q0298,関東大震災や東京大空襲、広島・長崎の原爆投下などでも発生している、いろいろな場所で起きた火事が重なり合ってできる炎の竜巻のことを何というでしょう?, 火炎旋風,
q0299,細田守監督のアニメ映画『果てしなきスカーレット』で主役の王女・スカーレットを演じる、『Mother』 や 『マルモのおきて』の出演で知られる女優は誰でしょう?, 芦田愛菜,
q0300,11代将軍家斉 (いえなり)に仕え、「寛政の改革」を推進した老中は誰でしょう?, 松平定信,