﻿No,ジャンル,問題,解答,別解,作問者
q0401,言葉,台風や地震などの被害が非常に大きく、国の特別な財政援助の対象となる災害を、漢字4文字で「何災害」というでしょう？,激甚災害（げきじんさいがい）,,
q0402,理系,光が屈折率の大きい物質から小さい物質に向かうとき、入射角がある角度以上になりすべての光が反射する現象を何というでしょう？,全反射,,
q0403,芸能,TWICE（トゥワイス）では「ツウィ」BTS（ビーティーエス）では「ジョングク」が該当する、K-POPグループの最年少メンバーのことを指す用語は何でしょう？,マンネ,,
q0404,スポーツ,ジャイアントスラロームやダウンヒルなどが該当するスキー種目を、特に「何スキー」というでしょう？,アルペンスキー,,
q0405,芸術,角が丸い青紫色の四角形の中に「Pr」と書かれたアイコンが使われている、アドビシステムズの動画編集ソフトを何というでしょう？,Adobe Premiere Pro（アドビプレミアプロ）,Premiere Pro,
q0406,世界史,19世紀前半にアメリカがヨーロッパ諸国に対して相互に干渉しないと提唱した政策を、発表した大統領の名前から「何主義」というでしょう？,モンロー主義,,
q0407,生活,唐揚げやフライドポテトなど、コンビニで売られる温かい軽食のことを総称して何というでしょう？,ホットスナック,,
q0408,芸能,「原宿から世界へ」をコンセプトにする、代表曲に「ハピチョコ」、「わたしの一番かわいいところ」がある、7人組のアイドルグループはなんでしょう。,FRUITS ZIPPER（フルーツジッパー）,,
q0409,理系,米ぬかのビタミンB1の抽出に成功し「オリザニン」と命名した、静岡県出身の科学者は誰でしょう？,鈴木梅太郎（すずき・うめたろう）,なし,
q0410,芸術,沢登翠（さわと・みどり）や坂本頼光（さかもと・らいこう）が第一人者としてあげられる、サイレント映画のセリフや話の展開を説明する職業を何と言うでしょう？,活動弁士,活弁士,
q0411,生活,多くの経済人や政治家が出演する、元テレビ東京ディレクター・高橋弘樹（たかはし・ひろき）が開設したYouTubeチャンネルは何でしょう？,ReHacQ（リハック）,,
q0412,文学,詩人の谷川俊太郎（たにかわ・しゅんたろう）は『二十億光年の孤独』の中で「ひき合う孤独の力である」と表現した、全ての物体に働く引力を何というでしょう？,万有引力,,
q0413,生活,外国の企業や投資家が、一定以上出資している日本企業のことを、一般に「何系企業」というでしょう？,外資系企業,,
q0414,理系,「平衡状態にある可逆反応の条件を変化させると、その変化を和らげる方向に平衡が移動する」という原理を、提唱した化学者から何の原理というでしょう？,ルシャトリエの原理,,
q0415,生活,気象庁の用語で15時頃から18時頃までを指す、日が暮れかかる頃や夕日が沈む頃を表す2字熟語は何でしょう？,夕方,,
q0416,芸能,女優の「伊原六花（いはら・りっか）」がかつてキャプテンを務めていたダンス部が特に有名な、大阪の高校は何でしょう？,登美丘（とみおか）高等学校,,
q0417,生活,九州地方では『つ』、沖縄では『へーがす』と呼ばれる、傷口を保護するために血液が固まってできるものは何でしょう？,かさぶた,,
q0418,地理,西側をチリが、東側をアルゼンチンが領有する、マゼラン海峡を隔て南アメリカ大陸の南端に位置する島は何でしょう？,フエゴ島,,
q0419,公民,日本の国政選挙で「通常選挙」と呼ばれるのは、衆議院議員選挙、参議院議員選挙のどちらでしょう？,参議院議員選挙,,
q0420,漫画・アニメ・ゲーム,7つの鍵盤とターンテーブルを使ってDJ気分を味わえる、コナミの音楽ゲームは何でしょう？,『beatmania2DX（ビートマニア２ディーエックス）』,ビートマニア,
q0421,言葉,少し触れただけで大ごとになりそうな状態のことを、「触る（さわる）」という字を使った四字熟語で何というでしょう？,一触即発,,
q0422,生活,薬の服用指示で、食事のおよそ2時間後を目安に服用することを、漢字2文字で何というでしょう？,食間,,
q0423,公民,信販会社や消費者金融のように、預金業務を行わず、お金の貸付を専門に行う金融機関のことを一般に何というでしょう？,ノンバンク,貸金業者,
q0424,生活,土地の伝承や歴史的な背景から、一般人の立ち入りを許していない場所を、体の「足」という漢字を使って何というでしょう？,禁足地,,
q0425,芸能,理化学研究所の音楽情報知能チームの客員主幹研究員も務めている、90年代の音楽シーンでTKブームを起こしたミュージシャンは誰でしょう？,小室哲哉（こむろ・てつや）,,
q0426,公民,教師の期待によって学習者の成績が向上することを、教育心理学の用語で何というでしょう？,ピグマリオン効果,教師期待効果、ローゼンタール効果,
q0427,公民,著作権の中でも、作者の社会的評価や感情を守るために認められている権利を何というでしょう？,著作者人格権,,
q0428,言葉,テレビ番組『ボクらの時代』のように、3人の人物が向かい合って話をすることを、三つ足の器に例えて何というでしょう？,鼎談（ていだん）,,
q0429,日本史,1019年に女真族の軍団が対馬・壱岐・九州北部を襲撃し、太宰府の藤原隆家（ふじわらの・たかいえ）らによって撃退された事件は何でしょう？,刀伊の入寇（といのにゅうこう）,刀伊の来寇,
q0430,地理,北海道最大の面積を誇る、カーリングチームの「ロコ・ソラーレ」が拠点を置く都市はどこでしょう？,北見市（きたみ・し）,,
q0431,生活,博多の「水月（すいげつ）」が発祥の店といわれる、味付けをしていない水やお湯に、鶏肉などの具材を入れて煮込む鍋料理は何でしょう？,水炊き,,
q0432,理系,世界に生息するワニを大きく三種類に分けると、「アリゲーター科」「クロコダイル科」と何でしょう？,ガビアル科,,
q0433,世界史,第1次世界大戦終戦後に14ヶ条の平和原則を発表した、アメリカ第28代大統領は誰でしょう？,ウッドロウ・ウィルソン,,
q0434,理系,野菜のパプリカ、ピーマン、トウガラシは何科に属するでしょう？,ナス科,,
q0435,地理,トーマス号などの蒸気機関車や、全国の鉄道会社でかつて活躍した車両などが鉄道ファンに人気の、静岡県中部を走る鉄道は何でしょう？,大井川鉄道,,
q0436,公民,ビジネス用語で、最も影響が大きく最初に攻略すべき核心部分を、ボウリングの中央のピンに例えて何というでしょう？,センターピン,,
q0437,文学,放浪の旅の中で「まっすぐな道でさみしい」や「分け入っても分け入っても青い山」などの自由律俳句を詠んだ俳人は誰でしょう？,種田山頭火（たねだ・さんとうか）,,
q0438,スポーツ,大相撲本場所の、その日の最後の取組を何というでしょう？,結びの一番,,
q0439,理系,有機水銀やダイオキシンなどが、食物連鎖を通して生物の体内に外部環境よりも高濃度に蓄積される現象を何というでしょう？,生物濃縮,bioconcentration（バイオコンセントレーション）,
q0440,文学,「国破れて山河あり」という一行で始まる、唐の詩人、杜甫(とほ）の作品は何でしょう？,『春望』,,
q0441,地理,日本最南端の天然スキー場「五ヶ瀬（ごかせ）ハイランドスキー場」がある、九州の県はどこでしょう？,宮崎県,,
q0442,生活,大根、人参、サツマイモなど、地面の下にある部分を食用にする野菜を一般に何というでしょう？,根菜,根菜類,
q0443,日本史,大蔵卿時代に、西南戦争などを理由としたインフレを抑えるために、厳しい緊縮財政をした、日本の第4代・6代総理大臣は誰でしょう？,松方正義（まつかた・まさよし）,,
q0444,理系,恒星の分類や成り立ちの研究に使われる、縦軸に絶対等級、横軸に表面温度をとった図を、提唱した二人の科学者から何というでしょう？,ヘルツシュプルング・ラッセル図,HR図,
q0445,芸能,地元の愛知県でロックフェスの『YON FES（ヨンフェス）』を主催する、「フォーリミ」という略称で呼ばれるロックバンドは何でしょう？,04 Limited Sazabys（フォーリミットサザビーズ）,,
q0446,芸術,ピアノ独奏曲集の『無言歌集』や劇付随音楽の『夏の夜の夢』といった作品で知られるドイツの作曲家は誰でしょう？,フェリックス・メンデルスゾーン,,
q0447,生活,小売店や遊技場などで、問題のある客に対し店舗の判断で今後の入店を断ることを、出入り禁止の略で何というでしょう？,出禁,,
q0448,公民,ウルグアイ・ラウンド交渉の結果1995年に設立された、貿易に関連した様々な国際ルールを定める国際機関は何でしょう？,WTO,世界貿易機関,
q0449,生活,アメリカの薬剤師ケイレブ・ブラッドハムが開発した、コカ・コーラとともに人気を誇るコーラのブランドは何でしょう？,ペプシコーラ,,
q0450,理系,沖縄本島北部のやんばる地域に生息する、空を飛べないものの早く走ることができる国の天然記念物の鳥は何でしょう？,ヤンバルクイナ,,
q0451,芸術,「神は細部に宿る。」という言葉を残した、ニューヨークのシーグラムビルなどを設計したドイツの建築家は誰でしょう？,ルートヴィヒ・ミース・ファン・デル・ローエ,ミース・ファン・デル・ローエ（ファミリーネーム）,
q0452,芸能,テレビ番組などで公開されるものもある、演出家やプロデューサーが作品の出演者を選ぶための審査会を英語で何というでしょう？,オーディション,,
q0453,地理,1906年のサンフランシスコ地震の発生源となった、カリフォルニアを南北に走る巨大な横ずれ断層は何でしょう？,サンアンドレアス断層,,
q0454,日本史,月に願った「我に七難八苦を与えたまえ」という言葉も有名な、尼子（あまご）氏再興に力を注ぐも毛利家により暗殺された戦国武将は誰でしょう？,山中鹿之介（やまなか・しかのすけ）,,
q0455,生活,キャッシュレス決済の「iD（アイディー）」や「d払い」を提供する企業は何でしょう？,NTTドコモ,「ドコモ」のみ,
q0456,スポーツ,アルファベット3文字で「IMS」と略される、世界三大レースの一つ、インディ500が開催されるサーキットは何でしょう？,インディアナポリス・モーター・スピードウェイ,,
q0457,芸術,木管楽器の中で最も低い音域を持つ、長い管（くだ）を二つ折りにした形状をし、ダブルリードを振動させて音を鳴らす楽器は何でしょう？,ファゴット,バスーン,
q0458,生活,カツオやマグロなどの回遊魚を狙い、ルアーをつけた仕掛けを船で引っ張って釣り上げる漁法を何というでしょう？,トローリング,,
q0459,スポーツ,空席の目立った神宮球場を、少しでも客が多いように見せるため使われるようになった、東京ヤクルトの応援に必須の日用品は何でしょう？,かさ,応援傘,
q0460,地理,10000円の3日間用と、12050円の5日間用の2種類がある、JR全線の普通列車が乗り放題になる切符は何でしょう？,青春18きっぷ,,
q0461,世界史,「四面楚歌」という故事成語の元となった、紀元前 202年に漢の劉邦(りゅうほう)が楚(そ)の項羽(こうう)を倒した戦いは何でしょう？,垓下(がいか)の戦い,,
q0462,言葉,一方では非常に役に立つが、他方では大きな害を与える可能性があるものを、両辺に刃（やいば）がついた剣に例えて何というでしょう？,諸刃の剣,,
q0463,生活,「下着の色指定」や「授業中の水分補給禁止」など、一般社会から見て明らかに不合理な校則を、ある色を使って俗に何校則というでしょう？,ブラック校則,,
q0464,理系,数学の集合で、集合Aが集合Bに含まれている場合、AはBの「何集合」というでしょう？,部分集合,,
q0465,言葉,試合などで勝者が決まることを、相撲の判定に例えて「何が上がる」というでしょう？,軍配（が上がる）,,
q0466,地理,ニュージーランドの北島と南島のうち、首都のウェリントンが位置するのはどちらでしょう？,北島,,
q0467,公民,アメリカの政府組織で、途上国への経済援助や人道支援をする「アメリカ国際開発庁」を、アルファベット5文字で何というでしょう？,USAID（ユーエスエイド）,ユーエスエーアイディー,
q0468,世界史,紀元前586年、ネブカドネザル2世がヘブライ人を強制移住させた事件を、移住先となった場所から何というでしょう？,バビロン捕囚,,
q0469,漫画・アニメ・ゲーム,アニメ『【推しの子】』の寿（ことぶき）みなみ役や『僕の心のヤバイやつ』の山田杏奈（やまだ・あんな）役を務める、青二プロダクション所属の女性声優は誰でしょう？,羊宮妃那（ようみや・ひな）,,
q0470,理系,症状が出た場合エピペンを使用して緩和させる必要がある、昆虫の毒や食品などから発生する急性アレルギー反応は何でしょう？,アナフィラキシーショック,アナフィラキシー アナフィラキシー反応,
q0471,日本史,夫の死後は鎌倉幕府の政治にも参加し「尼将軍」と呼ばれた、2代将軍・源頼家（みなもとの・よりいえ）と3代将軍・源実朝（みなもとの・さねとも）の母は誰でしょう？,北条政子（ほうじょう・まさこ）,,
q0472,生活,心理学で、説得しようとすればするほど逆効果になる現象を、投げると手元に戻ってくる武器の名前を使って「何効果」というでしょう？,ブーメラン効果,,
q0473,生活,「クールジャッパーン」や「ナガシマスカ」といったウォーターアトラクションも人気の、山梨県にあるテーマパークは何でしょう？,富士急ハイランド,,
q0474,理系,道路の凍結防止剤に応用されている、溶液が純粋な溶媒よりも低い温度で凍る現象を何というでしょう？,凝固点降下,,
q0475,言葉,「反戦デモ」や「デモ行進」といったときの「デモ」とは何という言葉の略でしょう？,デモンストレーション,,
q0476,地理,カナルグランデという大運河が流れ、観光などに水路が重要な役割を持つことから「水の都」と呼ばれる、イタリアの都市はどこでしょう？,ヴェネツィア,,
q0477,文学,ペストが流行したフィレンツェを逃れた10人が、10日間1日1話ずつ話すという形式の、ボッカチオの短編小説集は何でしょう？,デカメロン,十日物語,
q0478,生活,宿に長期間泊まって行なうことも多い、病気や傷の回復を目的として薬湯や温泉に入ることを漢字2文字で何というでしょう？,湯治（とうじ）,,
q0479,世界史,ガンジス川とソーナ川の合流地点に位置していた、マウリヤ朝やグプタ朝の首都として栄えた都市はどこでしょう？,パータリプトラ,,
q0480,ns,戦争中に爆撃機から投下され、何らかの原因で爆発せずに地中に埋まったままの爆弾を何というでしょう？,不発弾,,
q0481,理系,細胞が細胞外から様々な物質を取り込む過程を、エキソサイトーシスに対して何というでしょう？,エンドサイトーシス,,
q0482,芸能,音楽用語で、楽曲や歌詞の一節の最後を何度も繰り返すことを、反復を意味する英語で何というでしょう？,リフレイン,,
q0483,生活,うどんやパンの生地をこねるときに、台やめん棒に撒く粉のことを何というでしょう？,打ち粉,つけ粉 まぶし粉,
q0484,公民,環境権やプライバシー権などの新しい人権の根拠となる、日本国憲法第13条で保障されている権利は何でしょう？,幸福追求権,,
q0485,日本史,著書『慎機論（しんきろん）』の中でモリソン号事件を批判したため、蛮社の獄（ばんしゃのごく）で永蟄居（えいちっきょ）となった、江戸時代の画家は誰でしょう？,渡辺崋山（わたなべ・かざん）,渡辺登（わたなべ・のぼり）渡辺定静（さだやす）,
q0486,漫画・アニメ・ゲーム,社会見学にやってきた東京タワーで、突然異世界「セフィーロ」に招喚された3人の少女の運命を描く、CLAMPの漫画は何でしょう？,『魔法騎士（マジックナイト）レイアース』,,
q0487,理系,導体中を電流が流れることによって生じる熱を、イギリスの物理学者の名から「何熱」というでしょう？,ジュール熱,,
q0488,公民,家賃や人件費など、事業を運営するにあたり継続的に発生する費用のことを、和製英語で「何コスト」というでしょう？,ランニングコスト,,
q0489,生活,小麦粉を練った生地の中にひき肉や玉ねぎを入れ、油で揚げて作られる、ロシアの惣菜パンは何でしょう？,ピロシキ,,
q0490,理系,1より大きい自然数のうち、1とその数以外で約数を持たない数のことを何というでしょう？,素数,,
q0491,理系,火災により室内の酸素が不足した状態でドアなどを開けた時、大量の酸素が流れ込み、爆発的な炎が生じる現象を何と言うでしょう？,バックドラフト,,
q0492,芸術,歌舞伎の演目で、江戸時代の庶民の生活を題材としたものを特に「何物」というでしょう？,世話物（せわもの）,,
q0493,芸能,人気バンド・ヨルシカではサポートメンバーを務める、『青のすみか』などの代表曲を持つシンガーソングライターは誰でしょう？,キタニタツヤ,,
q0494,公民,上場企業の買収などで実施される「株式公開買付け」を、英語の「Take over Bid（テイクオーバービッド）」を略して何というでしょう？,TOB,,
q0495,地理,1981年に日本初のバード・サンクチュアリに指定された、北海道にある湖は何でしょう？,ウトナイ湖,,
q0496,漫画・アニメ・ゲーム,2018年の実写ドラマ版では栗山千明（くりやま・ちあき）が演じた、アニメ『銀河鉄道999（スリーナイン）』で主人公と共に旅する謎の美女は誰でしょう？,メーテル,,
q0497,生活,コメダ珈琲店では5枚綴りと9枚綴りのものが販売されている、喫茶店のドリンク回数券を一般に何というでしょう？,コーヒーチケット,,
q0498,地理,王室批判と政府転覆以外の話題ならどのような演説をしてもよい、ロンドンのハイド・パーク北東に位置する広場は何でしょう？,スピーカーズコーナー,,
q0499,理系,パソコンが動作を受け付けず、全く反応しなくなった状態を、「凍る」という意味の英語から何というでしょう？,フリーズ,,
q0500,芸術,苦しむ音楽を表現するために作曲された、52拍の短い曲を840回繰り返すという内容のピアノ曲はなんでしょう。,ヴェクサシオン,,
q0501,スポーツ,ゴルフコースの中で、距離が251ヤードから470ヤードの間で収まるホールを、一般に「何ホール」というでしょう？,ミドルホール,,
q0502,生活,わざとサビや汚れのような塗装を施し、プラモデルなどをリアルに見せる技法は何でしょう？,ウェザリング,,
q0503,公民,会社法381条に規定されている、株主の負託を受けた独立の機関として、取締役による職務執行を監視・検証する役職を何というでしょう？,監査役,,
q0504,地理,いわゆる坂道グループの名前の元になった「日向（ひゅうが）坂」「さくら坂」「乃木坂（のぎさか）」が位置する、東京都の特別区はどこでしょう？,港区,,
q0505,芸術,5年に1度ワルシャワで開催される、ポーランド出身の作曲家の名前を冠した世界的なピアノコンクールは何でしょう？,ショパン国際ピアノコンクール,,
q0506,世界史,1954年、ベトナムでの取材中に地雷で亡くなった、スペイン内戦を捉えた写真『崩れ落ちる兵士』を撮影したカメラマンは誰でしょう？,ロバート・キャパ,,
q0507,理系,アインシュタインの特殊相対性理論で存在が否定された、光を伝える媒体として宇宙に充満すると考えられた物質は何でしょう？,エーテル,,
q0508,生活,3枚に下ろした鰹の表面を皮付きのまま炙り刺身にする、「土佐作り」ともよばれる高知県の郷土料理は何でしょう？,鰹のたたき,たたき,
q0509,生活,昼のお菓子「しらすパイ」や夜のお菓子「うなぎパイ」を製造・販売する、静岡県の製菓会社は何でしょう？,春華堂(しゅんかどう),,
q0510,日本史,大政奉還を受け、1867年12月9日に発せられた、天皇を中心とする明治政府樹立の宣言を何というでしょう？,王政復古の大号令,,
q0511,地理,中国の援助で建設されたタンザニアとザンビアを結ぶ大陸横断鉄道を、二つの国名から「何鉄道」というでしょう？,タンザン鉄道,タンザニア・ザンビア鉄道,
q0512,言葉,交渉ごとなどで、相手から証拠の言葉を引き出すことを、『言う』という漢字を使って『何を取る』と言う？,言質（げんち）を取る,,
q0513,文学,吉兆（きっちょう）、金田中（かねたなか）と並び「日本三大料亭」の一つに数えられる、文学賞の芥川賞と直木賞の選考会場となる料亭は何でしょう？,新喜楽（しんきらく）,,
q0514,漫画・アニメ・ゲーム,ギネス記録を持つ「Hypixel（ハイピクセル）」や、荒らしやハッキングが可能な「2b2t（ツービーツーティー）」といったサーバーが有名な、サンドボックスゲームは何でしょう？,マインクラフト,,
q0515,生活,風の強さや向きを見るために、高速道路や工事現場、空港などに設置される、筒状の布を何というでしょう？,ふきながし,,
q0516,日本史,関東大震災の混乱に乗じて、無政府主義者の大杉栄（おおすぎ・さかえ）らが殺害された事件を、実行した憲兵大尉の名前から「何事件」というでしょう？,甘粕事件（あまかすじけん）,,
q0517,公民,刑法に定められた刑罰の中では最も軽い、1000円以上1万円未満の金銭を国に収める刑罰のことを何というでしょう？,科料（かりょう）,とがりょう,
q0518,文学,どんな攻めも跳ね返す石垣づくりを目指す職人、飛田匡介（とびたきょうすけ）を主人公にした、今村翔吾（いまむら・しょうご）の直木賞受賞作は何でしょう？!,『塞王（さいおう）の楯（たて）』,,
q0519,生活,ベトナム料理の生春巻きの皮に使われる、米などを原料とした薄いシート状の食品は何でしょう？,ライスペーパー,バインチャン バインダー,
q0520,文学,ヒオウギという植物の種子が黒いことに由来する、「黒」や「夜」などにかかる枕詞は何でしょう？,ぬばたまの,,
q0521,生活,「キンブレ」と略される、株式会社ルイファン・ジャパンが製造販売するペンライトを何というでしょう？,KING BRADE（キングブレード）,,
q0522,芸術,日本銀行本店や東京駅の赤レンガ駅舎を設計した、明治・大正時代の建築家は誰でしょう？,辰野金吾（たつのきんご）,,
q0523,言葉,非常に待ち遠しく思うあまり、１日が千年のように長く感じられることを意味する四字熟語を、季節を表す漢字を使って何というでしょう？,一日千秋（いちじつせんしゅう）,,
q0524,日本史,江戸時代の出島にあったオランダ商館の館長のことを、「船長」という意味のポルトガル語から何というでしょう？,カピタン,,
q0525,生活,油圧シリンダーの働きで荷台を傾け、土砂などの積荷(つみに)を下ろすトラックを英語で何というでしょう？,ダンプカー,ダンプトラック,
q0526,ns,1950年代のアメリカでビートニクと呼ばれた詩人たちが広めた、音楽をバックにした詩の朗読を何というでしょう？,ポエトリーリーディング,,
q0527,言葉,「コラボグッズ」や「コラボカフェ」といった時のコラボとは、何という英単語の略でしょう？,コラボレーション,,
q0528,公民,明治時代の「済世顧問制度」を起源とする、厚労大臣の委嘱を受け、住民を援助するボランティアを「何委員」というでしょう？,民生委員,,
q0529,芸能,テレビ東京時代には『ウイニング競馬』の司会を務めた、「令和のあざと女王」と呼ばれるフリーアナウンサーは誰でしょう？,森香澄（もり・かすみ）,,
q0530,世界史,武田信玄が用いた「風林火山」の出典である、中国の春秋時代に孫武（そんぶ）によって書かれた兵法書は何でしょう？,『孫子』,孫子兵法,
q0531,生活,高機能アウター「PUFFTECH（パフテック）」や、機能性インナー「エアリズム」を展開するファストファッションブランドは何でしょう？,ユニクロ,,
q0532,生活,囲炉裏（いろり）などで、いつでも火が起こせるように残しておく少しの火を、漢字2文字で何と言うでしょう？,種火,,
q0533,理系,「貸そうかな　まああてにすんな　ひどすぎる借金」の語呂合わせで覚えることができる、金属が水溶液中で陽イオンになろうとする性質のことを何というでしょう？,イオン化傾向,,
q0534,芸能,医師が患者に対して治療内容などを十分に説明し、患者から同意を得ることを英語で何というでしょう？,インフォームドコンセント,,
q0535,生活,映画『グーニーズ』のテーマ曲『グーニーズはグッドイナフ』や、デビュー曲『The girls just wanna have fun（ザ・ガールズ・ジャスト・ワナ・ハブ・ファン）を歌ったアメリカのミュージシャンは誰でしょう？,シンディー・ローパー,,
q0536,言葉,池袋サンシャインシティとイオンモールナゴヤノリタケガーデンにある、コニカミノルタのプラネタリウム施設は何でしょう？,コニカミノルタプラネタリウム満天（まんてん）,,
q0537,芸術,自分の出身大学よりも高いレベルの大学院に進学し、最終学歴を上げる行為を、犯罪行為に例えて俗に何というでしょう？,学歴ロンダリング,,
q0538,スポーツ,「ソリックン」という歌い手と「コス」という太鼓奏者の二人一組で演じられる、朝鮮に伝わる民俗芸能は何でしょう？,パンソリ,,
q0539,漫画・アニメ・ゲーム,ダーツの矢の姿勢を安定させる、シャフトの後ろにつける羽のような部品を何というでしょう？,フライト,,
q0540,理系,女子小学生向けの雑誌『キラピチ』や、アニメ情報誌の『アニメディア』を出版する企業は何でしょう？,Gakken（がっけん）,,
q0541,生活,被験者に左右対称のインクのしみを見せ、何に見えるかで判断する心理検査を、発明した精神学者の名から「何テスト」というでしょう？,ロールシャッハテスト,,
q0542,生活,プレゼンやメールなどで、結論・理由・具体例・結論の順で構成する伝え方の技法を、アルファベット4文字で何というでしょう？,PREP（プレップ）法,,
q0543,漫画・アニメ・ゲーム,テキストメッセージを使って、通話のようなリアルタイムのやり取りができる、株式会社穴熊が提供する無料アプリは何でしょう？,Jiffcy(ジフシー）,,
q0544,理系,トランプで、ハート、ダイヤ、クラブ、スペードの4つのマークを総称して何というでしょう？,スート,,
q0545,地理,世界観を同じくする『舞台・少女ヨルハ』や『舞台・少年ヨルハ』も制作された、ヨコオタロウがディレクターのスクウェア・エニックスのゲームは何でしょう？,『Nier:Automata（ニーアオートマタ）』,,
q0546,生活,炭素14では約5730年になる、放射性物質が放射線を放出して元の量の半分になるまでの時間を何というでしょう？,半減期,,
q0547,スポーツ,2030年に国際博覧会が開催される予定の、サウジアラビアの首都はどこでしょう？,リヤド,,
q0548,生活,二十四節気のうち、漢字の雨という字が使われているのは雨水（うすい）と何でしょう？,穀雨（こくう）,,
q0549,生活,胸の前でボールを持ち、両手で押し出すように投げる、バスケットボールの基本的なパスは何でしょう？,チェストパス,,
q0550,ns,お店で提供されるフライドポテトが静岡市民のソウルフードとされる、「チェリビ」と略されるハンバーガーショップは何でしょう？,チェリービーンズ,,
q0551,公民,『経済学および課税の原理』を著し、自由貿易に関する比較生産費説を提唱したイギリスの経済学者は誰でしょう？,デヴィッド・リカード,,
q0552,文学,同時期に活躍した尾崎紅葉とともに「紅露（こうろ）時代」を築いた、代表作に『運命』や『五重塔』がある作家は誰でしょう？,幸田露伴（こうだ・ろはん）,,
q0553,世界史,第二次世界大戦後、シハヌークによる王政とポル・ポト率いるクメール・ルージュの支配があった東南アジアの国はどこでしょう？,カンボジア,,
q0554,漫画・アニメ・ゲーム,カードゲーム『UNO（ウノ）』で、好きな色を指定し、次のプレイヤーに4枚カードを引かせるカードは何でしょう？,ワイルドドローフォー,,
q0555,理系,磁束密度の単位にも名を残す、交流電気方式を発明したセルビア出身のアメリカ人科学者は誰でしょう？,ニコラ・テスラ,,
q0556,芸能,『本能』『罪と罰』『丸の内サディスティック』などの代表曲がある、日本のシンガーソングライターは誰でしょう？,椎名林檎（しいな・りんご）,,
q0557,世界史,中国・唐の三省六部（さんしょうりくぶ）制において、中書省（ちゅうしょうしょう）が作成した詔勅（しょうちょく）の審査を担った省はどこでしょう？,門下省（もんかしょう）,,
q0558,公民,経済で使われる用語で、現状、景気後退の局面にあることを英語で何と言うでしょう？,リセッション,,
q0559,日本史,大正2年に廃止されたものの、広田弘毅（ひろた・こうき）内閣で復活した、陸軍・海軍大臣は現役の軍人でなければならないという制度を何というでしょう？,軍部大臣現役武官制,,
q0560,公民,本部が位置する地名から「ラングレー」とも呼ばれる、日本語では「中央情報局」というアメリカの諜報機関は何でしょう？,CIA（シー・アイ・エー）,,
q0561,生活,コメントが動画上に流れる独自のシステムを持つ、ドワンゴが運営する動画共有サービスは何でしょう？,ニコニコ動画,ニコ動,
q0562,地理,瀬戸内しまなみ海道の四国側の起点となっている、タオル生産が盛んなことで有名な愛媛県の都市はどこでしょう？,今治（いまばり）市,,
q0563,理系,無色透明なものは「水晶」と呼ばれる、二酸化ケイ素からなる鉱物は何でしょう？,石英（せきえい）,,
q0564,理系,サンゴやアサリの化石のような、地層の堆積した時代の環境を知る手がかりとなる化石を何というでしょう？,示相化石,,
q0565,文学,万葉集に収められた額田王（ぬかたのおおきみ）と大海人皇子（おおあまのおうじ）が交わしたものが有名な、男女の恋愛感情を詠んだ歌を何というでしょう？,相聞歌（そうもんか）,相聞,
q0566,生活,干し芋、干し柿、干し椎茸のうち、水などに浸してから調理するのが一般的なのはどれでしょう？,干し椎茸,,
q0567,言葉,ある人や物事が注目されるようになることを、舞台の上から一点を照らす照明器具を用いて「何が当たる」というでしょう？,スポットライトが当たる,スポットライト,
q0568,芸術,『人生の花』や『娘深雪（むすめ・みゆき）』など格調高い美人画を多く描き、女性として初めて文化勲章を受賞した画家は誰でしょう？,上村松園（うえむら・しょうえん）,,
q0569,生活,2組のカップルが予定を合わせて同じ場所にデートに行く行為を、特に「何デート」というでしょう？,ダブルデート,,
q0570,漫画・アニメ・ゲーム,弟子にフランメ、孫弟子にフリーレンがいる、アベツカサのマンガ『葬送のフリーレン』に登場する大陸魔法協会の創始者は誰でしょう？,ゼーリエ,,
q0571,日本史,通称を「宇治関白」や「宇治殿」という、京都の宇治に「平等院鳳凰堂」を建立（こんりゅう）した、藤原氏全盛時代の人物は誰でしょう？,藤原頼通（ふじわらの・よりみち）,,
q0572,生活,HONDAの「タクト」やヤマハの「ジョグ」のように、原動機が座席の下にあり、前方に足踏台のあるオートバイを何というでしょう？,スクーター,,
q0573,文学,召使いのパスパルトゥと主人のフィリアス・フォッグの世界一周の旅を描いた、ジュール・ヴェルヌの冒険小説は何でしょう?,『八十日間世界一周』,,
q0574,言葉,ある物事に対していつまでも恨みに思って忘れないでいることを、植物の一部分を使って「何に持つ」と言うでしょう？,根に持つ,,
q0575,芸術,観阿弥の教えをもとに世阿弥が著した、日本初の演劇論とされる能の理論書は何でしょう？,『風姿花伝（ふうしかでん）』,,
q0576,言葉,"経済的に自立し早期退職を目指すライフスタイルを、「Financial Independence, Retire Early（ファイナンシャル・インディペンデンス・リタイヤ・アーリー）」の頭文字から何というでしょう？",Fire（ファイアー）,,
q0577,芸術,スズキの「メロディオン」や、ヤマハの「ピアニカ」などが有名な、ピアノの鍵盤がついた本体に息を吹き込んで演奏する楽器は何でしょう？,鍵盤ハーモニカ,Melodica　Keyboard harmonica,
q0578,生活,受信者が望んでいないにも関わらず一方的に送られる、広告や勧誘、詐欺などを目的としたメールを一般に「何メール」というでしょう？,迷惑メール,スパムメール,
q0579,理系,原子番号101番の元素に名を残す、1869年に周期表を発明したロシアの科学者は誰でしょう？,ドミトリ・メンデレーエフ,,
q0580,文学,ロシア革命に翻弄される医師・ユーリーとその恋人ララの運命を描いた、パステルナークの小説は何でしょう？,『ドクトル・ジバゴ』,,
q0581,世界史,ナツメグやクローブの産地のため「香料諸島」とも呼ばれた、大航海時代には目的地の一つとされたインドネシア東部にある諸島はなんでしょう？,マルク諸島,モルッカ諸島,
q0582,芸能,弁護士としてのキャリアを活かし、法律を取り扱ったネタを得意とする、本名を「小竹克昭」というお笑い芸人は誰でしょう？,こたけ正義感,,
q0583,生活,お気に入りという意味の「ダーリン」と、満たされたという意味の「リッチ」を組み合わせて名付けられた、齊藤早紀（さいとう・さき）のファッションブランドは何でしょう？,ダーリッチ,,
q0584,生活,海上にある静岡県道223号を通る、清水港と西伊豆の土肥港を結ぶフェリーは何でしょう？,駿河湾フェリー,,
q0585,文学,文化だけでなく人種についても研究し、「レイシズム」という言葉を広めた、主な著書に「菊と刀」がある、アメリカの学者は誰でしょう。,ルース・ベネディクト,,
q0586,芸術,代表作に『唐獅子図屏風』や『洛中洛外図屏風』がある、安土桃山時代に狩野派の基礎を築いた画家は誰でしょう？,狩野永徳（かのう・えいとく）,,
q0587,公民,15歳以上の働く意欲のある人のうち、仕事探し中にもかかわらず職につけない人の割合を漢字5文字で何というでしょう？,完全失業率,,
q0588,世界史,乾隆帝(けんりゅうてい)の勅命によって編纂(へんさん)された、経(けい)・史(し)・子(し)・集(しゅう)の四部(しぶ)に分類される、中国の古典をまとめた書物は何でしょう？,四庫全書（しこぜんしょ）,,
q0589,生活,排水口用洗剤の「パイプユニッシュ」やカビ取り剤の「カビキラー」などを販売する企業は何でしょう？,ジョンソン株式会社,,
q0590,世界史,1987年の映画『アンタッチャブル』ではロバート・デ・ニーロが演じた、禁酒法時代のアメリカで裏社会の顔役として恐れられた人物は誰でしょう？,アル・カポネ,,
q0591,漫画・アニメ・ゲーム,リア充の高校生「千歳朔（ちとせ・さく）」と仲間たちの成長と青春を描く、福井県を舞台とした裕夢（ひろむ）のライトノベルは何でしょう？,『千歳くんはラムネ瓶の中』,,
q0592,地理,日本の都道府県で、じゃがいも・玉ねぎ・人参の生産量が最も多いのはどこでしょう？,北海道,,
q0593,公民,衆議院本会議の時「ぎちょー」と叫んだあと、会議の進行を促すための動議を提出する人を何というでしょう？,議事進行係,,
q0594,文学,水泳の飛込みを題材とした『DIVE!!』や、魂の再挑戦を描いた『カラフル』などの作品を執筆した小説家は誰でしょう？,森絵都（もり・えと）,,
q0595,理系,立体図形の正12面体と正20面体に共通する、辺の数は何本でしょう？,30本,,
q0596,生活,デロンギの「マグニフィカ」やネスカフェの「バリスタ」のように、自動的にコーヒーが抽出される機械を特に何というでしょう？,コーヒーメーカー,コーヒーマシン,
q0597,生活,四葉のクローバーを持った白いウサギをロゴマークとする、全国に1000店舗以上を展開する子供用品専門店は何でしょう？,西松屋,,
q0598,公民,国民から無作為に選ばれた 11人で構成される、検察官の不当な不起訴処分を抑制するための機関は何でしょう？,検察審査会,,
q0599,言葉,「万が一の事態に備えて、元のデータを複製しておくこと」と「人の後ろ盾になって援助すること」に共通する英語は何でしょう？,バックアップ,,
q0600,生活,ふたの上に炭や薪を置いて調理ができる鉄製の厚い鍋のことを、アメリカ建国時代にオランダ人が売り歩いたことから何というでしょう？,ダッチオーブン,,
q0601,公民,エディンバラ公フィリップとエリザベス2世の間に生まれた、現在のイギリス国王は誰でしょう？,チャールズ3世,,
q0602,生活,2024年から接種が始まった5種混合ワクチンに含まれるワクチンのうち、4種混合ワクチンに含まれていないものは何でしょう？,Hib（ヒブ）感染症ワクチン,,
q0603,生活,「ザ・シャーロック」や「真夜中の晩餐会」といったアトラクションで、完全没入型の演劇体験ができる、お台場のテーマパークは何でしょう？,イマーシブフォート東京,,
q0604,言葉,天気がだんだん悪くなる様子を例えるときにも使われる、進むにつれて高さが低くなる坂を何というでしょう？,下り坂,,
q0605,公民,G7サミットなどの国際会議で、議題の設定や会議日程の調整などを担当する国のことを何というでしょう？,議長国,,
q0606,理系,モース硬度9の基準鉱物で、赤いものはルビー、青いものはサファイアと呼ばれる鉱物は何でしょう？,コランダム,,
q0607,芸能,ホロライブ所属のVtuberで、ユニット「miComet（みこめっと）」を構成する二人とは、さくらみこと誰でしょう？,星街（ほしまち）すいせい,,
q0608,ns,特定の企業などに所属しない個人事業主のことを、「自由」と「槍」という意味の英語から何というでしょう？,フリーランス,,
q0609,芸術,スペイン内乱をテーマにピカソが描いた、スペイン・バスク地方の町の名がつけられた絵画は何でしょう？,ゲルニカ,,
q0610,理系,オタマジャクシが成体よりも大きくなる、南米に生息するカエルの一種は何でしょう？,アベコベガエル,,
q0611,地理,夜間のライトアップが真珠を連ねたように見えるため「パールブリッジ」という愛称が付けられた、本州と淡路島を結ぶ橋は何でしょう？,明石海峡大橋,,
q0612,芸術,口を開けた「阿形（あぎょう）」像と、口を結んだ「吽形（うんぎょう）」像の2体を1対（つい）とする、運慶（うんけい）と快慶（かいけい）が作ったものが特に有名な仏像は何でしょう？,金剛力士像,,
q0613,芸能,田中瞳（たなか・ひとみ）、竹崎由佳（たけざき・ゆか）、豊島晋作（とよしま・しんさく）らがメインキャスターを務める、略称を『WBS』というテレビ東京の経済報道番組は何でしょう？,『ワールドビジネスサテライト』,,
q0614,理系,コイルスプリングとショックアブソーバーで構成されている、自動車の衝撃を吸収するための部品を何というでしょう？,サスペンション,,
q0615,生活,天気予報で、積雪深（せきせつしん）や降雪量を表す時に使われる単位は何でしょう？,センチメートル,,
q0616,芸能,テレビ朝日で放送されたアメリカのドラマ『X-FILE』のエンディングテーマに採用された、B'zの楽曲は何でしょう？,『LOVE PHONTOM（ラブ・ファントム）』,,
q0617,スポーツ,予選会を通過しなかった大学の記録上位者から1校1人までが選出される、箱根駅伝にオープン参加で出場する選抜チームは何でしょう？,関東学生連合,:関東学連,
q0618,日本史,1964年の東京五輪が閉幕した翌日、病気を理由に退陣を表明した、所得倍増計画を打ち出した内閣総理大臣は誰でしょう？,池田勇人（いけだ・はやと）,,
q0619,生活,コーヒー豆とサトウキビの蒸留酒が原料のメキシコ産リキュールで、ミルクで割ったカクテルによく使われるのは何でしょう？,カルーア,,
q0620,芸能,1980年代前半にテクノポップブームを牽引した、細野晴臣（ほその・はるおみ）・高橋幸広（たかはし・ゆきひろ）坂本龍一（さかもと・りゅういち）の3人で結成された音楽グループは何でしょう？,イエローマジックオーケストラ,YMO,
q0621,公民,エドワード・ベルガー監督の映画の題材になった、次のローマ教皇を選出するための会議を何というでしょう？,コンクラーベ,教皇選挙,
q0622,理系,イングリッシュ、レース、ラバンディンなどの品種がある、紫色の花と心地よい香りが特徴のシソ科のハーブは何でしょう？,ラベンダー,,
q0623,文学,「モルグ街の殺人」で初登場した、世界初の名探偵とも呼ばれる、エドガー・アラン・ポーが生み出した架空の人物はなんでしょう。,C・オーギュスト・デュパン,,
q0624,理系,大気中の二酸化炭素が海藻などの海洋生態系に吸収され、海底に蓄積される炭素を、ある色を用いて何というでしょう？,ブルーカーボン,,
q0625,芸術,「あんまりいそいでこっつんこ」という歌い出しの、関根栄一（せきね・えいいち）作詞、團伊玖磨（だん・いくま）作曲の童謡は何でしょう？,『おつかいありさん』,,
q0626,生活,バニラアイスなどにエスプレッソをかけて食べるデザートを、「溺れた」という意味のイタリア語で何というでしょう？,アフォガード,,
q0627,芸能,「Illion（イリオン）」名義で『GASSHO（がっしょう）』などの楽曲をリリースした、「RADWINPS（ラッドウィンプス）」のボーカルは誰でしょう？,野田洋次郎（のだ・ようじろう）,,
q0628,漫画・アニメ・ゲーム,預かり所属と正所属の中間に位置する、多くの声優事務所で所属する際に設けられているランクの1つは何でしょう？,準所属,,
q0629,世界史,アリウス派を異端とし、アタナシウス派を正統とすることが認められた、325年にコンスタンティヌス1世が開いた公会議は何でしょう？,ニケーア公会議,,
q0630,理系,性染色体の関係上、オスが生まれる確率はおよそ3万分の1ほどである、黒・白・茶の3色の毛色をもつ猫を何というでしょう？,三毛猫,,
q0631,地理,割り箸や紙の原料などとして利用される、森林の生育のために間引いた木から作られる木材のことを「何材」というでしょう？,間伐材,,
q0632,日本史,欽明（きんめい）天皇の娘で、崇峻（すしゅん）天皇の死後即位した、日本初の女性天皇は誰でしょう？,推古（すいこ）天皇,,
q0633,公民,自国の資源は自国で管理・開発すべきであるという、先進国からの支配脱却を目指す政治思想は何でしょう？,資源ナショナリズム,,
q0634,理系,リンの同素体である「赤（せき）リン」と「黄（おう）リン」のうち、より高い温度で発火する物質はどちらでしょう？,赤リン,,
q0635,芸能,第36回向田邦子賞を受賞した『架空OL日記』や、第32回橋田賞を受賞した『ブラッシュアップライフ』で脚本を担当したピン芸人は誰でしょう？,バカリズム,,
q0636,公民,アスンシオン条約とオウロ・プレット議定書により設立された、加盟国間の関税撤廃を目的とした南米の経済同盟は何でしょう？,メルコスール,南米南部共同市場,
q0637,生活,生理食塩水で鼻の中を洗い、鼻腔（びくう）内を清潔にするケアを、口や喉のケアに例えて何というでしょう？,鼻うがい,,
q0638,芸術,歌舞伎『楼門五三桐(さんもんごさんのきり)』の主人公で、南禅寺の山門で「絶景かな、絶景かな」と叫ぶ、実在した大泥棒は誰でしょう？,石川五右衛門（いしかわ・ごえもん）,,
q0639,生活,「りんご」「ゴリラ」「ラッパ」のように、前の人が言った言葉の最後の文字を使い新しい言葉をつなげる言葉遊びは何でしょう？,しりとり,,
q0640,日本史,地方都市を高速道路と新幹線で結び、日本全体を工業化することを目指す、田中角栄（たなか・かくえい）が提唱した政策を何というでしょう？,日本列島改造論,,
q0641,文学,著書『ユートピア』で第一次囲い込みを「羊が人間を食い殺す」と批判した、イギリスの人文主義者は誰でしょう？,トマス・モア,,
q0642,公民,住宅などの建築物の需要を軸に、およそ20年周期で循環する景気の波を、提唱したアメリカの経済学者の名からなんというでしょう。,クズネッツの波,,
q0643,芸術,円陣を組んだ男性の合唱に合わせ、『ラーヤーマナ』をもとにした踊りが行われる、インドネシアの民俗芸能は何でしょう？,ケチャ,ケチャックダンス、ケチャダンス,
q0644,言葉,英語では「Pharmacist（ファーマシスト）」や「Druggist（ドラッジスト）」と言う、薬を調剤する職業を日本語で何と言うでしょう？,薬剤師,,
q0645,生活,猫の「まねっきー」をマスコットキャラクターとする、日本で最も店舗数が多いカラオケチェーン店は何でしょう？,カラオケ・まねきねこ,まねきねこ,
q0646,芸能,バンド「礼賛（らいさん）」ではCLR（クレア）名義でボーカルを務める、お笑いコンビ「ラランド」のメンバーは誰でしょう？,サーヤ,,
q0647,公民,プロテスタント教会には修道制度がないため存在しない、カトリック教会で誓願（せいがん）を立てて信仰生活を送る女性を何というでしょう？,修道女（しゅうどうじょ）,シスター,
q0648,芸能,映画『スター・ウォーズ』シリーズでキャリー・フィッシャーが演じた、反乱同盟軍のリーダーであるプリンセスの名前は何でしょう？,レイア姫,レイア・オーガナ　レイアのみ,
q0649,世界史,かつての朝鮮王朝で、政府の高い地位を独占した特権階級のことを総称して何というでしょう？,両班（ヤンバン）,リャンバン,
q0650,生活,女性ファッション誌の『Precious(プレシャス）』や『CanCam（キャンキャン）』を発行する出版社は何でしょう？,小学館,,
q0651,公民,特定の人種や民族などへの偏見を動機とする犯罪のことを、「憎しみ」を意味する英単語を使って「何クライム」というでしょう？,ヘイトクライム,,
q0652,理系,浜名湖や宍道湖などのように、海水と淡水が入り混じった湖のことを何というでしょう？,汽水湖,,
q0653,漫画・アニメ・ゲーム,FPSゲームの『VARORANT（ヴァロラント）』で、1チームを構成するプレイヤーの人数は何人でしょう？,5人,,
q0654,芸能,「まいたけダンス」や「しめじダンス」などで人気の、ホロライブ所属のVtuberは誰でしょう？,儒烏風亭らでん（じゅうふうてい・らでん）,,
q0655,言葉,ユウェナリスが『諷刺詩』で用いた、市民に食料と娯楽を与えておけば国家の支配はたやすいということを皮肉った表現を何と言うでしょう？,パンとサーカス,,
q0656,世界史,中国、元の末期に起こった白蓮（びゃくれん）教団を中心とする農民反乱を、頭に巻いた布の色から何の乱というでしょう？,紅巾（こうきん）の乱,,
q0657,理系,高校物理では9.8メートル毎秒毎秒の値を用いることが多い、自由落下する物体の加速度とされる値は何でしょう。,重力加速度,,
q0658,生活,対局中は裏返した碁笥(ごけ)の蓋に入れておく、囲碁で相手から取った石を何というでしょう？,アゲハマ,ハマ,
q0659,公民,個人が職業上のスキルを活かして行う無報酬の社会貢献活動を、「公共善のために」という意味のラテン語から何というでしょう？,プロボノ,pro bono publico（プロボノパブリコ）,
q0660,理系,「密閉された液体に圧力を加えると、全ての部分に等しく圧力が伝わる」という原理を、提唱したフランスの科学者から何というでしょう？,パスカルの原理,,
q0661,日本史,晩年にはオランダ語研究と翻訳作業を回想した手記『蘭学事始（らんがくことはじめ）』を著した、江戸時代の医学者は誰でしょう？,杉田玄白（すぎた・げんぱく）,,
q0662,生活,人気ゲームの「グランド・セフト・オートV」を舞台に、登場人物になりきった配信者たちが、ゲーム内の日常生活を実況するコンテンツを何というでしょう？,ストリートグラフィティロールプレイ,ストグラ,
q0663,地理,クリスマスの翌日に贈り物を教会に持参する風習から生まれた、イギリスなどで制定されている記念日は何でしょう？,ボクシングデー,,
q0664,芸能,アニメ『悪役令嬢転生おじさん』のエンディングテーマである、松平健（まつだいら・けん）のヒット曲は何でしょう？,『マツケンサンバ２』,,
q0665,文学,大塚英志（おおつか・えいじ）と笙野頼子（しょうの・よりこ）との間で起こった「純文学論争」を起源とする、毎年全国9会場で開催される即売会イベントは何でしょう？,文学フリマ,,
q0666,言葉,目標達成のため危険を承知で挑むことを、危険を意味する英語を使って「何を取る」というでしょう？,リスクを取る,,
q0667,芸術,朝日を受けて山肌が赤く染まった富士山を描いた、葛飾北斎の『富岳三十六景』の作品の一つは何でしょう？,『凱風快晴（がいふうかいせい）』,赤富士,
q0668,世界史,1989年6月4日に北京で起こった、学生や市民による民主化を求める大規模な運動が、武力で鎮圧された事件を何というでしょう？,天安門事件,第二次天安門事件・六四天安門事件,
q0669,理系,イスラム医学の最高権威書『医学典範（いがくてんぱん）』を著した、イランの医学者は誰でしょう？,イブン・シーナー,アヴィケンナ・アヴィセンナ,
q0670,芸能,淡水に住むエイの一種からバンド名ををつけた、雫（しずく）がギターボーカルを務める、福岡県を拠点とするバンドは何でしょう？,ポルカドットスティングレイ,,
q0671,地理,バルト3国のなかで人口が最も多い、首都をヴィリニュスに置く国はどこでしょう？,リトアニア共和国,,
q0672,文学,「中田栄一（なかた・えいいち）」や「山白朝子（やましろ・あさこ）」という別名義での執筆活動を行っている、『ZOO（ずー）』や『GOTH（ゴス）』といった小説を書いた作家は誰でしょう？,乙一（おついち）,,
q0673,芸術,代表作に『ぶらんこ』や『読書する女』がある、ロココ美術を代表するフランスの画家は誰でしょう？,ジャン・オノレ・フラゴナール,,
q0674,スポーツ,静岡県側にある3つの富士登山ルートとは「富士宮ルート」「御殿場ルート」と何でしょう？,須走ルート,,
q0675,言葉,何か怪しいものに出会いそうな、夕暮れの薄暗い時間帯のことを、「逢う」という漢字を用いて何というでしょう？,逢魔が時（おうまがとき）,,
q0676,漫画・アニメ・ゲーム,シャーロック・ホームズや留学中の夏目漱石なども登場する、19世紀のロンドンを舞台とした『逆転裁判』シリーズのスピンオフ作品は何でしょう？,『大逆転裁判』,,
q0677,生活,牛丼チェーン店「すき家」のメニューで、ご飯の代わりに豆腐を使用し、ゆずポン酢をかけた牛丼を何というでしょう？,牛丼ライト,,
q0678,ns,演劇やスポーツ観戦などで、観客が演技やプレーなどに感動したことを表すために、立ち上がって拍手喝采することを何というでしょう？,スタンディングオベーション,,
q0679,文学,無実の罪を着せられた青年エドモン・ダンテスの復讐を描いた、アレクサンドル・デュマの小説は何でしょう？,『モンテクリスト伯』,巌窟王,
q0680,漫画・アニメ・ゲーム,ブロック崩しゲームの『アルカノイド』やシューティングゲームの『スペースインベーダー』などを販売したゲームメーカーは何でしょう？,タイトー,,
q0681,日本史,別名を「無二念（むにねん）打払令」という、日本の沿岸に近づく清とオランダ以外の外国船を撃退することを命じた法令を何というでしょう？,異国船打払令,,
q0682,生活,自分では見えにくい左右の顔や頭の後ろをチェックできる、正面と左右に鏡を取りつけた鏡台（きょうだい）を何というでしょう？,三面鏡,,
q0683,生活,自家用車の場合は黄色いナンバープレートを装着することが義務付けられている、日本の自動車区分は何でしょう？,軽自動車,,
q0684,文学,夫の三浦朱門（みうら・しゅもん）や遠藤周作（えんどう・しゅうさく）らとともに「第3の新人」と呼ばれた、代表作に『神の汚れた手』や『太郎物語』がある作家は誰でしょう？,曽根綾子（そね・あやこ）,,
q0685,言葉,航空機などが衝突や接触には至らなかったものの、異常接近した危険な状態を指す和製英語は何でしょう？,ニアミス,,
q0686,理系,電磁気学や電気工学では小文字の「j」、数学では小文字の「i」を使って表される、2乗するとマイナス1になる数を「何単位」というでしょう？,虚数単位,虚数,
q0687,公民,著書に『饗宴（きょうえん）』『国家』『ソクラテスの弁明』がある、ソクラテスの弟子である古代ギリシアの哲学者は誰でしょう？,プラトン,,
q0688,芸術,文部省唱歌『ふるさと』の歌詞の1番に登場する二つの動物とは、「兎」と何でしょう？,小鮒（こぶな）,鮒,
q0689,言葉,統計学では母集団の要素が平等に選ばれていないこと、心理学では偏った見方を意味する英単語は何でしょう？,バイアス,,
q0690,日本史,鎮護（ちんご）国家を願い国分寺や国分尼寺（こくぶんにじ）を建立（こんりゅう）することを命じた、奈良時代の天皇は誰でしょう？,聖武天皇（しょうむてんのう）,,
q0691,生活,様々な花から採取したハチミツを、単一の花から採取した「単花蜜（たんかみつ）」に対して何というでしょう？,百花蜜（ひゃっかみつ）,,
q0692,生活,鶏肉、豚肉、牛肉のうち、揚げ物料理の「トンカツ」に使われる肉はどれでしょう？,豚肉,,
q0693,理系,統計学で、各階級の度数を全体の度数で割った値を漢字4文字で何というでしょう？,相対度数,,
q0694,世界史,スタンダードオイル社を設立し「石油王」と呼ばれた、ニューヨークにある高層ビルに名前が冠されている実業家は誰でしょう？,ジョン・ロックフェラー,,
q0695,漫画・アニメ・ゲーム,「ゼロ」「2（ツー）「7（セブン）」「プラス」「F（フロンティア）」「Δ（デルタ）」といったシリーズ作品があるロボットアニメは何でしょう？,『マクロスシリーズ』,,
q0696,生活,結婚披露宴で、新郎新婦がゲストテーブルを回り、幸せを分かち合うようにろうそくに火を灯していく演出を何というでしょう？,キャンドルサービス,,
q0697,公民,現在、日本で市区町村長や衆議院議員の被選挙権が与えられる年齢は、満何歳以上でしょう？,満25歳,,
q0698,公民,権威への従属を求める未熟な現代人の心理を、著書『自由からの逃走』で説いた、ドイツの社会心理学者は誰でしょう？,エーリッヒ・フロム,,
q0699,芸術,陶芸家の河井寛次郎（かわい・かんじろう）や日本画家の横山大観（よこやま・たいかん）などの作品が約1500点収蔵されている、島根県にある美術館は何でしょう？,足立（あだち）美術館,,
q0700,ns,これまでに、日本の5000円札に肖像が使われた4人の人物とは、津田梅子（つだうめこ）、樋口一葉（ひぐち・いちよう）、新渡戸稲造（にとべ・いなぞう）と誰でしょう？,聖徳太子（しょうとくたいし）,厩戸の皇子,
q0701,理系,有機物が不完全燃焼すると発生する、化学式CO（シーオー）で表される気体は何でしょう？,一酸化炭素,,
q0702,漫画・アニメ・ゲーム,カジノゲームのポーカーで、持っているチップをすべて賭けることを何というでしょう？,オールイン,,
q0703,生活,家の敷地面積に対する延べ床面積の割合のことを何というでしょう？,容積率,,
q0704,地理,ナイル川を挟んでカイロの対岸に位置する、世界遺産の「三大ピラミッド」が残るエジプト第三の都市はどこでしょう？,ギザ,ギゼー　ギーザ,
q0705,芸能,曲中でたびたび発される「めッ！」という掛け声が印象的な、1983年に発表されたラッツ&スターの代表曲は何でしょう？,『め組のひと』,,
q0706,芸術,ターナーの『雨、蒸気、スピード』や、スーラの『アニエールの水浴』などが所蔵されている、イギリスの国立美術館は何でしょう？,ナショナルギャラリー,,
q0707,世界史,著書『ソルフェリーノの思い出』で、戦場の負傷者と病人は差別なく救けるべきと訴えた、赤十字社を設立したスイス人実業家は誰でしょう？,アンリ・デュナン,,
q0708,言葉,鳥のカナリア、シジュウカラ、ヒバリを漢字であらわした時、共通して登場する鳥は何でしょう？,雀,,
q0709,生活,牡蠣（かき）やちくわなどが具材によく用いられる、海苔を混ぜた衣で食材を揚げた料理は何でしょう？,磯辺揚げ（いそべあげ）,,
q0710,地理,1897年にマティアス・ツールブリッゲンが初登頂に成功した、アンデス山脈に属する南米大陸の最高峰は何でしょう？,アコンカグア,,
q0711,生活,「唯一無二！ジェンダーフリーのストリートファッションマガジン」を標榜する、宝島社が発行するファッション誌は何でしょう？,mini(ミニ）,,
q0712,文学,中国の小説『水滸伝（すいこでん）』に着想を得て執筆された、8人の剣士が呪いと戦う冒険活劇である、滝沢馬琴の読本（よみほん）は何でしょう？,『南総里見八犬伝（なんそうさとみはっけんでん）』,,
q0713,理系,スイフト・タットル彗星を母天体とし、毎年8月中旬ごろ極大期を迎える、三大流星群の一つは何でしょう？,ペルセウス座流星群,,
q0714,生活,「カクテルの王様」と称されるマティーニと、「カクテルの女王」と称されるマンハッタンに共通して使用されるリキュールはなんでしょう。,ベルモット,,
q0715,日本史,織田軍に敗北した結果、武田勝頼（たけだ・かつより）が自害し武田家滅亡となった、1582年に現在の山梨県甲州市で起こった戦いは何でしょう？,天目山の戦い,甲州征伐,
q0716,生活,冷たくなめらかでクリーミーな口当たりが特徴の、ジャガイモとポロネギを使ったフランス発祥のスープを何というでしょう？,ヴィシソワーズ,,
q0717,文学,本来は豊穣（ほうじょう）・多産の女神だった、英語の「fortune（フォーチュン）」の語源とされる、古代ローマの運命の女神は何でしょう？,フォルトゥナ,,
q0718,芸能,ニーノ・ロータ作曲の『愛のテーマ』が作品を彩る、フランシス・フォード・コッポラ監督のマフィア映画は何でしょう？,『The God farher （ゴッドファーザー）』,,
q0719,世界史,ローマとの3回にわたるポエニ戦争に敗れた結果消滅した、地中海貿易で栄えたフェニキア人の植民都市は何でしょう？,カルタゴ,,
q0720,地理,OPEC（オペック）加盟国に加えて、ブラジルやロシアなど非加盟国の11カ国が参加している、2016年に発足した主要産油国の組織を何というでしょう？,OPEC（オペック）プラス,,
q0721,文学,主人公のシンクレールが、ある神秘的な少年を通して自己を発見する過程を描く、ヘルマン・ヘッセの小説は何でしょう？,『デミアン』,,
q0722,生活,ライブハウスなどで、誰でも演奏できるようステージを開放するイベントを、「マイクを開放する」という意味の言葉で何というでしょう？,オープンマイク,,
q0723,世界史,『ホモ・デウス』や『サピエンス全史』の著者である、イスラエルの歴史学者は誰でしょう？,ユヴァル・ノア・ハラリ,「ノア・ハラリ」「ハラリ」,
q0724,言葉,マスコミなどのメディアがニュースを発信する前に、その情報が正しいか確認することを「何を取る」というでしょう？,裏をとる,裏どり,
q0725,生活,自殺の危険を示すサインに気づき、適切な対応を図れる人を、「門番」という意味の英語で何というでしょう？,ゲートキーパー,,
q0726,漫画・アニメ・ゲーム,TM NETWORK（ティーエムネットワーク）の楽曲「Still love her（スティルラブハー）」や「Get Wild（ゲット・ワイルド）」がエンディングテーマとして使われたアニメシリーズは何でしょう？,『シティーハンター』,,
q0727,生活,肺炎に侵された画家の主人公が生きる希望を取り戻すまでを描いた、O・ヘンリーの短編小説は何でしょう？,『最後の一葉（いちよう・ひとは）』,,
q0728,地理,フィジー、バヌアツ、ソロモン諸島などの島国が位置する南太平洋の西側の区域を総称して何というでしょう？,メラネシア,,
q0729,生活,回収したアルミ缶からアルミ缶を作るように、品質を下げずに同じ製品にリサイクルすることを何リサイクルというでしょう？,水平リサイクル,,
q0730,芸術,落語で、世間話や本題に関わる小話など、本題に入る前に話される短い話のことを何というでしょう？,まくら,,
q0731,芸術,ドーリア式建築や、法隆寺などの古代建築の柱に見られるゆるやかな膨らみを、ギリシア語で何というでしょう？,エンタシス,,
q0732,日本史,徳川家の存続をかけ、勝海舟の使者として西郷隆盛との会談を行った、幕末の三舟（さんしゅう）の一人は誰でしょう？,山岡鉄舟（やまおか・てっしゅう）,山岡鉄太郎,
q0733,生活,「Explore to Realize（エクスプロールトゥリアライズ）」をコーポレートスローガンとする、宇宙航空分野の研究・開発をする、日本の独立行政法人は何でしょう？,JAXA（ジャクサ）,宇宙航空研究開発機構,
q0734,スポーツ,アユタヤ時代の戦士が試合前に行った祈りが起源であるとされる、ムエタイ選手が試合前に行う儀式を何というでしょう？,ワイクルー,,
q0735,言葉,新しい時代や文化などが始まろうとする時期を、明るいという漢字を含む3文字の言葉で何というでしょう？,黎明期（れいめいき）,なし,
q0736,公民,漢字2文字で「税調」と略される、国と地方の税制改正を議論する、日本政府や政党の組織は何でしょう？,税制調査会,,
q0737,漫画・アニメ・ゲーム,キャラクター原案を種村有菜（たねむら・ありな）が担当する、7人組男性アイドルをトップにすることをめざす、バンダイナムコのゲームは何でしょう？,『アイドリッシュセブン』,,
q0738,日本史,鹿の肩甲骨を焼き、その割れ目の模様によって吉凶を占った、古代の日本で行われた占いの一種は何でしょう？,太占（ふとまに）,鹿卜(ろくぼく),
q0739,世界史,ファシスト党を率い「ローマ進軍」を成功させ、後に首相となった、第2次世界大戦期のイタリアの政治家は誰でしょう？,ベニート・アミルカレ・アンドレア・ムッソリーニ,ムッソリーニ,
q0740,理系,イギリス・ケンブリッジ大学の研究機関に名前を残す、水素を発見したイギリス人化学者は誰でしょう？,ヘンリー・キャベンディッシュ,,
q0741,文学,「私はその人を常に先生と呼んでいた」という書き出しの、夏目漱石の小説は何でしょう？,こころ,,
q0742,芸術,鼻や眉毛など顔の細部を描く際に用いられる、穂先が細く長い筆を何というでしょう？,面相筆,,
q0743,芸能,主に上方落語で使われる、落語家の前に置かれる小さな机を何というでしょう？,見台（けんだい）,,
q0744,スポーツ,最高時速が130キロ前後に達することから「氷上のF1」と称される、ハンドル付きのソリを使って行う冬のスポーツは何でしょう？,ボブスレー,,
q0745,生活,日本では埼玉県こども動物自然公園のみで見学できる、顔が笑っているように見えるため「世界一幸せな動物」と呼ばれる動物は何でしょう？,クオッカ,クオッカワラビー,
q0746,生活,圧縮形成した綿に塗装を施し、本物の真珠と比べると非常に軽いことが特徴のアクセサリーパーツは何でしょう？,コットンパール,,
q0747,漫画・アニメ・ゲーム,アニメーション制作のスタッフのうち、レイアウトや背景原図を元に、着彩や特殊効果などを担当する人を何というでしょう？,背景美術,美術監督　美術　背景,
q0748,芸能,TBSの番組『SASUKE』で、自らぶら下がったバーを体重移動させて前に進む、第3ステージの最終エリアは何でしょう？,パイプスライダー,,
q0749,スポーツ,ゴルフ場で、受付やロッカー、レストランなど、ゴルファーが利用できる設備が整っている建物を何というでしょう？,クラブハウス,,
q0750,日本史,秘書の松尾伝蔵（でんぞう）が身代わりとなり難を逃れた、二・二六事件当時の総理大臣は誰でしょう？,岡田啓介（おかだ・けいすけ）,,
q0751,漫画・アニメ・ゲーム,好物である「鱧（ハモ）」からペンネームをつけた、アニメ化された『チ。-地球の運動について-』などの代表作がある漫画家は誰でしょう？,魚豊（うおと）,,
q0752,芸術,ニーチェ哲学の影響を受け「形而上絵画」を提唱した、『街の神秘と憂鬱』などの作品があるイタリアの画家は誰でしょう？,ジョルジュ・デ・キリコ,,
q0753,生活,利用者が支払うATMの手数料が主な収益源となっている、支店名には花の名前が用いられている銀行は何でしょう？,セブン銀行,,
q0754,理系,薬の中でも「鎮咳剤（ちんがいざい）」とは、どのような症状を抑えるための薬でしょう？,咳（せき）,咳止め,
q0755,公民,マックス・ウェーバーが提唱した3つの支配概念とは、伝統的支配、合法的支配と何でしょう？,カリスマ的支配,,
q0756,理系,BTB溶液を黄色に、リトマス試験紙を赤に変える水溶液は、酸性、アルカリ性のどちらでしょう？,酸性,,
q0757,漫画・アニメ・ゲーム,極東の島国・日ノ本（ひのもと）を舞台に、不死の怪物「カバネ」と人間の戦いを描いた、WITSTUDIO（ウィットスタジオ）制作のアニメは何でしょう？,『甲鉄城（こうてつじょう）のカバネリ』,,
q0758,日本史,明治政府が中央集権化を図るため、全国の藩を廃止し、地方の統治を府と県に統一した政治改革を何というでしょう？,廃藩置県,,
q0759,生活,本社を長野県軽井沢町に置き、温泉旅館の『界（かい）』やホテルの『リゾナーレ』を展開するリゾート運営会社は何でしょう？,星野リゾート,,
q0760,言葉,特定の分野で豊富な経験を持ち、その道に通じている人のことを、「退役軍人」を意味する英語で何というでしょう？,ベテラン,,
q0761,文学,知能が向上する手術を受けた主人公の経過報告という形式で物語が綴られる、ダニエル・キイスの小説は何でしょう？,『アルジャーノンに花束を』,,
q0762,生活,外務省が海外安全ホームページで提供する危険情報で、最も危険度が高い退避勧告が出される危険レベルはいくつでしょう？,レベル４,,
q0763,日本史,自由民主党の初代幹事長や第56代内閣総理大臣を務めた、元総理大臣・安倍晋三（あべ・しんぞう）の祖父にあたる人物は誰でしょう？,岸信介（きし・のぶすけ）,,
q0764,公民,刑事事件の被疑者などが捜査に協力する替わりに、刑事処分について有利な取り扱いを受ける制度を何というでしょう？,司法取引,,
q0765,世界史,冷戦の終結により1991年7月に消滅した、西側のNATO（ナトー）に対抗して設立された、東ヨーロッパの軍事同盟はなんでしょう？,ワルシャワ条約機構,,
q0766,漫画・アニメ・ゲーム,「来週もお楽しみに！」「また来週！」などの言葉が添えられることが多い、テレビアニメの終了時に差し込まれるイラストは何でしょう？,エンドカード,,
q0767,芸術,ペリクレスの命によりフェイディアスが総監督となって再建した、アテネの中心部・アクロポリスの丘にある神殿は何でしょう？,パルテノン神殿,,
q0768,地理,アメリカ・ニューヨークにある自由の女神像がたいまつを掲げているのは、右手・左手のどちらでしょう？,右手,,
q0769,生活,銀座の「千疋屋（せんびきや）」が発祥とされる、刻んだ数種類の果物を、果汁を混ぜたアルコール飲料に入れた飲み物をなんというでしょう？,フルーツポンチ,フルーツパンチ,
q0770,文学,かつて甲子園を目指していた中年男性たちが、マスターズ甲子園を目指す模様を描いた、重松清（しげまつ・きよし）の小説は何でしょう？,『アゲイン』,,
q0771,生活,バンダイスピリッツが展開する、「時間を忘れて楽しむ30分」をテーマとした、4つのプラモデルブランドの総称を何というでしょう？,30 MINUTES LABEL（サーティーミニッツレーベル）,,
q0772,芸能,声優の前田佳織里（まえだ・かおり）や音楽ユニットのPerfume（パフューム）が所属する芸能事務所は何でしょう？,アミューズ,,
q0773,芸能,「LUNA SEA（ルナシー）」や「X -JAPAN」のように、派手なメイクやファッションで演奏するロックバンドを一般に「何系バンド」というでしょう？,ヴィジュアル系バンド,ヴィジュアル系,
q0774,文学,吹雪の山荘や絶海の孤島など、外部との接触が絶たれた状況を舞台とするミステリー作品のことを英語で何というでしょう？,クローズド・サークル,,
q0775,理系,火山の噴火で空中に噴出されたマグマが、飛行中に特定の形になったものを何というでしょう？,火山弾,,
q0776,生活,新幹線車内限定コンテンツや関連地域とのコラボイベントがある、JR東海の「推し」に関連したキャンペーンは何でしょう？,推し旅,,
q0777,生活,ひよこ、象、キリン、ライオンが描かれたコマを使う、元将棋棋士の北尾まどかが考案したゲームは何でしょう？,どうぶつしょうぎ,,
q0778,生活,日本で「三大メガバンク」に数えられる銀行は、三菱UFJ銀行、三井住友銀行と何でしょう？,みずほ銀行,,
q0779,日本史,承久（じょうきゅう）の乱のあと、鎌倉幕府が朝廷を監視するために京都に設置した出先機関は何でしょう？,六波羅探題（ろくはらたんだい）,,
q0780,芸能,『midnight love（ミッドナイトラブ）』や『一旦ステイTONIGHT（トゥナイト）』などのオリジナル楽曲も人気の、にじさんじ所属のVtuberは誰でしょう？,不破湊（ふわ・みなと）,,
q0781,理系,大豆に多く含まれる、女性ホルモンのエストロゲンと似た働きを持つポリフェノールは何でしょう？,イソフラボン,,
q0782,生活,「きっと勝つとぉ」という九州弁から受験生の験担ぎアイテムとなった、ネスレが製造するチョコレート菓子は何でしょう？,キットカット,,
q0783,漫画・アニメ・ゲーム,静岡県清水市を舞台に、小学校3年生のまる子の日常を描いた、さくらももこの漫画は何でしょう？,『ちびまる子ちゃん』,,
q0784,理系,水を電気分解した時、陰極に発生する気体は何でしょう？,水素,,
q0785,生活,いわゆる「世界三大珍味』と呼ばれる3つの食材とは、トリュフ、フォアグラと何でしょう？,キャビア,,
q0786,生活,座った人の太ももに自分の頭を乗せて寝ることを、太ももではない体の部位を用いて何というでしょう？,膝枕,,
q0787,文学,冒頭の「春はあけぼの」の文が特に有名な、清少納言の随筆は何でしょう？,『枕草子』（まくらのそうし）,,
q0788,芸能,テレビやラジオで長期間放送されている番組を、長生きの人になぞらえて俗に「何番組」というでしょう？,長寿番組,,
q0789,地理,アフリカ大陸の北部一帯に広がる、世界最大の砂漠は何でしょう？,サハラ砂漠,,
q0790,日本史,室町幕府歴代将軍の中で唯一名前の中に「義」の文字がない、室町幕府の初代将軍は誰でしょう？,足利尊氏（あしかが・たかうじ）,,
q0791,言葉,危険が差し迫ると、頼りにならないものでも頼りにしてしまうということわざを、「溺れるものは何をもつかむ」というでしょう？,溺れるものは藁（わら）をもつかむ,,
q0792,理系,容積の単位で、１リットルは何デシリットルでしょう？,10デシリットル,,
q0793,世界史,紀元前3500年頃から始まった、西アジアのチグリス川とユーフラテス川の流域で発達した古代文明は何でしょう？,メソポタミア文明,,
q0794,芸能,「怒ったかんな?許さないかんな?」で始める自己紹介ギャグでもお馴染みの、福岡県出身の女優は誰でしょう？,橋本環奈（はしもと・かんな）,,
q0795,言葉,本が好きで読書ばかりしているような人のことを「本の何」というでしょう？,虫,,
q0796,公民,日本で1年の一番最初に訪れる国民の祝日は何でしょう？,元日,,
q0797,地理,国会議事堂や首相官邸がある、東京都千代田区の地名は何でしょう？,永田町,,
q0798,日本史,1854年に締結された日米和親条約で、アメリカに対して開港された２つの港とは、箱館港とどこでしょう？,下田港,,
q0799,世界史,1948年から1991年まで「アパルトヘイト」という人種隔離政策が取られていた、アフリカ大陸の国はどこでしょう？,南アフリカ共和国,,
q0800,スポーツ,日本競馬のG1レースの「春の天皇賞」と「秋の天皇賞」のうち、より距離が長いのはどちらでしょう？,春の天皇賞,,
q0801,公民,名誉毀損罪や侮辱罪のように、被害者の告訴がなければ起訴できない犯罪類型を何というでしょう？,親告罪,,
q0802,芸能,2023年には『ケセラセラ』で、2024年には『ライラック』で日本レコード大賞を受賞したスリーピースバンドは何でしょう？,Mrs. GREEN APPLE（ミセス・グリーンアップル）,,
q0803,生活,心身の疲労やストレスを解消するため、スマートフォンなどの電子機器から一定期間離れることを、「解毒」を意味する英語を使って何というでしょう？,デジタルデトックス,,
q0804,生活,はごろもフーズの缶詰『シーチキンEvery』に原材料として使われている魚は何でしょう？,ブリ,,
q0805,世界史,農業調整法の制定やTVAによる雇用促進などが行われた、フランクリン・ルーズベルト政権による一連の政策を何というでしょう？,ニューディール政策,,
q0806,漫画・アニメ・ゲーム,主人公の「昭和20年9月21日夜、僕は死んだ」というセリフから始まる、高畑勲監督のジブリ映画は何でしょう？,『火垂る（ほたる）の墓』,,
q0807,理系,略称を「NAOJ」という、主に地上観測と理論天文学研究を担う日本の研究機関は何でしょう？,国立天文台,,
q0808,芸術,オペラ『サムソンとデリラ』や組曲『動物の謝肉祭』で知られる、フランスの作曲家は誰でしょう？,カミーユ・サン＝サーンス,,
q0809,理系,特に若い女性に多い、体温は正常でも手先や足先が冷たく感じる症状を「何冷え性」と言うでしょう？,末端冷え性,,
q0810,生活,サンリオキャラクター大賞で最多の15回大賞を受賞しているキャラクターは何でしょう？,ハローキティ,,
q0811,公民,著書「Also sprach Zarathustra」の中で「Gott ist tot! 」と主張した、ドイツの哲学者は誰でしょう？,フリードニヒ・ニーチェ,,
q0812,漫画・アニメ・ゲーム,「Activision Blizzard」「Riot Games」「EpicGames」といったゲームメーカーが本社を置く国はどこでしょう？,アメリカ,,
q0813,生活,チェスで、自分のポーンを相手陣の一番奥まで進め、キング以外の駒に昇格させることを何というでしょう？,プロモーション,,
q0814,理系,足の指の数が通常より多い多指症（たししょう）の猫のことを、あるアメリカの文豪が好んでいたことから「何キャット」というでしょう？,ヘミングウェイキャット,,
q0815,芸能,韓国ドラマ『イカゲーム』の第１シリーズ、第２シリーズで第1ゲームに採用された、英語で「Red Light Green Light」という子供の遊びを日本語で何というでしょう？,だるまさんがころんだ,,
q0816,スポーツ,アフリカ、アジア、アメリカ、オセアニアの選手が出場資格を持つ、フィギュアスケートの国際競技会は何でしょう？,四大陸選手権,,
q0817,日本史,満州事変の発端となった、1931年に、関東軍が南満州鉄道の線路を爆破した事件を何というでしょう？,柳条湖（りゅうじょうこ）事件,,
q0818,芸能,配信サイトで、配信者とは関係のない別の配信者の話をリスナーがするマナー違反を、ある鳥を用いて「何行為」というでしょう？,伝書鳩行為,,
q0819,言葉,2025年度大学入学共通テストの現代文に登場し話題となった、相手の発言に対して論理飛躍や論点のすり替えなどで罪悪感を抱かせる構文を俗に「何構文」というでしょう？,ヒス構文,お母さんヒス構文,
q0820,文学,鼠（ねずみ）三部作の第1作目である、1979年に刊行された村上春樹（むらかみ・はるき）のデビュー作は何でしょう？,『風の歌を聴け』,,
q0821,理系,アルファベット3文字で「ILC」と略される、ビッグバン直後に相当する超高エネルギー状態を再現する、日本で建設予定の次世代の実験装置は何でしょう？,国際リニアコライダー,,
q0822,世界史,11世紀、のちのウィリアム1世率いるノルマンディー公国軍がイングランド全域を征服した一連の軍事行動を何というでしょう？,ノルマン・コンクエスト,,
q0823,理系,Windows11では「Ctrlキー」「Shiftキー」「Escキー」の同時押しで起動する、コンピューター上で実行中のプログラムを管理できるツールを何というでしょう？,タスクマネージャー,,
q0824,漫画・アニメ・ゲーム,ゲームにおけるRTAのレギュレーションで、「最低限の達成度でのクリア」を目的とするものを何というでしょう？,Low%（ロウパーセント）,,
q0825,文学,残酷な世界観と独特のタッチで人気を博す、『うろんな客』や『ギャシュリークラムのちびっ子たち』などの作品を書いた、アメリカの絵本作家は誰でしょう？,エドワード・ゴーリー,,
q0826,公民,イアン・ブレマーが提唱した、国際秩序を主導する国家が存在しない状態を指す言葉を何というでしょう？,Gゼロ,,
q0827,スポーツ,バスケットボールで、リングに当たったボールを攻撃側が確保した場合、ショットクロックは何秒にリセットされるでしょう？,14秒,,
q0828,漫画・アニメ・ゲーム,お嬢様学校に通う4人のメンバーが「ロックレディ」というバンドを組む、福田宏の漫画は何でしょう？,『ロックは淑女（レディ）の嗜みでして』,,
q0829,生活,逆さに閉じる傘の「Sa傘」や日傘の「COKAGE＋」などの商品が人気の、世界最大級の傘専門店は何でしょう？,Waterfront(ウォーターフロント）,,
q0830,理系,ヴィクトール・フランクルが考案した、患者が「人生の意味」を見出すことを援助する心理療法は何でしょう？,ロゴセラピー,,
q0831,芸能,「田渕純」名義で「和田宏とマヒナスターズ」に在籍したことがある、ムード歌謡漫談という新ジャンルを確立した歌手・芸人は誰でしょう？,タブレット純（じゅん）,,
q0832,生活,MacOS10から搭載された、日本語入力する際に、スペースキーを押さずとも自動的に文字変換する機能を何というでしょう？,ライブ変換,,
q0833,公民,毎月、日本最大の選挙サイト「選挙ドットコム」と共同で世論調査を行う、米重克洋が代表を務める報道ベンチャー企業は何でしょう？,JX通信社,,
q0834,芸術,ヘッドレスギターのボーデンシリーズを製作する、スウェーデンの楽器メーカーは何でしょう？,Strandberg（ストランドバーグ）,,
q0835,日本史,明治25年に当時のオーストリア駐日代理公使と結婚し、これが東京府に届けられた初の正式な国際結婚といわれる、「EECの母」とも呼ばれている人物は誰でしょう？,クーデンホーフ光子（みつこ）,,