﻿No,大ジャンル,問題最終稿,正解,別解・判定基準・ 解説など
q0001,漫画・アニメ・ゲーム,『にゃんこ大戦争』や『アークナイツ』のように、拠点に向かってくる敵を倒し防御する戦略ゲームのジャンルを何というでしょう？,タワーディフェンス,
q0002,理系,企業のウェブサイトなどに記載されている、収集した個人情報の利用目的や管理方法をまとめた文章を何というでしょう？,プライバシーポリシー,
q0003,生活,ハンバーグを作るときに入れるパン粉や卵、牛乳のように、料理する際に、粘り気のない材料がまとまるように追加する食材を何というでしょう？,つなぎ,
q0004,漫画・アニメ・ゲーム,国王軍第三騎士団団長の王女に様々な「拷問」を行い、秘密を暴露させるという内容の、春原ロビンソン原作のコメディ漫画は何でしょう？,"『姫様、""拷問""の時間です』",姫様のフルネームは最終回で明かされる。アイシェル・姫華・ラトルヴィア
q0005,言葉,「心の中に秘める」「商売をやめる」「広げたものを折る」といった意味を持つ日本語の動詞は何でしょう？,畳む（たたむ）,
q0006,世界史,マカオがポルトガルから中国に返還されたのは、西暦何年の出来事でしょう？,1999年,読み上げが止まったタイミングが「西暦」の前で、解答者が平成11年と答えた場合のみもう1回
q0007,理系,「Smart Lander for Investigating Moon（スマート・ランダー・フォー・インベスティゲイティング・ムーン）」の略である、今年1月に月面着陸に成功したJAXA（ジャクサ）の小型月着陸実証機は何でしょう？,SLIM(スリム）,
q0008,芸術,視力矯正用ではなく、おしゃれを楽しむためにかけるメガネのことを、漢字２文字で「何メガネ」というでしょう？,伊達メガネ,
q0009,公民,BRAC(びーあーるえーしー）や国境なき医師団のように、様々な国際的問題に取り組む非政府組織をアルファベット3文字で何というでしょう？,NGO,△非政府組織・Non-governmental OrganizationBRACはバングラディシュに本部を置く、世界最大のNGO。NPOとNGOは法人格を持っているか否か。国境なき医師団日本はNPOでもある
q0010,文学,ウェッブ夫妻と共にフェビアン協会を設立した、『ピグマリオン』などの小説を著した作家は誰でしょう？,ジョージ・バーナード・ショー,
q0011,生活,走行中の車のナンバープレートを読み取り手配車両のものと照合する、犯罪捜査に利用されるシステムは何でしょう？,Nシステム,〇：自動車ナンバー自動読取装置
q0012,文学,『源氏物語』の「帚木（ははきぎ）三帖」といえば、「帚木」「空蝉（うつせみ）」と何でしょう？,「夕顔」,（補足）第２～４帖
q0013,世界史,紀元前586年にネブカドネザル2世がおこなった、ヘブライ人を強制的に移住させた事件を、移住先となった場所から何というでしょう？,バビロン捕囚,×教皇のバビロン捕囚
q0014,生活,北を向いた際の西側にあたることに由来する、船のかじを取る際にかじを左側に切ることを何というでしょう？,取り舵,北を子としたとき酉の方向なお面舵は卯の舵（うのかじ）のなまりだとか
q0015,理系,ヒストグラムを作る際などに利用する、データを複数の区間に分割し、それぞれの区間にいくつデータが存在するか表した表を漢字５文字で何というでしょう？,度数分布表,
q0016,地理,「パリ発祥の地」と呼ばれ、パリの中心に位置している、セーヌ川中州の島は何でしょう？,シテ島,
q0017,芸術,形而上絵画を創始し、シュルレアリスムに影響を与えた、代表作に『通りの神秘と憂愁（ゆうしゅう）』があるイタリアの画家は誰でしょう？,ジョルジョ・デ・キリコ,
q0018,スポーツ,激しい運動をした後、軽いランニングやストレッチなどによって筋肉をほぐす運動のことを何というでしょう？,クールダウン,○整理運動
q0019,生活,「あかつき」「ネクタリン」「白鳳（はくほう）」といった品種がある、バラ科の果物は何でしょう？,桃,あかつきは白桃系、ネクタリンは黄桃系
q0020,芸能,ロンドンにある横断歩道をメンバーが歩くレコードジャケットも有名な、ビートルズのアルバムは何でしょう？,『アビイロード』,abbey road
q0021,文学,俳優・津川雅彦（つがわ・まさひこ）の芸名を付けた、小説『太陽の季節』で芥川賞を受賞した作家は誰でしょう？,石原慎太郎（いしはら・しんたろう）,
q0022,公民,スポーツの試合やホテルなどで、需要と供給の状況に応じて、価格を変動させる仕組みを英語で何というでしょう？,ダイナミックプライシング,
q0023,スポーツ,相手の下から上に向かって突き上げる、ボクシングのパンチは何でしょう？,アッパーカット,○アッパー
q0024,芸能,フリーアナウンサーの福澤朗（ふくざわ・あきら）、上重聡（かみしげ・さとし）、藤井貴彦（ふじい・たかひこ）に共通する、かつて勤務していたテレビ局は何でしょう？,日本テレビ（にほんテレビ）,上重聡と藤井貴彦がフリーに転身しなかった場合は別の人物に置き換え
q0025,理系,蜂が音を立てて飛び回る様子を表す英語から派生した言葉である、ネット上で話題となり拡散されることを指すネット用語は何でしょう？,バズる,○バズ
q0026,理系,ほとんどの真核生物に存在する、呼吸により有機物からエネルギーを取り出す役割を持つ細胞小器官は何でしょう？,ミトコンドリア,
q0027,生活,苦味が強いためコンデンスミルクを加えて飲むのが一般的な、東南アジアのある国でよく飲まれている伝統のコーヒーは何でしょう？,ベトナムコーヒー,
q0028,言葉,「急ぐときには誰でもいいから、そばに立っている人に手伝ってもらえ」という意味のことわざを、「立っているものは何でも使え」というでしょう？,親,
q0029,公民,いわゆる三大航空連合の中で最初に設立された、ルフトハンザ航空や全日空が加盟する連合は何でしょう？,スターアライアンス,
q0030,文学,権威への従属を求める未熟な現代人の心理を、著書『自由からの逃走』で説いている、ドイツの社会心理学者は誰でしょう？,エーリッヒ・フロム,abc18
q0031,生活,長周期地震動階級3以上、または震度5弱以上の揺れが予想されたときに気象庁から発表される速報を何というでしょう？,緊急地震速報,
q0032,世界史,ポーランド・グダニスクの国営造船所で組織され、レフ・ワレサが議長を務めた、自主管理労働組合は何でしょう？,連帯（れんたい）,◯ソリダルノスチ　NSZZ
q0033,芸能,放送初期は「フラッシュクイズ」というクイズコーナーがあった、毎週平日の13時からテレビ朝日系列で放送されている長寿番組は何でしょう？,『徹子の部屋』,
q0034,理系,ガンジス川の砂が数え切れないほど多いということに由来する、10の52乗を表す数の単位は何でしょう？,恒河沙（ごうがしゃ）,
q0035,生活,主に企業の社長や役員などの管理職をサポートする、英語で「secretary（セクレタリー）」という職種は何でしょう？,秘書,
q0036,理系,エチレングリコールとテレフタル酸の縮合重合でできる、ペットボトルの原料に使われる高分子化合物は何でしょう？,ポリエチレンテレフタラート,
q0037,生活,デザートのヴァクラバや米料理のピラウ、肉料理のケバブがとくに有名な、世界三大料理の一つは何でしょう？,トルコ料理,
q0038,生活,サブスペースのセンテニアルホールが併設されている、新横浜にある多目的ホールは何でしょう？,横浜アリーナ,
q0039,芸能,日本人では三浦一馬（みうら・かずま）や小松亮太（こまつ・りょうた）などが奏者として知られる、アコーディオンのような蛇腹が特徴的な楽器は何でしょう？,バンドネオン,
q0040,地理,神奈川県川崎市と千葉県木更津市を結ぶ、全長約15キロメートルの有料道路は何でしょう？,東京湾アクアライン,
q0041,生活,学業などがある平日とない休日で生活リズムにずれが生じることで体内時計が乱れた状態を、飛行機移動によって発生する現象になぞらえてなんというでしょう？,社会的時差ボケ,○ソーシャルジェットラグ
q0042,地理,上に行くほど急になる「武者返し」の石垣も有名な、加藤清正（かとう・きよまさ）によって築城された九州地方の城は何でしょう？,熊本城,
q0043,理系,英語では「スーパーノヴァ」と呼ばれる、大質量の恒星などが重力崩壊とともに引き起こす大爆発は何でしょう?,超新星爆発,
q0044,言葉,「人や組織の間でたがいの橋渡しをする役割」のことを、流体を運ぶ管（くだ）の名前を使って「何役」というでしょう？,パイプ役,
q0045,日本史,南宋から日本に茶をもたらした人物であり、茶の効用を記述した『喫茶養生記（きっさようじょうき）』を著した、臨済宗の開祖は誰でしょう？,栄西（えいさい）,
q0046,公民,学校保健安全法で定められている、感染症が流行したクラスの生徒全体に対して、出席停止措置をとる制度を一般的に何というでしょう？,学級閉鎖,△学校閉鎖
q0047,文学,生まれ故郷の愛知県半田市には名を冠した記念館がある、『おじいさんのランプ』『てぶくろをかいに』『ごんぎつね』などの代表作がある児童文学作家は誰でしょう？,新美南吉（にいみ・なんきち）,◯：「新美正八（にいみ・しょうはち）」（本名）
q0048,日本史,福沢諭吉（ふくざわ・ゆきち）や西周（にし・あまね）などの知識人が集まった、1873年に森有礼（もり・ありのり）を中心に発足した団体は何でしょう？,明六社（めいろくしゃ）,
q0049,生活,僧侶が忙しく走り回ることから名づけられたとされる、12月の代表的な別名は何でしょう？,師走（しわす）,
q0050,生活,「ホシ」や「マツカワ」といった種は高級魚として取引される、右側に目がある点でヒラメと区別される魚は何でしょう？,カレイ,
q0051,生活,企業が倒産などしない限り、正社員を定年まで雇用する制度を、漢字４文字で何というでしょう？,終身雇用,×無期雇用
q0052,日本史,イギリスの「ヴィクトリー」、アメリカの「コンスティチューション」と共に世界3大記念艦の一つに数えられる、日本海海戦で旗艦となった日本の戦艦は何でしょう？,三笠（みかさ）,
q0053,文学,代表作に『鬼平犯科帳（おにへいはんかちょう）』や『剣客商売（けんかくしょうばい）』などがある、時代小説家は誰でしょう？,池波正太郎（いけなみ・しょうたろう）,
q0054,公民,企業が商品やサービスなどを提供する際、環境に配慮しているかのように装う行為を、ある色を用いて何というでしょう？,グリーンウォッシュ,グリーンウォッシング
q0055,理系,誤解を招く可能性があるポストに、ユーザーが協力して背景情報を提供できる、SNS「X」の機能は何でしょう？,コミュニティノート,
q0056,漫画・アニメ・ゲーム,ディズニーのキャラクターであるチップとデールのうち、身体の色が明るく、鼻が赤いのはどちらでしょう？,デール,
q0057,言葉,慣用句で、わずかなものでも一時しのぎにはなるということを、「何も一時（いっとき）」というでしょう？,茶腹（も一時）,
q0058,芸術,水商売では無料のおつまみのことを、ファッションでは装飾品に使われる小さな飾りのことをさす英単語は何でしょう？,チャーム(Charm),
q0059,スポーツ,福岡の米菓製造会社であるもち吉が無償で提供している、大相撲で力士が用いる清めの水を何というでしょう？,力水（ちからみず）,
q0060,理系,およそ４ミクロンほどの大きさで、数本のべん毛で胃の中を移動する、胃癌や胃潰瘍の原因となる細菌は何でしょう？,ピロリ菌,
q0061,地理,フィッシャーマンズワーフやゴールデンゲートブリッジなどの観光名所がある、アメリカ・カリフォルニア州の都市はどこでしょう？,サンフランシスコ,
q0062,世界史,1848年のオーストリア三月革命で失脚した、1814年から開催されたウィーン会議で議長を務めた政治家は誰でしょう？,クレメンス・フォン・メッテルニヒ,
q0063,生活,百貨店の催事場などで行われる、ある地域由来の食品や加工品を集めて紹介・販売するイベントのことを漢字三文字でなんというでしょう？,物産展,
q0064,理系,アメリカのアニメ『フォスターズホーム』の題材になっている、幼児などが空想する架空の遊び相手のことを何と言うでしょう？,イマジナリーフレンド,◯イマジナリーコンパニオン
q0065,公民,実質的に経営が破たんしているにもかかわらず、銀行や政府などの支援により延命している企業のことを、俗に「何企業」というでしょう？,ゾンビ企業,
q0066,漫画・アニメ・ゲーム,メダルゲームの『STARHORSE（スターホース）』シリーズや、音楽ゲームの『CHUNITHM（チュウニズム）』シリーズを開発しているゲームメーカーは何でしょう？,セガ,隠れウマ娘問題▲セガサミー
q0067,理系,シロイルカのものは柔らかい突起状になっている、一部のイルカやクジラの頭部にある脂肪の塊のことを何というでしょう？,メロン器官,
q0068,生活,「前売券」と「鑑賞券」の２種類がある、全国の映画館で利用可能な、インターネット上で購入できる映画鑑賞券を何というでしょう？,ムビチケ,
q0069,地理,1899年8月4日に開港した、長崎港、神戸港とともに日本三大美港（びこう）の一つに数えられる静岡県の港は何でしょう？,清水港,
q0070,言葉,本来中立な立場であるマスコミが、特定の立場に有利となる情報を意図的に報道する事を、「偏る」という漢字を使って「何報道」というでしょう？,偏向報道,×マスゴミ△Biased reporting・Slanted news・One-sided journalism
q0071,世界史,初代はゲンドゥン・トゥプが務めた、チベット仏教の最高指導者に与えられる称号を何というでしょう？,ダライ・ラマ,パンチェンラマは２番手
q0072,文学,兄に警視庁刑事局長の陽一郎をもつ、ルポライターとして訪れた旅先で事件を解決する、内田康夫が生み出した名探偵は誰でしょう？,浅見光彦（あさみ・みつひこ）,
q0073,理系,体積の単位として使われる「cc」は、何という英語の略でしょう？,キュービックセンチメートル,
q0074,生活,生産地である安徽省（あんきしょう）の地名に由来する、ウバ、ダージリンとともに世界三大紅茶に数えられる中国の紅茶は何でしょう？,キーマン,
q0075,公民,批判的な意見を発信した個人や市民団体などに対して、企業や自治体がその抑制を目的として起こす訴訟を何というでしょう？,スラップ訴訟,Strategic Lawsuit Against Public Participation
q0076,スポーツ,ゴルフで、同じ組でプレイした選手のスコアカードに、間違いがないか確認することを何というでしょう？,アテスト,
q0077,文学,代表作の『チェルノブイリの祈り』や『戦争は女の顔をしていない』は漫画化もされた、2015年にノーベル文学賞を受賞した、ベラルーシの作家は誰でしょう？,スベトラーナ・アレクシェービッチ,ペーパー用○アレクセイビッチ等表記揺れOK　この２作品は日本で漫画化されている。
q0078,芸能,少年時代からの人生を綴った自伝『成りあがり』はベストセラーとなった、「永ちゃん」の愛称で呼ばれるロックミュージシャンは誰でしょう？,矢沢永吉（やざわ・えいきち）,
q0079,芸能,空気や空の青を表現するために用いる、歌舞伎の舞台で使われる青色の幕を何というでしょう？,浅葱（あさぎ）幕,
q0080,生活,スプレータイプとロールオンタイプに大別される、香水を持ち運ぶために使うボトルを英語で何というでしょう？,アトマイザー,△霧吹き
q0081,地理,初夏にはオホーツク海気団とぶつかり梅雨前線を形成する、日本の南東で発生する高温多湿の気団は何でしょう？,小笠原気団,
q0082,芸能,もともとはフォークグループ・赤い鳥の曲であった、「この大空に 翼を広げ 飛んで行きたいよ」とサビで歌う、人気の合唱曲は何でしょう？,『翼をください』,
q0083,スポーツ,自動車のS耐（えすたい）シリーズ中で唯一24時間耐久レースが開催される、静岡県小山町（おやまちょう）にあるサーキットは何でしょう？,富士スピードウェイ,
q0084,地理,沖縄県の最高峰・於茂登岳（おもとだけ）が位置している島は何でしょう？,石垣島,
q0085,芸能,超高音域で歌唱する難易度の高いアリアも有名な、モーツァルトのオペラ『魔笛』で、主人公タミーノたちに魔笛を渡して支援する人物は誰でしょう？,夜の女王,
q0086,芸術,「人と”コミュニティー”」のつながりを重視し「横須賀美術館」や「公立はこだて未来大学」などを設計した建築家は誰でしょう？,山本理顕（やまもと・りけん）,なんかめちゃくちゃ現代短文っぽくなりました・・・
q0087,生活,学校教育法で小中学校に置くことが義務付けられている、学校で子どもたちの健康管理を行う役職を何というでしょう？,養護教諭,
q0088,理系,表計算ソフトExcelの下側にある、ワークシートを切り替えるための帯状のボタンを何というでしょう？,タブ,シートタブワークシートタブ
q0089,言葉,飲食店などで、客足が最も多く店舗が忙しい時間のことを、「アイドルタイム」に対して何というでしょう？,ピークタイム,
q0090,生活,雨の高速道路走行中に起きやすい、濡れた地面とタイヤの間に水の膜ができ、自動車のコントロールが効かなくなる現象を何というでしょう？,ハイドロプレーニング現象,
q0091,漫画・アニメ・ゲーム,「藤崎詩織（ふじさき・しおり）」などのキャラクターが登場する、KONAMIの恋愛シミュレーションゲームは何でしょう？,『ときめきメモリアル』,
q0092,生活,「お、ねだん以上。」のキャッチコピーでおなじみの、北海道に本社を置く大手インテリア販売店は何でしょう？,ニトリ,
q0093,地理,島内には「尾崎放哉（おざき・ほうさい）記念館」や「壷井栄（つぼい・さかえ）文学館」がある、小説『二十四（にじゅうし）の瞳』の舞台となっている島はどこでしょう？,小豆島（しょうどしま）,（補足）尾崎放哉が亡くなったのが小豆島
q0094,芸能,受賞者には発言に即した何かが贈られる、バラエティ番組「踊る！さんま御殿!!」において、番組の最後に発表される賞は何でしょう？,踊る！ヒット賞,
q0095,言葉,世間を長くわたるうちにさまざまな経験を積みずる賢くなった人のことを、漢数字の「千」という字を２回使った四字熟語で何というでしょう？,海千山千（うみせんやません）,
q0096,公民,日本銀行が３カ月に１度公表している「地域経済報告」のことを、その表紙の色から「何レポート」というでしょう？,さくらレポート,
q0097,生活,毎年1月に「かるた祭り・かるた開きの儀」や競技かるたの「名人・クイーン決定戦」が行われる、滋賀県大津市にある神社は何でしょう？,近江神宮（おうみじんぐう）,
q0098,理系,2種類の動物の頭の数と足の数からそれぞれの動物の数を求める算数の問題を何というでしょう？,鶴亀算,
q0099,言葉,年齢制限の「R18」や「R15」と言ったときのRとは、何という英単語の略でしょう？,Restricted（リストリクテッド）,
q0100,芸能,「拙者、親方と申すは」で始まる長台詞は滑舌の練習に使われる、透頂香(とうちんこう)という薬を売り歩く商人を描いた歌舞伎の演目は何でしょう？,外郎売（ういろううり）,
q0101,文学,ルシファーに代表される、キリスト教の神話において、神の怒りを買い下界に降ろされた天使たちを何というでしょう？,堕天使,（おまけで）悪魔も〇
q0102,生活,過去5年間無事故・無違反の時に取得可能な「優良運転者免許証」のことを、有効期間が記載されている場所の背景の色から何免許というでしょう？,ゴールド免許,
q0103,芸能,「だって僕は星だから」という歌い出しの、ホロライブのバーチャルYouTuber・星街すいせいの楽曲は何でしょう？,『Stellar Stellar（ステラーステラー）』,
q0104,生活,具が紡ぎ糸のように見えることから名前がつけられた、中にうどんが入っている茶碗蒸しを何というでしょう？,小田巻き蒸し,
q0105,生活,東名高速道路の「舘山寺（かんざんじ）」や「日本平久能山（くのうざん）」のように、高速道路に設けられるETC専用のインターチェンジを何というでしょう？,スマートインターチェンジ,△インターチェンジ
q0106,生活,コンビニエンスストアに設置されている、コピーだけでなく、住民票の写しなどの印刷や、イベントチケットの購入ができる端末を何というでしょう？,マルチコピー機,
q0107,漫画・アニメ・ゲーム,電気スタンドのキャラクター・ルクソーJr.（ジュニア）をシンボルとする、ディズニー傘下のアニメ制作会社は何でしょう？,ピクサー・アニメーション・スタジオ,○ピクサー
q0108,生活,ビビンバの具材としても使われる、もやしやゼンマイなどを塩ゆでし、ごま油などであえた韓国料理は何でしょう？,ナムル,
q0109,生活,漫才などで使われるサンパチマイクのように、感度が高く繊細な音まで収録できるマイクを、蓄電器の原理を利用していることから「何マイク」というでしょう？,コンデンサーマイク,×指向性マイクor無指向性マイク（サンパチは選べる）
q0110,文学,童謡『ふしぎなポケット』で、ポケットをたたくと増えると歌われているお菓子は何でしょう？,ビスケット,
q0111,理系,原子番号101の元素に名を残す、元素の周期表を作成したロシアの化学者は誰でしょう？,ドミトリー・メンデレーエフ,
q0112,日本史,江戸時代初期に、幕府発行の許可証を持って東南アジアとの交易をおこなった船のことを何というでしょう？,朱印船,△奉書船
q0113,世界史,ロシアから東清（とうしん）鉄道の一部を譲り受けたことにより設立された、満州地方の植民地経営の中核となった日本の国策会社は何でしょう？,南満州鉄道,
q0114,公民,国の安全保障などに関わる機密情報にアクセスできる資格者を政府が認定する制度を、英語で何というでしょう？,セキュリティークリアランス,
q0115,理系,1946年に中国の四川省で発見され、現生種は「生きた化石」と呼ばれている、和名を「アケボノスギ」という樹木は何でしょう？,メタセコイア,
q0116,世界史,1941年8月にルーズベルト大統領とチャーチル首相との会談で合意された、戦後処理構想などをまとめた8か条からなる憲章は何でしょう？,大西洋憲章,
q0117,地理,世界最長の吊り橋「チャナッカレ海峡大橋」がかかる、エーゲ海とマルマラ海を結ぶトルコ北西部の海峡は何でしょう？,ダーダネルス海峡,主塔の間隔2023メートル、全長3.6キロ
q0118,言葉,摂取エネルギーに対する満腹感や満足度を表す「カロパ」とは、何という言葉の略語でしょう？,カロリーパフォーマンス,（補足）低カロリーなのに、おいしく腹持ちすること
q0119,漫画・アニメ・ゲーム,見た目は食パンだがノートや紙に張り付けた後に食べると書かれた内容を覚えられる、ドラえもんのひみつ道具は何でしょう？,アンキパン,
q0120,文学,志賀直哉（しが・なおや）の小説『城の崎にて』で、主人公が何気なく投げた小石に当たって死んでしまう生き物は何でしょう？,いもり,
q0121,理系,太陽に合わせて向きを変えるひまわり型ソーラーパネルのように、技術開発に自然界の仕組みを取り入れることを何というでしょう？,バイオミミクリー,〇生物模倣バイオミメティクス
q0122,公民,中央委員会議長を志位和夫（しい・かずお）が、委員長を田村智子（たむら・ともこ）が務める日本の政党は何でしょう？,日本共産党,結局志位和夫体制はかわらない
q0123,芸能,「いっせーので声を上げて」というフレーズが印象的な、ハイブリッドロックバンド「AliA（アリア）」の楽曲は何でしょう？,『かくれんぼ』,バイオリンおるのよね
q0124,理系,鮮やかな赤色が炎のように見えることから名がついた、非常に高い毒性を持つボタンタケ科のキノコは何でしょう？,カエンタケ,
q0125,理系,コンピュータソフトに潜むエラーやバグを探し出し、動作が正常になるように修正する作業を何というでしょう？,デバッグ,×コンパイル
q0126,言葉,積極的に仕事を行いキャリアアップを目指す女性のことを、「バリバリ働くキャリアウーマン」を略した俗語で何というでしょう？,バリキャリ,〇バリキャリ女子対義語に「ゆるキャリ」△キャリアウーマン
q0127,理系,2つの自然数の組で、自身を除いた約数の和がもう一方と等しくなるものを「何数」というでしょう？,友愛数（ゆうあいすう）,「親和数（しんわすう）」でも可。
q0128,日本史,国会議事堂の近く、永田町二丁目という一等地に大使館を置く、1888年に日本と初めて平等な条約を締結した国はどこでしょう？,メキシコ,
q0129,生活,寿司屋で、コハダやアジなどの青みを帯びた魚のことを、輝いているように見えることから何というでしょう？,ひかりもの,
q0130,生活,「回収したアルミ缶から新しいアルミ缶を作る」というように、品質を下げずに同じ製品へ作り変えるリサイクルを「何リサイクル」というでしょう？,水平リサイクル,
q0131,生活,ピラミッドアイタブレットや水晶ドクロに代表される、その当時の技術では作成不可能とされる遺跡や工芸品を指す言葉は何でしょう？,オーパーツ,
q0132,地理,スペインのものはムラセン山、アメリカのものはホイットニー山を最高峰とする、「雪の山脈」という意味の名前がついた山脈は何でしょう？,シエラネバダ山脈,Sierra Nevada
q0133,言葉,江戸時代、幕府からの迫害や弾圧によってキリスト教を捨てた人々のことを「何キリシタン」というでしょう？,転びキリシタン,
q0134,生活,雑誌などの定期刊行物で、最新号以前の古い号のことを英語で何というでしょう？,バックナンバー,
q0135,生活,和室の押し入れの上に設けられる、天井に接して作られた収納スペースを何というでしょう？,天袋,
q0136,世界史,騎兵隊中心から鉄砲隊中心へと戦術が移り変わったことに伴い、オスマン帝国の軍事力の中核となった精鋭の常備軍を何というでしょう？,イェニチェリ,
q0137,公民,景気の上昇が頂点に達し、それ以降は下降するほかにない状態を指す経済用語は何でしょう？,ピークアウト,
q0138,理系,金属板の上に砂をまき、中央にスピーカーなどで振動を与えることで発生する幾何学的な図形のことを、発見したドイツの物理学者からなんというでしょう？,クラドニ図形,
q0139,スポーツ,「ホープフルステークス」以外の全てのJRA平地G1レースで勝利している、日本競馬界のレジェンドである騎手は誰でしょう？,武豊（たけ・ゆたか）,
q0140,芸術,絵画を描くときに、絵の具を出してまぜ合わせるための板状の道具を何というでしょう？,パレット,○調色板
q0141,芸術,見た目がネギの花に見えることから「葱台（そうだい）」とも呼ばれる、橋の手すりに付けられる装飾を何というでしょう？,擬宝珠（ぎぼし・ぎぼうしゅ）,
q0142,生活,そうめんや中華麺などをゆでるとき、吹きこぼれを防ぐために、沸騰したお湯に加える水のことを何というでしょう？,びっくり水,
q0143,世界史,蜀に向けての逃亡中に、寵愛を受けていた玄宗皇帝の命令で殺害されたと伝わる、絶世の美女として知られる中国・唐代の人物は誰でしょう？,楊貴妃（ようきひ）,
q0144,言葉,仲が悪いことを意味する「犬猿（けんえん）の仲」を漢字で書いたときに登場する2種類の動物は、何と何でしょう？,猿,
q0145,理系,ミョウバンを用いた実験で確認できる、溶解度の変化を利用し、溶液から純粋な物質を結晶として取り出す操作のことを何というでしょう？,再結晶,
q0146,スポーツ,1896年に第1回近代オリンピックが開催された、ギリシャの首都はどこでしょう？,アテネ,
q0147,生活,日本では大阪・通天閣の展望台にある像が有名な、尖った頭と吊り上がった目が特徴の、アメリカ発祥の福の神は何でしょう？,ビリケン(Billiken),
q0148,地理,アマゾン川の中流域に広がる熱帯雨林地域のことを、ポルトガル語で「森林」という意味の言葉で何というでしょう？,セルバ,
q0149,言葉,リスクを恐れず率先して初めてのことに挑戦する人のことを、群れの中で海に最初に飛び込む鳥類に例えて何というでしょう？,ファーストペンギン,
q0150,生活,空中庭園「サンズ・スカイパーク」で3棟（とう）のビルがつながっている、シンガポールの高級ホテルは何でしょう？,マリーナベイサンズ,
q0151,日本史,素戔嗚尊（すさのおのみこと）を主神としている、京都三大祭のひとつ、祇園祭を実施する京都の神社は何でしょう？,八坂神社,
q0152,理系,既約分数の分母と分子のように、２つの数が１以外の公約数を持たない関係のことを何というでしょう？,互いに素（そ）,
q0153,漫画・アニメ・ゲーム,地震や水害で崩壊していく街から脱出することを目的とする、現在はグランゼーラが版権を持っているアクションゲームシリーズは何でしょう？,『絶体絶命都市』,
q0154,スポーツ,お笑い芸人のみなみかわが体得している、ロシアの軍人ミカエル・リャブコが創始した軍隊格闘術は何でしょう？,システマ,
q0155,理系,人間の汗は弱酸性であるためピンセットで扱う必要がある、酸性なら赤、アルカリ性なら青に変わる、理科の実験で用いる試験紙は何でしょう？,リトマス試験紙,
q0156,生活,「治一郎（じいちろう）」や「ねんりん屋」の商品が人気の、ドイツ語で「木の年輪」を意味するお菓子は何でしょう？,バウムクーヘン,
q0157,理系,化学反応の前後で、それ自体は変化せず、化学反応を促進する物質のことを何というでしょう？,触媒,
q0158,生活,カビを付けた「枯節（かれぶし）」と、カビを付けない「荒節（あらぶし）」に分けられる、和食の出汁作りによく使われる食材は何でしょう？,かつお節,
q0159,生活,ジャーマンドッグやミラノサンドなどのフードメニューも人気の、全国に1000店舗以上展開するコーヒーショップは何でしょう？,ドトールコーヒーショップ,×エクセルシオールカフェ　○ドトール
q0160,理系,14歳でハーバード大学に入学し、18歳で学位を取得した秀才であった、サイバネティクスを提唱したアメリカの数学者は誰でしょう？,ノーバート・ウィーナー,
q0161,芸能,音楽アルバムに収録されている曲の中から、特定の曲をシングル曲として販売することを何というでしょう？,シングルカット,
q0162,スポーツ,硬式野球の第1回早慶戦で勝利したのは早稲田、慶応のどちらでしょう？,慶応,○慶應義塾
q0163,芸能,世間話や本題に関わる小話をする、落語で本題の前に話される短い話のことを何というでしょう？,まくら,
q0164,芸能,茨木西（いばらきにし）高校サッカー部の先輩後輩関係である、矢部浩之（やべ・ひろゆき）と岡村隆史（おかむら・たかし）からなるお笑いコンビは何でしょう？,ナインティナイン,（補足）大阪府立茨木西高等学校出身
q0165,公民,無自覚の差別や偏見が原因となり、意図せずに他者を傷つけてしまうことを英語で何というでしょう？,マイクロアグレッション,
q0166,漫画・アニメ・ゲーム,将棋のAbema（アベマ）トーナメントで採用されている、持ち時間を使い切った時点で負けとなるが、1手指すごとに持ち時間が加算されるルールを何というでしょう？,フィッシャールール,フィッシャーはチェスの世界チャンピオンで、このルールの開発者
q0167,漫画・アニメ・ゲーム,黒ずくめの組織の科学者であった宮野志保が開発した、ごく低い確率で服用した者が幼児化する、漫画『名探偵コナン』に登場する薬は何でしょう？,APTX4869（アポトキシンよんはちろくきゅう）,×：「灰原哀」
q0168,理系,実施する器具を「末尾にトがつくか」で覚える小テクも知られる、科学実験の前に水ではなく実験で用いる溶液ですすぐ作業のことをなんと言うでしょう？,ともあらい,（ビュレット、ピベット、フラスコ、ビーカーとの四択で聞かれがち）
q0169,地理,常願寺（じょうがんじ）川下流の右岸に位置する、3.47平方キロメートルと、日本の市町村の中で面積が最も小さい、富山県の村は何でしょう？,舟橋村（ふなはしむら）,△：「ふなばしむら」
q0170,公民,安全確保のため国連などが仲介に入ることもある、紛争地域に設置される、民間人の避難や支援物資の運搬のためのルートを何というでしょう？,人道回廊,
q0171,生活,奥羽山脈、白州（はくしゅう）、富士山、砺波（となみ）、阿蘇（あそ）など全国8か所の採水地がある、日本コカコーラが販売する天然水のブランドは何でしょう？,いろはす天然水,〇いろはすペットボトルを見ると、〇〇が生んだ～って採水地の名前が書いてあります
q0172,芸能,音楽のジャンルで、「メロスピ」や「メロコア」といったときの「メロ」がさす言葉は何でしょう？,メロディック,△メロディーメロスピ：メロディックスピードメタル　メロコア：メロディックハードコア
q0173,公民,日本の裁判員制度で、裁判に参加する裁判員の人数は何人でしょう？,6人,
q0174,生活,素材の色や形をそのまま活かせる、食材を衣をつけずに揚げる調理法を何というでしょう？,素揚げ,
q0175,言葉,「乗り越えなくてはならない障害が大きい」ことを、陸上競技でコースに置かれる障害物から「何が高い」というでしょう？,ハードルが高い,「ハードル」が出れば正解
q0176,世界史,一旦は発効延期になったものの、1993年11月に正式に発効された、統一通貨のユーロ導入やEUの設立などが定められた条約は何でしょう？,マーストリヒト条約,○欧州連合条約
q0177,文学,作者の捕鯨船での体験をもとに執筆された、「モビィ・ディック」と呼ばれるクジラを巡る数奇な運命が描かれる、ハーマン・メルヴィルの小説は何でしょう？,『白鯨（はくげい）』,"◯：「Moby-Dick; or, The Whale」"
q0178,芸能,ジョージ・ハリスンなど数多くの音楽家に影響を与えている、映画『ガンジー』などの音楽を担当したインドのシタール奏者は誰でしょう？,ラヴィ・シャンカール,
q0179,生活,プロのナレーターによる朗読を聴くことができる、Amazonが展開するオーディオブックサービスは何でしょう？,オーディブル,
q0180,公民,野党が作成する、政権を獲得した場合を想定した組閣計画のことを英語で何というでしょう？,シャドーキャビネット,○ネクストキャビネット
q0181,スポーツ,サッカーのヨーロッパチャンピオンズリーグの優勝チームに与えられるトロフィーを、取手の部分が耳に見えることから何というでしょう？,ビッグ・イヤー,
q0182,理系,縦軸に絶対等級、横軸にスペクトル型をとった恒星の分布図を、提案した2人の天文学者の名前から何というでしょう？,ヘルツシュプルング・ラッセル図,○HR図
q0183,芸能,無実の罪で収監された元銀行員のアンディを主人公とする、スティーブン・キングの小説を原作としたフランク・ダラボン監督の映画は何でしょう？,『ショーシャンクの空に』,
q0184,文学,ゼウスの頭から武装した姿で生まれた、ギリシャ神話で知恵や戦争を司る女神は誰でしょう？,アテナ,○アテネ
q0185,芸能,ヘラルド・マトス・ロドリゲスが作曲した、スペイン語で「仮装行列」という意味の名を持つタンゴの名曲は何でしょう？,ラ・クンパルシータ,
q0186,スポーツ,「規定」「スピード」「フリースタイル」「フュージョン」の４種目がある、２本のロープで行うなわとび競技は何でしょう？,ダブルダッチ,
q0187,生活,高齢者などの生活の質を高め、心身の健康を支えるための訓練を受けた犬を、「治療」という意味の英語を使って「何ドッグ」というでしょう？,セラピードック,△ドッグセラピー
q0188,理系,"生まれてからちょうど10,000日がたった人の年齢は何歳でしょう？",27歳,
q0189,芸術,1890年代にパリで流行した踊りに由来する、フリルやギャザーを多く利用したワンピースを「何ワンピース」というでしょう？,カンカンワンピース,
q0190,生活,ホッチキスの後ろの部分についている針を外すための道具のことを、除去するという意味の英語から何というでしょう？,リムーバー,○ホッチキスリムーバー　ステープルリムーバー
q0191,生活,大学入学共通テストの自己採点をもとに、志望校の合格可能性の評価をする、河合塾がネット上で提供するサービスは何でしょう？,バンザイシステム,○共通テストリサーチ
q0192,漫画・アニメ・ゲーム,主な生徒に、ただ光るだけの能力を持つ「多々光（ただひかる）」や、未来が見える「見里未来（みさと・みらい）」がいる、マンガ『しれっとすげぇこと言ってるギャル』の舞台となる高校は何でしょう？,私立パラの丸高校,
q0193,スポーツ,マーゲライト・ヘンリーの著書『名馬・風の王』のモデルとなった、サラブレッド三大始祖の一頭に数えられる馬は何でしょう？,ゴドルフィンアラビアン,〇ゴドルフィンバルブ
q0194,漫画・アニメ・ゲーム,非合法（イリーガル）ヒーローが主役の外伝作品『ヴィジランテ』も連載された、「個性」と呼ばれる超能力を活かして戦うヒーローたちの姿を描いた漫画作品は何でしょう？,『僕のヒーローアカデミア』,
q0195,芸能,実在の人物ヘンリー・ヒルの犯罪まみれの人生を描いた、マーティン・スコセッシ監督のマフィア映画は何でしょう？,グッド・フェローズ,
q0196,スポーツ,１０エンドマッチの場合に６エンド終了後から表明できる、カーリングで勝ち目がないと判断した際に負けを認め、相手に握手を求めることを何というでしょう？,コンシード,
q0197,生活,歯ぎしりや歯周病などが原因となって起こる、虫歯ではないにもかかわらず歯がしみるように感じる症状を何というでしょう？,知覚過敏,
q0198,芸能,Amazonプライムビデオ・オリジナル番組の『Freeze（フリーズ）』や『ドキュメンタル』で、プレゼンターを務めているお笑い芸人は誰でしょう？,松本人志（まつもと・ひとし）,
q0199,漫画・アニメ・ゲーム,漫画『葬送のフリーレン』のように、ある事件や物語などその後の話を、漢字３文字で何というでしょう？,後日譚（ごじつたん）,○後日談　エピローグはもう1回
q0200,生活,動画編集で、カットとカットの間を繋ぐために挟まれるエフェクトのことを、「移行」という意味の英語を使って何というでしょう？,トランジション,