﻿No,大ジャンル,問題最終稿,正解,別解・判定基準・ 解説など
q0001,芸能,フジテレビの番組『THE SECOND（ザ・セカンド）』のグランプリファイナルで司会を務めている、吉本興業のタレントは誰でしょう？,東野幸治（ひがしの・こうじ）,
q0002,ns,「かたるかかるたか」や「たけやぶやけた」のように、上から読んでも下から読んでも同じ文章のことを何というでしょう？,回文,「かたるかかるたか」は回文を使ったカードゲーム
q0003,芸能,芸能人が最高級の芸術やワインなどを見分けていく、テレビ朝日系列で放送されている人気番組は何でしょう？,『芸能人格付けチェック』,格付けチェックがでれば◯
q0004,生活,神社やお寺などで、神様への願い事やお礼（れい）を書いて奉納する、絵が描かれた木製の板を何というでしょう？,絵馬,
q0005,理系,数値の大きさのみで表現でき、方向を持たない量のことを、ベクトルに対して何というでしょう？,スカラー,
q0006,芸能,『かつて天才だった俺たちへ』『よふかしのうた』『オトノケ』などの代表曲がある、日本のヒップホップグループは何でしょう？,Creepy nuts（クリーピーナッツ）,
q0007,生活,「マスカラ」を使用することで濃く長く見せられる、まぶたの上にある毛のことをなんというでしょう？,まつ毛,oアイラッシュ
q0008,世界史,第二次大戦後長らく続いた、アメリカ中心の西側陣営とソ連中心の東側陣営の対立のことを、冷たいという漢字を使った言葉で何というでしょう？,冷戦,o冷たい戦争　cold war
q0009,言葉,滑り止めの大学に通いながら、次年度以降の入試に向けて勉強を続ける浪人のスタイルを何というでしょう？,仮面浪人,
q0010,理系,ドライアイスやナフタレンで見られる、固体が液体を経ずに直接気体になる状態変化のことを漢字2文字で何というでしょう？,昇華,凝華　は即×　英：△sublimation
q0011,文学,坪内逍遥（つぼうち・しょうよう）の翻訳では「おしん物語」という題名がつけられた、かぼちゃの馬車やガラスの靴といったアイテムが登場する有名な童話は何でしょう？,シンデレラ,
q0012,理系,クルマ、ショウリョウ、トノサマといった種類がいる昆虫は何でしょう？,バッタ,
q0013,地理,台東区立下町風俗資料館、東京都美術館、国立西洋美術館が共に位置している公園は何でしょう？,上野公園,o上野恩賜公園　△上野
q0014,漫画・アニメ・ゲーム,FPSなどで、相手に向けて照準を合わせることを、「狙う」という意味の英語を用いて「何を合わせる」というでしょう？,エイム,
q0015,スポーツ,音楽に乗せて、ステップ・スピン・ジャンプなどの技を組み合わせ技術点と演技構成点を競う、スケート競技は何でしょう？,フィギュアスケート,
q0016,地理,日本最古の銅像や日本最古の噴水が位置する、石川県金沢市にある庭園は何でしょう？,兼六園,
q0017,芸能,夫にKinki Kids（キンキキッズ）の堂本剛（どうもと・つよし）を持つ、静岡県浜松市出身のアイドルは誰でしょう？,百田夏菜子（ももた・かなこ）,ペーパー行き　1桁
q0018,生活,料理研究家の尚道子（しょう・みちこ）が考案した、ウインナーの片側に切れ込みを入れ、ある海の生物の形にしたものを何というでしょう？,タコさんウインナー,
q0019,理系,素焼きのかけらや軽石などが用いられる、突沸を防ぐためにあらかじめ実験器具内に入れておく石のことを何というでしょう？,沸騰石,o：ケミカルストーン　沸石
q0020,生活,ビルの天井などに取り付けられる、火災が発生した際にエリア一面に水を撒く設備を何というでしょう？,スプリンクラー,
q0021,世界史,バビロン第一王朝において制定された、「目には目を歯には歯を」という復讐法を原則とする法典は何でしょう？,ハンムラビ法典,
q0022,言葉,進行中の物事に対して、突然支援や支持を取り消してしまうことを、高いところを上る道具を用いて「何を外す」というでしょう？,はしご,
q0023,理系,小学校では帯分数に直して表記される、分数の中でも、分子が分母より大きいもののことをなんと言うでしょう？,仮分数,
q0024,スポーツ,サッカーで、キャッチが間に合わないゴールキーパーが、拳でボールを弾くプレイのことを何というでしょう？,パンチング,△ディフレクティング（手のひらで弾く技術）
q0025,生活,アイドルなどのライブで応援グッズとして使われることもある、柄が付いた平たい骨組みに紙などを張り、あおいで風を起こす道具は何でしょう？,団扇（うちわ）,別解なし
q0026,芸能,ヤーレンズとは「ヤレロマ」というツーマンライブを開催している、松井ケムリ（まつい・けむり）と高比良くるま（たかひら・くるま）からなるお笑いコンビは何でしょう？,令和ロマン,慶應義塾大学のお笑いサークル「お笑い道場O-keis」の先輩後輩によってコンビ「魔人無骨」を結成。
q0027,漫画・アニメ・ゲーム,子供の遊び「缶蹴り」で、使用する空き缶に適しているのはアルミ缶、スチール缶のうちどちらでしょう？,スチール缶,
q0028,生活,部屋へ入る際、中の相手にその意思を知らせるためにドアを軽く叩くことを何というでしょう？,ノック,別解なし
q0029,地理,宮崎県では面積のおよそ20％、鹿児島県では60％を占める、火山灰などの堆積物からなる台地は何でしょう？,シラス台地,
q0030,生活,ポテトサラダやアイスクリームを丸く盛り付けるために使用する道具を何というでしょう？,ディッシャー,
q0031,理系,水素に対する重水素のように、原子番号が同じで質量数が異なる物質を何というでしょう？,同位体,oアイソトープ
q0032,芸術,静岡県立美術館新館には32点の彫刻が展示されている、『地獄の門』『カレーの市民』などの作品を残したフランスの彫刻家は誰でしょう？,フランソワ＝オーギュスト＝ルネ・ロダン（François-Auguste-René Rodin）,〇：オーギュスト・ロダン、ロダン
q0033,文学,三平方の定理の別名に名を残す、万物の根源を「数」と説いた、古代ギリシャの哲学者は誰でしょう？,ピタゴラス,
q0034,日本史,中国・魏の明帝（めいてい）から「親魏倭王（しんぎわおう）」の称号を与えられた、邪馬台国の女王は誰でしょう？,卑弥呼（ひみこ）,
q0035,生活,大学入学共通テストなどで使用する、鉛筆などで塗りつぶす箇所が印刷され、その箇所を機械に読み取らせるように作られた紙を何というでしょう？,マークシート,oマークカード
q0036,芸能,フルートよりちょうど1オクターブ高い音を出せる、イタリア語で「小さい」という意味がある管楽器は何でしょう？,ピッコロ,
q0037,言葉,慣用句で、大勢の人が一人にぞろぞろとついて回る様子を、ある魚を用いて「何のフン」というでしょう？,金魚,別解なし
q0038,地理,高さ330メートルとフランスで最も高い建造物である、パリのシンボルである塔は何でしょう？,エッフェル塔,
q0039,漫画・アニメ・ゲーム,日常に怪獣が発生する世界で自らも怪獣となった「日比野カフカ」を主人公とする、松本直也（まつもと・なおや）のマンガは何でしょう？,『怪獣8号』,
q0040,理系,X線の発見により、1901年に第1回ノーベル物理学賞を受賞した、ドイツの物理学者は誰でしょう？,ヴィルヘルム・コンラート・レントゲン,
q0041,生活,競技かるたにおいて、互いの陣地の取り札が残り1枚ずつとなった局面のことを何というでしょう？,運命戦,別解なし
q0042,芸能,「WHITESCORPION(ホワイトスコーピオン）」「僕が見たかった青空」「乃木坂46」の総合プロデュースをしている人物は誰でしょう？,秋元康（あきもと・やすし）,
q0043,世界史,1961年に政府の手によって作られ、1989年に民衆の手によって壊された、東西冷戦の象徴だった、かつてドイツにあった壁を何というでしょう？,ベルリンの壁,△ブランデンブルク門（ブランデンブルク門は現在も存在していて壊されてはいません）
q0044,理系,東京の地名、代々木の由来となった木ともいわれる、クリスマスツリーの木として広く知られるマツ科の常緑広葉樹は何でしょう？,もみ,
q0045,言葉,漢字では「魂消る（たましいがきえる）」と表記される、非常に驚いたことを表す言葉は何でしょう？,たまげる,〇：「たまげた」など活用形
q0046,漫画・アニメ・ゲーム,アニメやゲームのキャラクターに扮装する「コスプレ」とは、何という言葉の略語でしょう？,コスチュームプレイ,△コスプレ
q0047,理系,「仁摩（にま）サンドミュージアム」の「砂暦（すなごよみ）」が世界最大のものである、少しずつ落とした砂の量で時をはかる器具を何というでしょう？,砂時計,
q0048,文学,画家を目指す少年ネロと、老犬パトラッシュの深い友情を描いた、イギリスの作家・ウィーダの児童文学は何でしょう？,『フランダースの犬』,o『A Dog of Flanders』
q0049,生活,サウナ室に設置される一般的なサウナタイマーで、12分で1周するのは、長針、短針のどちらでしょう？,短針,
q0050,生活,自分よりも実力が低い相手に対し、小馬鹿にしたような極端な手加減をすることを、「舐めたプレイ」を略した言葉で何というでしょう？,舐めプ,
q0051,生活,「やさいサラダ味」「コーンポタージュ味」「シュガーラスク味」などのフレーバーがある、やおきんのスナック菓子は何でしょう？,うまい棒,別解なし
q0052,芸能,童謡「むすんでひらいて」の日本語の歌詞で、最終的に手は「むすんでいる」「ひらいている」のどちらで終わるでしょう？,むすんでいる,
q0053,ns,椎名林檎（しいな・りんご）やKing Gnu（キング・ヌー）の常田大希（つねた・だいき）はマイクの代わりに使うこともある、選挙の演説でおなじみの電子デバイスは何でしょう？,拡声器,（〇：トラメガ、電子メガホン、トランジスタメガホン、おまけ〇：メガホン）
q0054,理系,導体と絶縁体の中間の性質を持つ、シリコンやゲルマニウムのような物質を何というでしょう？,半導体,o元素半導体
q0055,漫画・アニメ・ゲーム,「クロウカード編」「さくらカード編」「クリアカード編」の３つのエピソードが連載された、CLAMPの漫画は何でしょう？,『カードキャプターさくら』,
q0056,言葉,漢字では「感謝（かんしゃ）」の「謝（しゃ）」の字を2つ使って表わす、「ありがとう」を意味する中国語は何でしょう？,シエシエ,別解なし
q0057,スポーツ,守備側の選手がボールにタッチしたあと、ボールがゴールラインを割った時に攻撃側に与えられる、サッカーのセットプレーは何でしょう？,コーナーキック,
q0058,公民,死亡や辞職などによって議員の数に欠員が生じ、繰り上げ当選がなかった場合に実施される選挙を特に「何選挙」というでしょう？,補欠選挙,
q0059,生活,クラスマッチとも呼ばれ、多くの高校では中間や期末テストの後に開催される、バレーボールやソフトボールなどの学級対抗のスポーツイベントは何でしょう？,球技大会,
q0060,文学,俳句において原則として１つ入れなければならない、季節を表す言葉をなんと言うでしょう？,季語,
q0061,生活,ドイツ語では「クーゲルシュライバー」という、三菱鉛筆の「ジェットストリーム」やゼブラの「サラサ」などのブランドが有名な筆記具は何でしょう？,ボールペン,oボールポイントペン　ボールポイント
q0062,世界史,イタリアのコルシカ島で生まれ、イギリス領のセントヘレナ島で亡くなった、フランス第１帝政の皇帝となった人物は誰でしょう？,ナポレオン＝ボナパルト,〇ナポレオン1世　ナポレオン
q0063,生活,メロンソーダの上にアイスクリームやソフトクリームを浮かべた飲み物のことを、俗に何というでしょう？,クリームソーダ,△メロンソーダフロート△マックフロート
q0064,スポーツ,9人制の場合は採用されない、バレーボールにおいてサーブやアタックができない守備専門のプレイヤーを何というでしょう？,リベロ,
q0065,理系,水溶液において、これ以上溶質を溶かすことができない状態のことを、特に何というでしょう？,飽和,△飽和水溶液
q0066,地理,海底から隆起したため、山頂付近の石灰岩からは三葉虫の化石が発見されている、世界一の標高を持つヒマラヤ山脈の山は何でしょう？,エベレスト,〇チョモランマ、サガルマータ
q0067,理系,パソコンの操作中に特定の範囲を指定するときなどに行う、左ボタンを押しながらマウスを動かす動作のことを何というでしょう？,ドラッグ,△ドラッグ＆ドロップ　ダブルクリック（あと振り的に不可）oクリック&ドラッグ
q0068,言葉,敬語の一種「謙譲語（けんじょうご）」を漢字で書いたとき、３つの漢字に共通する部首は何でしょう？,ごんべん,読み上げ問題で出題したい。
q0069,芸術,目元の立体感や明るさを強調するために使用する、まぶたや目尻などに陰影をつける化粧品を何というでしょう？,アイシャドウ,アイカラー
q0070,スポーツ,マラソンで、4位のランナーを追い抜いたランナーは、何位になっているでしょう？,4位,
q0071,生活,比較的単価が高く、お客の注文に合わせて職人が握って提供されるスタイルの寿司店を、安価な回転寿司店と比較する形で俗に何というでしょう？,回らない（寿司）,
q0072,芸能,5年に一度ショパン国際ピアノコンクールが開催される、ポーランドの首都はどこでしょう？,ワルシャワ,
q0073,生活,「スペ3返し」「スートしばり」「都落ち」「8切り」「革命」など地域によって様々なルールが有るトランプゲームは何でしょう？,大富豪,◯：「大貧民」
q0074,世界史,ササン朝ペルシアではアルダシール1世によって国教化された、「拝火教」という別名を持つ宗教は何でしょう？,ゾロアスター教,o祆教（中国で）
q0075,生活,カード迷路「ぐるり森大冒険」やメガコースター「四次元」などのアトラクションが設置されている、静岡県にある遊園地は何でしょう？,浜名湖パルパル,oパルパル
q0076,理系,一般的には段ごとに暗記していく、小学校2年生で習う一桁の掛け算の式と答えの一覧を漢数字二文字で何というでしょう？,九九,
q0077,生活,具材に味を満遍なく染み込ませたり、煮崩れを防ぐために使用する、煮物を作る時に食材の上にかぶせる蓋を何というでしょう？,落としぶた,
q0078,生活,河川法では高さが15メートル以上のものと定義されている、発電や治水などのために河川をせき止めて水を蓄える構造物は何でしょう？,ダム,河川法第44条で定められている15メートル未満は「堰」とよぶ
q0079,漫画・アニメ・ゲーム,格闘ゲームの『ストリートファイター』シリーズやアクションゲームの『モンスターハンター』シリーズの販売をする、日本のゲームメーカーはどこでしょう？,カプコン,
q0080,スポーツ,ボウリングで、12回連続でストライクをだし300点を記録したゲームのことを特に何というでしょう？,パーフェクトゲーム,
q0081,地理,アルファベット4文字で「DPRK」と略される、朝鮮半島にある国は何でしょう？,北朝鮮,朝鮮民主主義人民共和国
q0082,理系,植物の種類で、子房が無く胚珠がむき出しになっているものを、被子植物に対して何というでしょう？,裸子植物,
q0083,日本史,将軍退任後は駿府城で大御所政治を執り行った、江戸幕府初代将軍は誰でしょう？,徳川家康（とくがわ・いえやす）,
q0084,芸能,映画『ハナ 奇跡の46日間』『ミックス。』『ピンポン』に共通する、題材となったスポーツは何でしょう？,卓球,『ハナ』は韓国と北朝鮮が結成した史上初の南北統一チームの実話
q0085,文学,「春はあけぼの。」という書き出しの、平安時代に成立した清少納言の随筆は何でしょう？,枕草子（まくらのそうし）,
q0086,生活,M字型の刃が特徴的な、原材料にポリ塩化ビニリデンを用いる、旭化成のラップフィルムは何でしょう？,サランラップ,
q0087,芸能,ドラマ『逃げるは恥だが役に立つ』の主題歌に起用された、星野源(ほしの・げん)の楽曲は何でしょう？,『恋』,恋ダンスはもう1回
q0088,地理,ニュージーランドやノルウェーの海岸などにみられる、氷河の侵食で作られた細長い入り江を何というでしょう？,フィヨルド,峡湾（きょうわん）、峡江（きょうこう）
q0089,芸能,鈴木おさむの小説「もう明日（あす）が待っている」の題材となっている、「夜空ノムコウ」や、「世界に一つだけの花」などの代表曲があるアイドルグループは何でしょう？,SMAP,
q0090,生活,祝日法第3条2項により定められている、祝日が日曜日と重なった場合に、月曜日以降に休日をずらす制度のことを一般に何というでしょう？,振替休日,
q0091,生活,家庭ではタコ焼き器を使用して作られることも多い、オリーブオイルとニンニクで魚介類などを煮込んで作られるスペイン料理は何でしょう？,アヒージョ,
q0092,理系,「電流の強さは電圧に比例する」という法則を、ドイツの物理学者の名前から「何の法則」というでしょう？,オームの法則,
q0093,地理,「アーリア人の国」という意味の名を持つ、首都をテヘランに置く国はどこでしょう？,イラン,語源。許して
q0094,公民,家計の支出に占める飲食費の割合のことを、これを提唱したドイツの経済学者の名をとって何というでしょう？,エンゲル係数,
q0095,文学,「フォーチュン」の後につけると深沢美潮（ふかざわ・みしお）の小説、「デルトラ」の後ろにつけるとエミリー・ロッダの小説のタイトルになる言葉は何でしょう？,クエスト,https://dengekibunko.jp/title/fq/
q0096,地理,山梨側では7月1日に、静岡側では7月10日に山開きが行われる、日本の最高峰は何でしょう？,富士山,
q0097,文学,14ヶ月の間に『十三夜（じゅうさんや）』『にごりえ』『たけくらべ』といった傑作を著した、明治期の女流作家は誰でしょう？,樋口一葉（ひぐち・いちよう）,
q0098,理系,現在発見されている希ガスの中で、唯一つづりがonで終わらない、原子番号2の元素は何でしょう？,ヘリウム,
q0099,日本史,応仁の乱から100年以上続いた、各地の大名が領土を拡大するために戦（いくさ）が頻発していた時代を何時代というでしょう？,戦国時代,
q0100,漫画・アニメ・ゲーム,ゲーム『スーパーマリオシリーズ』のキャラクター・ゲッソーのモチーフになっている生き物は何でしょう？,イカ,
q0101,地理,国会議事堂や首相官邸があることから日本政界の代名詞となっている、東京都千代田区の地名は何でしょう？,永田町,
q0102,言葉,慣用表現で「先立つものがない」といった場合、ないものは何でしょう？,金,
q0103,芸能,秋山和彦（あきやま・かずひこ）、長野誠（ながの・まこと）、漆原裕治（うるしはら・ゆうじ）、森本裕介（もりもと・ゆうすけ）が完全制覇している、鋼鉄の魔城と呼ばれる巨大アスレチックに選手たちが挑むTBSの番組は何でしょう？,『SASUKE（サスケ）』,
q0104,スポーツ,男子プロボクシングで、最も重い階級は何でしょう？,ヘビー級,
q0105,理系,ずばり、本初子午線上の経度はいくつでしょう？,0度,
q0106,言葉,北海道産の馬を指す用語から転じて、北海道生まれの人を指すようになった、漢字三文字の言葉は何でしょう？,道産子（どさんこ）,
q0107,ns,放送衛星とステップ気候に共通する、アルファベット２文字の略称は何でしょう？,BS,
q0108,理系,1495億9787万700メートルを1とする、地球と太陽の平均距離から算出される長さの単位は何でしょう？,天文単位,
q0109,文学,朝井リョウの小説『桐島、部活やめるってよ』で、桐島が辞めた部活は何でしょう？,バレーボール部,
q0110,生活,1・3・7・9・ACの各ボタンを同時に押した時に、ある5文字が表示される隠しコマンドを搭載する電卓を販売しているメーカーは何でしょう？,CASIO（カシオ）,
q0111,日本史,鳥羽・伏見の戦いに始まり、箱館戦争まで続いた、新政府軍と旧幕府軍による内乱を何というでしょう？,戊辰（ぼしん）戦争,
q0112,芸能,音楽バンドで、キミのねでは大谷舞（おおたに・まい）、East Of EdenではAyasa（あやさ）、クライズラーアンドカンパニーでは葉加瀬太郎（はかせ・たろう）が担当している弦楽器は何でしょう？,バイオリン,
q0113,芸術,ファッションショーでモデルが歩く、客席に突き出したステージのことを何というでしょう？,キャットウォーク,ランウェイ
q0114,芸能,10代限定のロックフェス「閃光ライオット」をプロデュースしている、TOKYOFMのラジオ番組は何でしょう？,『SCHOOL OF LOCK（スクールオブロック）』,
q0115,文学,文語文法においてナ行変格活用する二つの動詞とは、「死ぬ」と何でしょう？,往ぬ（いぬ）,
q0116,スポーツ,リオネル・メッシなどを輩出した「LA MASIA（ラ・マシア）」という育成組織をもつ、サッカー・スペインリーグのチームは何でしょう？,FCバルセロナ,
q0117,地理,ウクライナからシベリアにかけて広がる、栄養分が豊富な黒色土壌のことを、「黒い土」という意味のロシア語で何というでしょう？,チェルノーゼム,
q0118,芸能,舞台版『ダンガンロンパ』や『パリピ孔明』の演出を手掛けた、お笑いコンビ・NONSTYLEのメンバーは誰でしょう？,石田　明（いしだ・あきら）,
q0119,世界史,「知識と行為は一体である」という「知行合一（ちこうごういつ）」の概念を取り入れた、中国・明（みん）の時代に創始された学問は何でしょう？,陽明学（ようめいがく）,
q0120,スポーツ,共にバスケットボール選手であるエブリン、ステファニー姉妹の苗字は何でしょう？,馬瓜（まうり）,
q0121,ns,通常のメガホンとは異なり、カスタネットのように叩いて音を鳴らすこともできるものを、アルファベット１文字を使って「何メガホン」というでしょう？,Vメガホン,
q0122,生活,聴覚に障害がある親を持つ、耳が聞こえる子どもたちのことを、アルファベット４文字で何というでしょう？,CODA（コーダ）,
q0123,芸能,『冒険者たち』『若者のすべて』『太陽がいっぱい』などの映画に主演した、フランスの俳優は誰でしょう？,アラン・ドロン,
q0124,世界史,「アフリカの年」と呼ばれる1960年に独立したアフリカの国の数は何カ国でしょう？,17カ国,
q0125,地理,牛の放牧地として利用されている、南アメリカのオリノコ川流域に広がる熱帯草原を何というでしょう？,リャノ,
q0126,理系,「アラクノフォビア」といえば、何という虫に対する恐怖症を指す言葉でしょう？,蜘蛛,
q0127,地理,アジア初の民間ロケット打ち上げ基地や、本州最南端の潮岬（しおのみさき）がある、和歌山県の町はどこでしょう？,串本町（くしもとちょう）,
q0128,文学,当事者にとっては幸せだが、周りの人物や読み手にとってはバッドエンドに受け取られるエンディングのことを何というでしょう？,メリーバッドエンド,
q0129,理系,「Coursera（コーセラ）」や「edX（エデックス）」が有名な、Web上で公開されている教育機関の講義を視聴できるサービスを、アルファベット4文字の略称で何というでしょう？,MOOC（ムーク）,
q0130,生活,「淡影アイズ」「ぷるんリップ」「美肌ヴェールチーク」の３つのポイントを押さえた「あざとかわいく」見えるようなメイクを、俗に「何メイク」というでしょう？,沼らせメイク,
q0131,生活,関節痛治療薬の「コンドロイチンZS錠」や滋養強壮薬の「ヘパリーゼ」シリーズを販売する、日本の製薬メーカーは何でしょう？,ゼリア新薬,
q0132,漫画・アニメ・ゲーム,劇場版アニメの『トラぺジウム』『ぼっち・ざ・ろっく』『SPY×FAMILY』などを制作をした、アニメ制作スタジオは何でしょう？,CloverWorks(クローバーワークス）,
q0133,文学,東野圭吾（ひがしの・けいご）の『白馬山荘殺人事件』やアガサ・クリスティの『そして誰もいなくなった』の題材となった、イギリスの伝承童話は何でしょう？,マザー・グース,
q0134,言葉,15秒から30秒の間でビジネスについてプレゼンする手法のことを、乗り合わせる時間の短いある乗り物の名前を使ってなんというでしょう？,エレベーターピッチ,
q0135,芸能,ライブハウスなどで音楽に乗せて行われることも多い、詩人が自らの詩を朗読することを特に何というでしょう？,ポエトリーリーディング,
q0136,スポーツ,2030年のサッカーW杯を共同開催する3カ国とは、ポルトガル、スペインとどこでしょう？,モロッコ,
q0137,ns,「注意喚起」という意味の英語を由来とする、ポーカーにおいて、参加プレイヤーが２人だけという状況のことを何というでしょう？,ヘッズアップ,
q0138,生活,ダイヤル付きの「＋（プラス）」や6ボタンの「mini（ミニ）」などのラインナップがある、Elgato（エルガト）が販売する配信者向けデバイスは何でしょう？,STREAMDECK（ストリームデッキ）,
q0139,理系,共同研究の論文では最初に名前が掲載される、その研究に最も貢献した著者のことを何というでしょう？,ファーストオーサー,筆頭著者
q0140,生活,休日や夜間に、こどもの病気の対処や病院を受診するか相談する「こども医療でんわ相談」のダイヤルは「＃いくつ」でしょう？,#8000,
q0141,漫画・アニメ・ゲーム,「夕陽とやすみのコーコーセーラジオ」で共演する二人の主人公を中心にアイドル声優業界を描く、二月公（にがつ・こう）のライトノベルは何でしょう？,『声優ラジオのウラオモテ』,
q0142,スポーツ,父に元F1レーサーの英樹を持つ、現在スーパーフォーミュラで活動する女性レーサーは誰でしょう？,野田樹潤（のだ・じゅじゅ）,JUJU・ジュジュ
q0143,芸術,風力で動く生命体のような巨大作品の「ストランドビースト」で知られる、オランダの彫刻家は誰でしょう？,テオ・ヤンセン,
q0144,理系,LAND-io（ランドアイオー）やGartic Phone（ガーティックフォン）などのゲームをフレンドと共有しながら遊べる、通話アプリDiscode（ディスコード）の機能は何でしょう？,アクティビティ,
q0145,芸能,「アンチニヒリズム」をコンセプトに掲げ独特の詩世界を表現する、青森県在住の秋田ひろむを中心とするバンドは何でしょう？,amazarashi（あまざらし）,
q0146,生活,東京カルチャーをベースに、大人な女性の為のストリートウェアを展開する、市毛綾乃（いちげ・あやの）がデザイナーを務めるレディースブランドは何でしょう？,NON TOKYO(ノントーキョー）,
q0147,文学,孟子が提唱した性善説の論拠となっている、万人が持ち、徳につながるとされる四つの心のことを何というでしょう？,四端（したん）,
q0148,地理,真っ赤な鉄橋のレインボーブリッジの中間に位置している、秘境駅として知られる大井川鉄道の駅はどこでしょう？,奥大井湖上駅,
q0149,芸術,南ベトナムの警察庁長官グエン・ゴク・ロアン中佐がベトコンの兵士を路上で射殺する瞬間を捉えた、エドワード・アダムスの写真は何でしょう？,『サイゴンでの処刑』,
q0150,芸能,卓越した速弾き奏法から「光速ギタリスト」の異名を持つ、ロックバンド「MR .BIG（ミスタービッグ）」のギタリストは誰でしょう？,ポール・ギルバート,
q0151,生活,アルファベット３文字で「SNS」と略される、1999年にスニーカーのセレクトショップとして創業された、スウェーデンのブランドは何でしょう？,スニーカーズエンスタッフ,
q0152,理系,命題「SNS the 2ndであれば、クイズ大会である」の対偶は何でしょう？,クイズ大会でなければSNSthe2ndではない,oそれらしければ正解
q0153,生活,毎年春に開催される「キャラクター大賞」も注目を集める、ハローキティなど多くの人気キャラクターを生んだ企業は何でしょう？,サンリオ,
q0154,生活,東海道新幹線の「こだま」「ひかり」「のぞみ」のうち、最も指定席が多いのはどれでしょう？,のぞみ,のぞみ：13両　ひかり：11両　こだま：6両
q0155,文学,西洋事情書の『西洋記聞（せいようきぶん）』や自叙伝の『折たく柴の記』を著した、江戸時代の政治家は誰でしょう？,新井白石（あらい・はくせき）,西洋記聞はシドッチの尋問を元に結果を現したもの
q0156,日本史,被差別部落解放を目的として1922年に西光万吉（さいこう・まんきち）らが結成した組織は何でしょう？,全国水平社,
q0157,ns,日本の競走馬「イクノディクタス」とイギリスの政治家「マーガレット・サッチャー」に共通する、ある金属を用いた異名は何でしょう？,鉄の女,
q0158,生活,ジョーカーを入れていないポーカーでは最強の役である、同じスートの10・ジャック・クイーン・キング・エースをそろえた役を何というでしょう？,ロイヤルストレートフラッシュ,
q0159,言葉,カラオケなどで、複数人で来ているにもかかわらず一人で歌い続ける人のことを、俗に「何を離さない人」というでしょう？,マイク,マイクを離さない人は嫌われる
q0160,理系,地殻中に存在する元素の中では酸素に次いで２番目に多い、原子番号14、元素記号Siの元素は何でしょう？,ケイ素,◯シリコン　アボガドロ定数の測定に用いられている
q0161,生活,AI学習システムの「atama+（アタマプラス）」と共同開発したオンライン模擬試験を実施している、大手大学受験予備校は何でしょう？,駿台予備校,◯駿台予備学校
q0162,芸能,現在はアメリカの歌手・アダム・ランバードと共に活動している、代表曲に『ボヘミアン・ラプソディー』などがあるロックバンドは何でしょう？,QUEEN（クイーン）,
q0163,日本史,894年に宇多（うだ）天皇に対し遣唐使の廃止を申し入れた、学問の神様として祀られている平安時代の政治家は誰でしょう？,菅原道真（すがわらのみちざね）,
q0164,漫画・アニメ・ゲーム,ゲーム『ドラゴンクエスト』のキャラクターデザインや、『ドラゴンボール』などの作品で知られる漫画家は誰でしょう？,鳥山明（とりやま・あきら）,
q0165,理系,花粉症における花粉のように、アレルギー症状を引き起こす物質のことを一般に何というでしょう？,アレルゲン,〇アレルギー物質
q0166,公民,毎日新聞のエラボートに代表される、自分と政党の考え方がどれだけ一致しているかを測定できるサービスを何というでしょう？,VOTEMATCH（ボートマッチ）,個別のサービスを答えられた場合はもう1回
q0167,生活,急な発熱やケガなどの応急処置のため、普段から家庭に備えておく市販薬を何と言うでしょう？,常備薬,o配置薬　o置き薬
q0168,理系,「ファーストレディ」「ピンククラウド」「ソメイヨシノ」などの品種がある、バラ科の落葉広葉樹は何でしょう？,桜,
q0169,言葉,アイドルなどを本気で恋愛対象として見ている状態のことを、「ガチンコ」を略した言葉を使って何というでしょう？,ガチ恋,△リアコ
q0170,芸術,『名所江戸百景』や『東海道五十三次』といった風景画の連作を描いた、江戸時代の浮世絵師は誰でしょう？,歌川広重（うたがわひろしげ）,安藤広重安藤重右衛門（本名）
q0171,漫画・アニメ・ゲーム,「Ave Mujica（アベムジカ）」「MyGO !!!!!（まいご）」「Poppin’Party（ポッピンパーティー）」などのガールズバンドが登場するアニメシリーズは何でしょう？,『BanG Dream!（バンドリ！』,△ガールズバンドパーティー
q0172,生活,高低差、長さ日本一のボディスライダー「ビッグアロハ」が設置されている、福島県いわき市にあるテーマパークは何でしょう？,スパリゾートハワイアンズ,
q0173,理系,イギリスの科学者コリン・チェリーによって提唱された、大勢の中でも自分の聞きたい声や音ははっきりと聞こえてくる現象を、「何効果」というでしょう？,カクテルパーティー効果,
q0174,芸能,「波の谷間に 命の花が ふたつ並んで 咲いている」と歌い出す、鳥羽一郎（とば・いちろう）の代表曲は何でしょう？,『兄弟船』,（補足）実弟の山川豊、次男の木村徹二も演歌歌手
q0175,生活,革製品やトイレットペーパー、車のナンバープレートに施される、表面に凹凸（おうとつ）模様をつける加工を何というでしょう,エンボス加工,
q0176,言葉,滑車を利用して井戸の水をくみ上げる桶のことで、ことわざでは秋の日暮れの速さを例えるのに使われるものは何でしょう？,釣瓶（つるべ）,△釣瓶落とし
q0177,生活,熱中症の危険性が極めて高くなると予測された際、予防行動を促すために環境省と気象庁が発表する情報を何というでしょう？,熱中症警戒アラート,△熱中症アラート
q0178,文学,力強い和漢混淆文（わかんこんこうぶん）で書かれている、鎌倉幕府の滅亡から南北朝時代の動乱を描いた、全40巻からなる軍記物語は何でしょう？,『太平記』,
q0179,理系,マリナー10号によって初めて行われた、天体の重力を利用し、探査機の軌道を変更する技術は何でしょう？,スイングバイ,〇かすめ飛行　グラビティアシスト
q0180,言葉,「in」「on」「under」など、名詞や代名詞の前に置き、その語句と他の語句との関係を示す英語の品詞を何というでしょう？,前置詞,opreposition
q0181,生活,得点数を予想する「GOLE3（ゴールスリー）」や、指定された５試合の勝敗を予測する「mini（ミニ）」といった種類がある、日本で販売されているサッカーくじを何というでしょう？,TOTO(トト）,
q0182,生活,「コバエホイホイ」や「ゴキブリホイホイ」などの害虫駆除剤を販売している企業は何でしょう？,アース製薬,
q0183,地理,世界恐慌下のドイツで公共事業として建設された、現在も国内の重要な交通網となっている高速道路は何でしょう？,アウトバーン,Autobahn
q0184,文学,きんぎょを探して遊びながら子供の考える力や集中力、観察力を伸ばせる、五味太郎の絵本は何でしょう？,きんぎょがにげた,
q0185,生活,エキスポシティー内の「OSAKA WHEEL（オオサカホイール）」が日本最大のものである、遊園地で人気の乗り物は何でしょう？,観覧車,oフェリスホイール
q0186,理系,「地球は青かった」という名言で知られる、1961年、ボストーク1号に搭乗し世界初の宇宙飛行士となった人物は誰でしょう？,ユーリ・ガガーリン,
q0187,公民,提出する際には証人となる二人の署名が必要である、結婚をする際に役所に届ける書類を何というでしょう？,婚姻届,
q0188,芸術,京都の寺院「鹿苑寺(ろくおんじ)金閣」と「慈照寺(じしょうじ)銀閣」に共通する、仏教の宗派は何でしょう？,臨済宗,
q0189,漫画・アニメ・ゲーム,シューティングゲームやアクションゲームで、物体同士の接触や衝突の判定のことを俗に「何判定」というでしょう？,当たり判定,o衝突判定
q0190,芸能,番組内でRADWIMPS（ラッドウィンプス）の『正解』やYOASOBI（よあそび）の『HEARTBEAT（ハートビート）』が1000人の18世代によって歌われた、NHKが毎年放送する特別番組は何でしょう？,『18祭（じゅうはちフェス）』,△18まつり
q0191,世界史,シドンやティルスなどの港町を拠点とした地中海貿易で発展した、アルファベットの元となった文字を発明した民族は何でしょう？,フェニキア人,
q0192,公民,「公示（こうじ）」と「告示（こくじ）」のうち、地方議員選挙や首長選挙の期日を知らせることを表すものはどちらでしょう？,告示,
q0193,文学,自然の原理を探究し「万物は流転する」と結論づけた、古代ギリシアの哲学者は誰でしょう？,ヘラクレイトス,イオニア自然哲学　エフェソスで生まれている　同じ川には2度は入れない
q0194,生活,web上で使えるビジネスツールの「フォーム」「スライド」「ドキュメント」「スプレッドシート」などを展開している、大手IT企業は何でしょう？,Google,
q0195,理系,8月から12月にかけて観測される、南極の上空でオゾンの層が薄くなる現象を何というでしょう？,オゾンホール,
q0196,スポーツ,陸上競技のフライングの文脈でよく耳にする、スタートの合図後、実際に動き出すまでの時間のことを「何タイム」というでしょう？,リアクションタイム,▲スタート反応時間
q0197,公民,日本では鶴岡八幡宮の裏山での宅地開発をきっかけに始まった、市民が資金を出し、自然や歴史的環境を買い取る保護運動を何というでしょう？,ナショナルトラスト運動,
q0198,公民,消防車やパトカーなど、サイレンを鳴らし回転灯をつけている間は優先通行権が与えられている車両を「何車両」というでしょう？,緊急自動車,o緊急車両
q0199,言葉,一見（いっけん）違っているように見えて実は同類であることを、タヌキやアナグマを指す言葉を使って「同じ穴の何」というでしょう？,ムジナ,
q0200,理系,人間には左右12対（つい）ある、湾曲した形状で背骨と胸骨（きょうこつ）を繋ぎ、内臓を保護している骨は何でしょう？,肋骨,oあばら骨
q0201,生活,イギリスの「ヒースロー空港」やシンガポールの「チャンギ国際空港」のような、航空網の中核となる空港のことを何空港というでしょう？,ハブ空港,◯経軸空港、拠点空港
q0202,理系,日本におけるケフェウス座やこぐま座のように、ある地点から観察した際に、常に地平線上にある星座のことを何というでしょう？,周極星,o周極星座
q0203,芸能,宮廷画家のシュティーラーによって描かれた肖像画が有名な、『運命』や『田園』などの交響曲で知られるドイツの作曲家は誰でしょう？,ルートヴィヒ・ヴァン・ベートーベン,宮廷画家のフルネーム　ヨーゼフ・カール・シュティーラー
q0204,漫画・アニメ・ゲーム,『実況パワフルプロ野球』よりもリアルさを追求した超美麗グラフィックが特徴の、「プロスピ」と略されるKONAMIの野球ゲームシリーズは何でしょう？,プロ野球スピリッツ,
q0205,生活,愛知県常滑市（とこなめし）が全国シェアの約8割を占めている、右手をあげたものはお金を、左手をあげたものは人を招くとされる縁起物は何でしょう？,招き猫,別解なし
q0206,理系,著書『算盤（さんばん）の書』でアラビア数字をヨーロッパに紹介したことや、1、1、2、3、5、8と続く数列に名を残すイタリアの数学者は誰でしょう？,（レオナルド・）フィボナッチ,別解なし
q0207,生活,船の甲板（かんぱん）の掃除道具として開発されたことから名がついた、トイレなどの床を掃除するときに使う道具は何でしょう？,デッキブラシ,
q0208,文学,詩集『青猫(あおねこ)』や『月に吠える』で知られる、大正・昭和時代の詩人は誰でしょう？,萩原朔太郎（はぎわら・さくたろう）,
q0209,スポーツ,1番ボールから順番にポケットに落とし、9番ボールを落とした方が勝利となる、日本で最もポピュラーなビリヤードのルールは何でしょう？,ナインボール,
q0210,公民,「外国と通謀（つうぼう）して日本国に対し武力を行使させた者は、死刑に処する。」と刑法第81条で規定されている犯罪は何でしょう？,外患誘致罪（がいかんゆうちざい）,
q0211,日本史,京桝（きょうます）や、1間（いっけん）の検地竿（けんちざお）を使って実施された、1582年に豊臣秀吉がおこなった検地を何というでしょう？,太閤検地,o天正の石直し（こくなおし）
q0212,生活,名前はギリシャ神話の太陽神から取られ、形はアメリカの宇宙船をイメージして作られた、明治のチョコレートは何でしょう？,アポロ,【判定】✕「アポロン」
q0213,公民,控訴と上告のうち、第一審の判決に対する不服の申し立てを意味するものはどちらでしょう？,控訴（こうそ）,
q0214,生活,「にんにく」「きくらげ」「オスカランの酸味」などのトッピングメニューがある、「味集中カウンター」が設置されているラーメン専門店は何でしょう？,一蘭（いちらん）,別解なし
q0215,理系,鳥類と哺乳類が該当する、外界の温度の変化に関係なく体温をほぼ一定に保つことができる動物を何というでしょう？,恒温動物,o定温動物、温血動物
q0216,芸能,「欽ちゃん」というニックネームを持つ、『全日本仮装大賞』などの司会で知られるコメディアンは誰でしょう？,萩本欽一（はぎもと・きんいち）,
q0217,日本史,身分の上下に関係ない公平な裁判を実現するために、北条泰時（ほうじょう・やすとき）が1232年に制定した法令は何でしょう？,御成敗式目（ごせいばいしきもく）,〇貞永式目もともとの目的は「地頭と荘園領主の土地紛争の増加に対応するため」御成敗＝裁判のこと
q0218,言葉,物事の損得を考えることを、昔ながらの道具を用いた計算に例えて「何をはじく」というでしょう？,そろばんをはじく,
q0219,漫画・アニメ・ゲーム,市街地を模したフィールドや森林フィールドの中でエアソフトガンを打ち合って勝敗を競う、「サバゲ」と略されるゲームは何でしょう？,サバイバルゲーム,
q0220,理系,「Intrinsic（イントリンシック）」と「Extrinsic（エクストリンシック）」の２種類に大別される、生成AIが事実に基づかない情報を生成する現象を何というでしょう？,ハルシネーション,