q0001,文学,イエス・キリストが誕生したときに空に輝いたとされることから、クリスマスツリーの一番上に飾られている星のことを「何の星」というでしょう?, ベツレヘムの星,
q0002,生活,ベトナム航空のキャビンアテンダントの制服に採用されている、チョーサンとクワンから成るベトナムの民族衣装は何でしょう?, アオザイ,
q0003,ns,船体に溜まった静電気が、マストの先端から空に向かって放電される発光現象を、船乗りの守護聖人の名から何というでしょう?, セントエルモの火,
q0004,地理,世界初の鉄橋コールブルックデール橋がかかる、ボアと呼ばれる逆流現象も有名な、イギリスで最も長い川は何でしょう?, セヴァーン川,
q0005,ns,現時点で日本人が一度も受賞していない、ノーベル賞の部門は「何賞」でしょう?, 経済学賞,
q0006,文学,「完璧な文章などといったものは存在しない。完璧な絶望が存在しないようにね。」という書き出しの、村上春樹のデビュー作は何でしょう?, 風の歌を聴け,
q0007,k音ば,江戸っ子の威勢のいい言葉の調子のことを、相手を罵る時に言った言葉を用いて「何口調」というでしょう?, べらんめえ口調,
q0008,ns,筆致の速さから「電筆将軍」と称された、日本語における速記術を創始した人物は誰でしょう?, 田鎖鋼紀（たくさり・こうき）,
q0009,スポーツ,優先権の概念がないため両方が同時に得点することもある、全身を有効面とするフェンシングの種目は何でしょう?, エペ,
q0010,地理,新聞社や通信社が軒を並べるため、イギリス新聞界の別名にもなっている、ロンドンの街路の名前は何でしょう?, フリートストリート,
q0011,スポーツ,『スポーツイベントハンドボール』の編集長・野村彰洋によって命名された、国際的スポーツイベントなどにおいて極端にアラブ地域に有利になるような判定が下されることを、俗に「どこの何」というでしょう?, 中東の笛,
q0012,地理,兵庫県の淡路島にある三つの市とは、淡路市、南あわじ市とあとひとつは何市でしょう?, 洲本市,
q0013,生活,「VOCALOID」「エレクトーン」「ピアニカ」を商標登録している、大手楽器メーカーは何でしょう?, ヤマハ,
q0014,ns,明朝体の字に見られる、横画の右端についた三角形の山を何というでしょう?, うろこ,
q0015,スポーツ,ゴルフボールの表面にあるくぼみのことを英語で何というでしょう?, ディンプル,
q0016,理系,医学的には「雀卵斑(じゃくらんはん)」と呼ばれる、思春期の女性の顔によくみられる褐色の小さなシミを何というでしょう?, そばかす,
q0017,地理,国旗には伝統的な帽子「バソト・ハット」が描かれている、南アフリカ共和国に完全に囲まれた地理的特徴を持つ国はどこでしょう?,レソト共和国,
q0018,文学,日本神話において、地下にある黄泉の国に対して、神々が住むとされる天上の世界をなんというでしょう?,高天原(たかまがはら/たかまのはら),
q0019,芸術,ユージン・オーマンディーが42年間も指揮者を務めた、ペンシルベニア州に拠点を置く名門オーケストラは何でしょう?,フィラデルフィア・フィルハーモニー,
q0020,地理,源頼朝が99本の矢を立てて長さを測ったという伝説がある、千葉県東部のギョウブ(刑部)岬から太東崎まで広がる海岸は何でしょう?,九十九里浜,
q0021,公民,株価の急激な変動を防ぐため、一時的に株式の取引を停止する金融市場の安全装置を、電気回路に例えて何というでしょう?,サーキットブレーカー,
q0022,文学,『平家物語』などに登場する、頭は猿、胴体は狸、尾は蛇、手足は虎という異形の姿を持つ妖怪は何でしょう?,鵺(ぬえ),
q0023,芸能,日本では田中星児(たなか・せいじ)やトランザムのカバー版もよく知られる、ダニエル・ブーンの代表曲は何でしょう?,『Beautiful Sunday』,
q0024,生活,重症筋無力症の患者のために開発された、中心を指で挟み、羽根部分をはじいて回転させて遊ぶ玩具は何でしょう?,ハンドスピナー 【フィジェットスピナー】,
q0025,日本史,24年9か月の在位期間を誇りながら、元弘(げんこう)の乱で幕府滅亡後に出家し、3か月後に32歳で没した、鎌倉幕府第9代将軍は誰でしょう?,守邦親王(もりくにしんのう),
q0026,スポーツ,スペインではサッカーを抜いて競技人口が最も多いスポーツとなっている、テニスとスカッシュの要素を併せ持つ球技は何でしょう?,パデル ,
q0027,漫画・アニメ・ゲーム,『攻殻機動隊』シリーズのバトー役や、『メタルギア』シリーズのソリッド・スネーク役で知られるベテラン声優は誰でしょう?,大塚明夫 (おおつか・あきお),
q0028,生活,海苔巻きや太巻き寿司を作るときに使用する、細長く切りそろえた竹を木綿糸で編んだ調理道具は何でしょう?,巻き簾 (まきす、まきすだれ),
q0029,文学,持ち前の反骨精神から「マムシの周六」と恐れられた、明治時代に『よろず(萬)朝報』を創刊し、政治家や著名人のスキャンダルを暴露したジャーナリストは誰でしょう?,黒岩涙香(くろいわ・るいこう),
q0030,芸能,妻のアニエス・ヴァルダとともに左岸派を代表する、『シェルブールの雨傘』などのミュージカル映画で知られるフランスの映画監督は誰でしょう?,ジャック・ドゥミ,
q0031,生活,群馬県では辛口バージョンが「ベスビオ」と呼ばれることもある、魚介の旨味とトマトソースが調和したイタリアンパスタは何でしょう?,ペスカトーレ,
q0032,文学,「遊び」を「アゴン」、「アレア」、「ミミクリ」、「イリンクス」の4種類に分類した、20世紀フランスの社会学者は誰でしょう?,ロジェ・カイヨワ,
q0033,漫画・アニメ・ゲーム,車椅子に座ったミイラの女性や、動く鎧などが印象的な、サウンドノベルの金字塔として知られるチュンソフトのホラーゲームは何でしょう?,弟切草,
q0034,日本史,神武天皇の建国の理念とされ、戦前の日本で国家スローガンとしても使われた、全世界をひとつの家にすることを表す四字熟語は何でしょう?,八紘一宇(はっこういちう),
q0035,文学,被差別部落出身の青年・瀬川丑松(せがわうしまつ)を主人公に部落差別の問題を描いた、自然主義文学の先駆けとされる島崎藤村の小説は何でしょう?,『破戒』(はかい),
q0036,芸術,飲食チェーンの「リンガーハット」では餃子の焼き上がりを知らせる音楽として使われている、スティーブン・フォスターの曲は何でしょう?,『草競馬』,
q0037,生活,自分より上の立場の人の顔色しかうかがわず、部下のことはまるで眼中にない社員のことを、ある魚の見た目にたとえて「なに社員」というでしょう?,ヒラメ社員,
q0038,生活,世界で初めてシームレス技術を駆使したストッキングを開発した、オーストリアのストッキングメーカーは何でしょう?,ウォルフォード ,
q0039,地理,モンゴル帝国で整備された、約40kmごとに駅亭を置き、使節や軍人、官吏に馬や食料を提供した駅伝制度を何というでしょう?,ジャムチ,
q0040,漫画・アニメ・ゲーム,ゲーム『実況パワフルプロ野球』シリーズに登場する、びんぞこ(瓶底)メガネをかけ「なになにでやんす」が口癖の架空の野球選手は誰でしょう?,矢部明雄 (やべ・あきお),
q0041,地理,吉田初三郎(よしだ・はつさぶろう)が大正から昭和にかけて多く制作した、観光案内に用いられる上空から斜めに見下ろしたような景観図は何でしょう?,鳥瞰図 (ちょうかんず),
q0042,生活,右手を挙げている場合はお金を招き、左手を挙げている場合は人を招くとされる、商売繁盛の縁起物として知られる猫の形をした置物は何でしょう?,招き猫,
q0043,スポーツ,オートレーサー・岩田行雄の異名にもなっている、集団に属さず自分の信念で行動する人を、ある動物の様子から何というでしょう?,一匹狼,
q0044,理系,レジデント型、トランジェント型、オフショア型などの生態タイプがあり、魚類からクジラまで幅広い食性を持つ、「海の王者」と呼ばれる哺乳類は何でしょう?,シャチ ,
q0045,芸能,1964年公開の映画『三大怪獣・地球最大の決戦』で初登場以降、ゴジラのライバルとして定着している東宝の怪獣は何でしょう?,キングギドラ,
q0046,生活,使用前には防水スプレーが推奨される、おもに靴やコートなどに使用される、革の内側を磨いて起毛させた素材は何でしょう?,スウェード ,
q0047,生活,身分や地位に関係なく、全ての人が頭を下げて入ることで平等性を表現する、茶室の入り口として使われる特徴的な形式は何でしょう?,にじり口,
q0048,理系,線対称な形状を持ち、円に内接する性質をもつ、底辺の両端の内角が互いに等しい台形を特に「なに台形」というでしょう?,等脚台形(とうきゃくだいけい),
q0049,生活,「現場を支えるネットストアー」をコンセプトに、約2000万点の工業用間接資材をオンラインで販売する、大阪市に本社を置く企業は何でしょう?,株式会社 MonotaRO(モノタロウ),
q0050,スポーツ,シービスケットとウォーアドミラルの伝説的なマッチレースの会場ともなった、毎年5月にプリークネスステークスが開催されるアメリカの競馬場はどこでしょう?,ピムリコ競馬場,
q0051,公民,東京本館、関西館、国際子ども図書館の3施設で構成される、国内で発行されたすべての出版物を収集保存している図書館は何でしょう?,国立国会図書館,
q0052,日本史,1486年に主君の上杉定正によって謀殺され、最期に「当方滅亡」と叫んだとされる、江戸城を築城した室町時代の武将は誰でしょう?,太田道灌(おおた どうかん),
q0053,漫画・アニメ・ゲーム,「アニソン界のおしゃべりクソメガネ」を自称する、『ダイヤのエース』『月刊少女野崎くん』などの人気アニメ主題歌を手掛けた作曲家は誰でしょう?,オーイシマサヨシ,
q0054,生活,「人間」、「産業」、「社会」、「時間」の4つの視点から審査が行われ、シンボルマークの「Gマーク」で広く知られる、日本デザイン振興会主催の賞は何でしょう?,グッドデザイン賞,
q0055,芸能,フランス映画『勝手にしやがれ』のパトリシア役や、アメリカ映画『悲しみよこんにちは』のセシル役を演じた女優は誰でしょう?,ジーン・セバーグ,
q0056,芸術,ジョアン・ジルベルトの『想いあふれて』や『イパネマの娘』がその例に挙げられる、1960年代に世界的に人気を博したブラジル発祥の音楽ジャンルは何でしょう?,ボサノヴァ,
q0057,文学,本名を杉山泰道(すぎやま・やすみち)という、1935年に刊行した『ドグラ・マグラ』が日本三大奇書の一つとして知られる作家は誰でしょう?,夢野久作 (ゆめの・きゅうさく),
q0058,地理,マルクト広場やベッヒャー像などの観光スポットがある、音楽隊が活躍するグリム童話の舞台ともなったドイツ北部の港湾都市はどこでしょう?,ブレーメン ,
q0059,理系,干しシイタケに特に多く含まれる、グルタミン酸、イノシン酸と並んで三大うま味成分の一つとされる物質は何でしょう?,グアニル酸,
q0060,生活,「ウサギのようでシカのような架空の生命体」という設定の、埼玉県深谷市の特別住民でもある、ゆるキャラの名前は何でしょう?,ふっかちゃん,
q0061,地理,マオリ語では「アオラキ」と呼ばれる、標高3724メートルとニュージーランドの最高峰である山の名前は何でしょう?,クック山,
q0062,スポーツ,ゴールエリア内で空中にいる間にパスを受け、そのままシュートを決める、ハンドボールの見せ場となるプレーを何というでしょう?,スカイプレー 【ケンパトリック】,
q0063,漫画・アニメ・ゲーム,2008年頃まで群馬県渋川市寄居町(よりいちょう)に実在していた、漫画『イニシャル・ディー』(頭文字D)で主人公の父親が経営する豆腐店は何でしょう?,藤原とうふ店,
q0064,芸能,元EXILEの啓司(けいじ)や女優のハル(華)に共通する、宮崎県出身者に多い苗字は何でしょう?,黒木,
q0065,生活,醤油味の炊き込みご飯にタコ煮や菜の花、刻み穴子などが盛り付けられた、兵庫県神戸市の淡路屋が販売する名物駅弁は何でしょう?,ひっぱりだこ飯 (ひっぱりだこめし),
q0066,スポーツ,自宅に併設した「シラカーンジム」で練習に励んだ、日本人として初めて世界ボクシングのフライ級王座を獲得した選手は誰でしょう?,白井義男 (しらい・よしお),
q0067,生活,エンブレムに「ダブルシェブロン」と呼ばれる2つの逆V字型のマークを使用している、現在はステランティスの傘下となっているフランスの大手自動車ブランドは何でしょう?,シトロエン,
q0068,文学,ケルト神話において、航海と魔術を司る神として知られ、マン島の支配者とされる海の神はどなたでしょう?,マナナン・マクリル,
q0069,言葉,水に沈むことから泳げない人の比喩にも使われる、釘を打ち込むのに使う大工道具のひとつは何でしょう?,かなづち,
q0070,芸能,ビー・ジーズの曲『ステイン・アライブ』が使用された、70年代のニューヨークのディスコシーンを描いたジョン・トラボルタ主演の映画は何でしょう?,『サタデー・ナイト・フィーバー』,
q0071,理系,18桁の精度で1秒を刻むことができ、セシウム原子時計に代わる次世代の時間標準として期待される、レーザー光で原子を捕捉して時間を測定する装置は何でしょう?,光格子時計(ひかりこうしどけい),
q0072,生活,歳神様をお迎えするのに急ごしらえで失礼にあたるとされる、12月31日にお正月飾りを行うことを何というでしょう?,一夜飾り(いちやかざり),
q0073,理系,ある2進数を3桁・左シフトした場合、その値はもとの値の何倍になるでしょう?,8倍【=2^3】,
q0074,地理,2020年に屋台料理の「ホーカー」が無形文化遺産に登録された、マレー半島の南端に位置する国はどこでしょう?,シンガポール,
q0075,芸術,日本で初めて口語による童謡を作詞した、『お正月』や『鳩ぽっぽ』などの作品を残した作詞家は誰でしょう?,東くめ(ひがし・くめ),
q0076,生活,オーバーイージー、オーバーハード、サニーサイドアップといったら、どんな料理の焼き方を指す言葉でしょう?,目玉焼き 【×玉子焼き】,
q0077,理系,熱力学第三法則によれば理論的に到達不可能とされる、すべての物質が活動を停止する摂氏マイナス273.15度の温度を何というでしょう?,絶対零度,
q0078,スポーツ,日本中央競馬会が発売する、指定された5つのレース全ての1着馬を当てることで高額配当が狙える馬券は何でしょう?,WIN5 (ウィンファイブ),
q0079,日本史,太平洋戦争末期、日本軍が偏西風を利用してアメリカ本土を攻撃しようと開発した、和紙製の気球に爆弾を取り付けた兵器は何でしょう?,風船爆弾,
q0080,生活,ウエストを細くする「タイトレーシング」で用いられる、胴体を締め付ける女性用の体型補正下着は何でしょう?,コルセット,
q0081,ns,太陽光発電や高断熱化などにより、年間のエネルギー消費量の収支をゼロにする住宅設計を、アルファベット3文字で何というでしょう?,ZEH(ゼッチ) ,
q0082,芸能,『もういいよ』、『ビバ・イナイイナイバァ』、『はいよろこんで』などの曲で知られる、歌手の菅田将暉を兄にもつクリエイターは誰でしょう?,こっちのけんと 【本名:菅生健人】,
q0083,生活,流通科学大学を設立するなど教育者としても活動した、総合スーパー「ダイエー」の創業者として知られる日本の実業家は誰でしょう?,中内功 (なかうち・いさお),
q0084,理系,綱引きの実験により参加人数が増えるほど1人あたりの力が減少することを示し、その効果に名を残すフランスの農学者は誰でしょう?,マクシミリアン・リンゲルマン,
q0085,芸能,スポーツ中継が悪天候で中止になった際に代わりに放送される、予備の番組のことを何というでしょう?,雨傘番組,
q0086,地理,水戸・偕楽園の借景として重要な役割を果たす、那珂川(なかがわ)下流の土砂の堆積でせき止められてできたヒョウタン型の淡水湖は何でしょう?,千波湖 (せんばこ),
q0087,芸術,1811年にセバスチャン・エラールによってダブルアクション式が完成し、あらゆる調の演奏が可能になった、47本の弦に7つのペダルを持つ楽器は何でしょう?,ハープ,
q0088,文学,山形県川西町に自身の蔵書を寄贈して「遅筆堂文庫」を開設した、『ブンとフン』や『吉里吉里人』などの小説で知られる作家は誰でしょう?,井上ひさし,
q0089,スポーツ,全仏オープンで14回の優勝を果たし、「キング・オブ・クレー」の異名をとる、スペイン出身のテニス選手は誰でしょう?,ラファエル・ナダル,
q0090,芸能,2002年の映画『リベリオン』で主人公が駆使する、銃を用いた幾何学的な動きが特徴的な架空の戦闘技術は何でしょう?,ガン・カタ,
q0091,生活,食物繊維のフルクタンを豊富に含み「畑の薬」とも呼ばれる、酢漬けにしたものがカレーライスの付け合わせとして定番のユリ科の植物は何でしょう?,らっきょう,
q0092,生活,調理スペースが中央に配置され、周囲に収納やシンクがあるキッチンのことを、独立させた「島」のように配置することから「何キッチン」というでしょう?,アイランドキッチン,
q0093,スポーツ,たこ八郎や辰吉丈一郎など多くのボクサーが苦しんだとされる、頭部への衝撃の蓄積によって引き起こされる神経変性疾患は何でしょう?,パンチドランカー,
q0094,芸術,かみがた(上方)落語では『さくらんぼ』という題目で演じられる、頭から大きな桜の木が生えてきた男を主人公とする落語の演目は何でしょう?,あたま山,
q0095,理系,本来は乳幼児に突然起こることのある発熱をさす言葉だが、近年は「頭を使いすぎたときに起こる熱」という意味でも使われている言葉は何でしょう?,知恵熱,
q0096,生活,キャンプや野外活動で火を起こす際、着火を容易にするために木材を細かく削って作る、羽根のような形状の道具は何でしょう?,フェザースティック,
q0097,スポーツ,1972年の札幌冬季オリンピックで銅メダルを獲得し、「札幌の恋人」「銀盤の妖精」と呼ばれた、アメリカ出身の女性フィギュアスケート選手は誰でしょう?,ジャネット・リン,
q0098,理系,ホワイトニングと組み合わせて行われることも多い、専用の薬剤を塗布して歯茎の黒ずみを改善する治療法を何というでしょう?,ガムブリーチ 【ガムブリーチング、ガムピーリング】,
q0099,文学,元ロイター通信の特派員としての経験を活かし、『オデッサ・ファイル』や『ジャッカルの日』などの国際政治スリラーを多く執筆した、イギリスの作家は誰でしょう?,フレデリック・フォーサイス,
q0100,言葉,もともとは古米と新米を入れ替える時期をさした、物事の入れ替わりの時期を意味する言葉は何でしょう?,端境期,
q0101,理系,化学実験において、分析に用いる容器や器具を、実験に使用する溶液ですすぐ操作を何というでしょう?,共洗い,
q0102,漫画・アニメ・ゲーム,TikTokで配信されたオープニングテーマのイントロ耐久音源は大きな反響を呼んだ、女子高生・こしトラコ(虎視虎子)が主人公のアニメは何でしょう?,『しかのこのこのここしたんたん』,
q0103,ns,島本理生の恋愛小説のタイトルにもなっている、映画などで、ある人物の語りや回想によって過去を再現する手法を何というでしょう?,ナラタージュ,
q0104,芸能,世界各地の民族音楽を伝える「LISTEN」プロジェクトをライフワークにしている、『29歳のクリスマス』、『ロングバケーション』などのドラマで人気を博した女優は誰でしょう?,山口智子(やまぐち・ともこ),
q0105,日本史,遊女屋と女性の親元との仲介を行い、時に誘拐や人身売買にも関与したことから悪徳の商売とされた、江戸時代に盛んだった職業は何でしょう?,女衒 (ぜげん) 【判人(はんにん)】,
q0106,地理,航空会社や空港に3文字のコードを割り当てている「国際航空運送協会」を、アルファベット4文字の略称で何というでしょう?,IATA ,
q0107,世界史,作家のエミール・ゾラは『私は弾劾する』と題する公開状を発表した、19世紀末のフランスでユダヤ系軍人が冤罪で投獄された事件は何でしょう?,ドレフュス事件,
q0108,公民,軽微な犯罪を徹底的に取り締まることで重大犯罪を抑止できるとする、アメリカの犯罪学者ジョージ・ケリングが提唱した理論は何でしょう?,割れ窓理論,
q0109,理系,ある建物の敷地面積が200㎡で延べ床面積が300㎡の場合、この建物の容積率は何パーセントになるでしょう?,150パーセント,
q0110,生活,自社の製品やサービスの技術的価値を広く伝えるIT業界の職種のひとつを、キリスト教の「伝道師」になぞらえて何というでしょう?,テクニカル・エバンジェリスト 【エバンジェリストで○】,
q0111,理系,欠乏すると「ペラグラ」という病気を引き起こす、エネルギー代謝や神経伝達物質の合成に関与するビタミンB群の一種は何でしょう?,ナイアシン 【ビタミンB3】,
q0112,地理,金武湾(きんわん)を一望できる展望台を備えている、沖縄自動車道にある日本最南端かつ最西端のサービスエリアは何でしょう?,伊芸サービスエリア,
q0113,公民,2018年、スマートデイズが運営していたサブリース事業が破綻し、投資家たちが被害に遭った事件を、女性専用シェアハウスの名前から「何事件」というでしょう?,かぼちゃの馬車事件,
q0114,芸能,役所広司が東京都内の公衆トイレ清掃人を演じ、その日々の生活を丁寧に描いた2023年に公開されたヴィム・ヴェンダース監督の日本映画は何でしょう?,『PERFECT DAYS』,
q0115,言葉,団塊の世代が75歳以上になることで増加が予想される、働きながら家族の介護を行う人々を英語で何というでしょう?,ビジネスケアラー,
q0116,地理,2015年にファッションブランド・フェンディの支援により大規模な修復が行われた、ローマの象徴的な噴水は何でしょう?,トレビの泉,
q0117,漫画・アニメ・ゲーム,ゆでたまごの漫画『キン肉マン』に登場するネメシスの額には、どんな漢字が書かれているでしょう?,完 【伝われば○】,
q0118,生活,店内のレストランで提供される「スウェーデン・ミートボール」も人気である、青と黄色の配色が特徴的な家具量販店は何でしょう?,IKEA,
q0119,芸能,アントン・カラスによる『ハリー・ライムのテーマ』が印象的な、戦後のウィーンを舞台にしたキャロル・リード監督のサスペンス映画は何でしょう?,『第三の男』,
q0120,芸術,桐の粉を固めて型抜きした土台に、布地を埋め込んで衣装を表現する、江戸時代から作られている人形を何というでしょう?,木目込人形 (きめこみにんぎょう)【賀茂人形】,
q0121,言葉,特定の料理に最も合うワインを選ぶことと、Bluetoothで機器の接続情報を登録することをさす共通の英語は何でしょう?,ペアリング ,
q0122,芸能,原口あきまさやほいけんたといったら、お笑いモンスターとして知られる誰のモノマネで有名な芸人でしょう?,明石家さんま,
q0123,スポーツ,MLBではミッキー・マントル、NPBでは柴田勲(しばた・いさお)が有名な、左右両打席で打てる野球打者のことを何というでしょう?,スイッチヒッター,
q0124,世界史,ローマ帝国の皇帝・ネロの側近として活躍し、風刺小説『サテュリコン』で贅沢な生活やローマ社会の風俗を描いた作家は誰でしょう?,ガイウス・ペトロニウス,
q0125,公民,アインシュタインが「人類最大の発明」と称した、利子が元本に加算され、その合計額に対してさらに利子が発生する仕組みを何というでしょう?,複利,
q0126,地理,「ウェイ・ファインディング」と呼ばれる高度な航海技術を持った人々が暮らす、タヒチやサモアなどの島々を含む太平洋の地域を何というでしょう?,ポリネシア,
q0127,日本史,戦前は「一切をすつるの覚悟」や「大日本主義の幻想」などの論考で知られたジャーナリストであった、1956年に鳩山一郎の後を受け首相を務めた政治家は誰でしょう?,石橋湛山(いしばし・たんざん),
q0128,理系,沼地や水田から発生することから「沼気(しょうき)」とも呼ばれる、分子式・CH4で表される無色無臭の可燃性気体は何でしょう?,メタン,
q0129,芸能,あえて司会は介さずに3人のゲストが様々な話題で対談する、フジテレビ系列で日曜朝に放送されているトーク番組は何でしょう?,『ボクらの時代』,
q0130,言葉,「運命の選択」や「究極の賭け」を意味する比喩表現としても使われる、ある国の名前が付いた、回転式拳銃を用いるギャンブル行為は何でしょう?,ロシアンルーレット,
q0131,公民,日本では、片グチ・ヤスフミ(片口安史)が考案したスコアリングシステムが良く利用される、左右対称のインクのしみを見せて診断する心理テストは何でしょう?,ロールシャッハ・テスト,
q0132,芸能,グリコのアイスクリーム「ヨーレル」のCMソングとしても使用された、南国を連想させる松田聖子の曲は何でしょう?,『青い珊瑚礁』,
q0133,芸能,学園ドラマ『スクール☆ウォーズ』の主人公・滝沢賢治のモデルになっている伏見工業ラグビー部の監督として常勝軍団を築いた指導者は誰でしょう?,山口良治 (やまぐち・よしはる),
q0134,言葉,本来は「今まで誰も成し得なかったことを初めて行うこと」を意味するが、現代では「豪快で大胆な様子」という意味でよく使われる言葉は何でしょう?,破天荒,
q0135,日本史,「万人恐怖」と呼ばれるほどの強権政治を行い、最期は守護大名の赤松満祐に暗殺された、室町幕府第6代将軍は誰でしょう?,足利義教(あしかがよしのり),
q0136,スポーツ,「マリア・ローザ」と呼ばれるピンク色のリーダージャージが特徴的な、ツール・ド・フランス、ブエルタ・ア・エスパーニャと並ぶ三大ステージレースの一つは何でしょう?,ジロ・デ・イタリア,
q0137,生活,消防法の規定により、表面積の25%以上を赤色とするよう定められている、火災の初期消火に用いられる道具といえば何でしょう?,消火器,
q0138,生活,「スウィーティオ」というブランド名でバナナやパイナップルを販売している、フルーツの生産加工で有名なハワイの企業は何でしょう?,ドール ,
q0139,漫画・アニメ・ゲーム,部屋の中の1年が外界のいちにちに相当し、短期間で大幅なパワーアップが可能となる、漫画『ドラゴンボール』に登場する修行施設は何でしょう?,精神と時の部屋,
q0140,文学,シャルル・ベギーが創刊した雑誌『はんげつ(半月)手帖』に発表された、ロマン・ロランによる大河小説の先駆けとなった作品は何でしょう?,『ジャン・クリストフ』,
q0141,ns,論文や学術記事の冒頭に置かれる、研究の要旨や概要を簡潔にまとめた文章を英語で何というでしょう?,アブストラクト ,
q0142,スポーツ,レース中にワインやビールを飲みながら走ったエピソードがある、1896年・アテネオリンピックのマラソンで優勝したギリシャの水運び人は誰でしょう?,スピリドン・ルイス,
q0143,理系,スマートフォンなどのモバイルデータ通信を利用して、他のデバイスをインターネットに接続する機能のことを何というでしょう?,テザリング ,
q0144,生活,「バトンクッキー」や「ポテトチップチョコレート」といったユニークな商品を展開している、北海道札幌市で創業されたお菓子メーカーは何でしょう?,ロイズ ,
q0145,芸能,劇作家の芝野新作が隣人のジャズ音楽に悩まされる様子を描いた、1931年に公開された日本初の本格的トーキー映画は何でしょう?,『マダムと女房』,
q0146,日本史,江戸時代の日本が清国に対して輸出していた、いりこ、干しあわび、ふかひれの三品を総称して何と呼ぶでしょう?,俵物 (たわらもの),
q0147,理系,木星と1対11の軌道共鳴をしている、ペルセウス座流星群のボ(母)天体である周期彗星を、発見した2人の天文学者から何というでしょう?,スイフト・タットル彗星,
q0148,生活,建設会社が設計から施工、試運転までトータルに請け負う契約方式を、発注者が鍵を回すだけで使用できる状態で納めることから「何方式」というでしょう?,ターンキー方式,
q0149,理系,プルトニウムとウランの混合燃料を通常の軽水炉で使用する、原子力発電の方式のひとつを何というでしょう?,プルサーマル,
q0150,芸能,2008年から2011年にかけて、マラソンとセーリングによる「アースマラソン」で地球一周を達成して話題となった、吉本新喜劇のお笑い芸人は誰でしょう?,間寛平(はざま・かんぺい),
q0151,理系,立方体の6つの面である正方形の対角線を結ぶことで得られる、最も単純な正多面体は何でしょう?,正四面体,
q0152,文学,オモコロの大人気シリーズを書籍化した『本を読んだことがない32歳がはじめて本を読む』にも短編を寄稿している、不動産ミステリー『変な家』で知られる覆面ホラー作家は誰でしょう?,雨穴 (うけつ),
q0153,生活,4月、6月、9月、11月に共通する、月の日数は何日でしょう?,30日,
q0154,スポーツ,1956年のコルチナ・ダンペッツォ大会で滑降・回転・大回転に出場し、日本人初の冬季オリンピックメダリストとなったアルペンスキー選手は誰でしょう?,猪谷千春 (いがや・ちはる),
q0155,スポーツ,NBAのキャバリアーズやNFLのブラウンズが本拠地を置く、アメリカ、オハイオ州の都市はどこでしょう?,クリーブランド,
q0156,地理,リライアンス、ビルラ、タタが国内の三大財閥と呼ばれて経済に大きな影響力を持つ、南アジアの大国はどこでしょう?,インド,
q0157,理系,更に細かくメガラヤン、ノースグリッピアン、グリーンランディアンの3つに区分される、第四紀を構成する地質時代のうち、約1万年前から現在まで続く区分は何でしょう?,完新世(かんしんせい) 【沖積世、×更新世】,
q0158,公民,刑法・第116条に規定されている、過失によって火災を発生させ、他人の所有物を焼損した場合に適用される罪は何でしょう?,失火罪,
q0159,地理,「シカリ」と呼ばれるリーダーの下で集団猟を行い、獲物を仕留めた際には特別な儀式を執り行う、東北地方を中心に存在する山の狩人を何というでしょう?,マタギ,
q0160,地理,上下合わせて11車線もの幅を持ちながら、全長は徒歩2分ほどで踏破できる総延長わずか187.1メートルと「日本一短い国道」は何号線でしょう?,国道174号線,
q0161,漫画・アニメ・ゲーム,学級新聞のヨンコマ漫画をきっかけに交錯する2人の少女・藤野と京本の姿を描いた、藤本タツキの漫画は何でしょう？,『ルックバック』,
q0162,ns,リハビリテーションにおいて医療保険が適用できる標準的算定期間と、わが国の通常国会の会期に共通する日数は何日でしょう?,150日,
q0163,スポーツ,買い目を広げすぎたり人気枠ばかりを選ぶことで起こりやすくなる、公営競技で的中したにもかかわらず、払戻金が購入金額を下回る現象を何というでしょう?,トリガミ 【ガミる】,
q0164,言葉,季節の変わり目にあたる雑節のひとつ「土用(どよう)」とは元々、何という言葉を略したものでしょう?,土旺用事(どおうようじ),
q0165,言葉,住所や職業に定まったところがない状態を、地中に根を張らず、水に浮いているだけの草に例えて何というでしょう?,根無し草(ねなし・ぐさ),
q0166,日本史,「ワカタケル大王」の名が記された鉄剣が発見され、古代日本の歴史研究に大きな影響を与えた、埼玉県行田市の古墳は何でしょう?,稲荷山古墳 (いなりやまこふん),
q0167,文学,『棟居(むねすえ)刑事』シリーズは江戸川乱歩賞を受賞している、『人間の証明』『悪魔の飽食』でも知られる推理小説家は誰でしょう?,森村誠一,
q0168,芸能,1974年に「あゆアケミ(朱美)」の芸名でアイドル演歌歌手としてデビューした、きかんしゃトーマスやアンパンマンの声当てで知られる声優は誰でしょう?,戸田恵子(とだ・けいこ),
q0169,世界史,宋代の太祖・趙匡胤(ちょうきょういん)により始められた、科挙の最終段階で皇帝臨席のもとに行われた試験を何というでしょう?,殿試(でんし),
q0170,スポーツ,ゴールデンステート・ウォリアーズで活躍し、NBA優勝4回、MVP受賞2回の実績を持つ、オールスター選出10回のポイントガードは誰でしょう?,ステフィン・カリー,
q0171,日本史,イタリア人宣教師シドッチの審問内容をまとめ、鎖国体制下の日本で秘かに伝えられた、新井白石の西洋研究書は何でしょう?,『西洋紀聞』,
q0172,理系,星座に「α」や「β」などのギリシャ文字を用いた記号を付ける方法を考案し、1603年に全天星図『ウラノメトリア』を発刊したドイツの天文学者は誰でしょう?,ヨハン・バイエル,
q0173,世界史,著書『歴史』の中で「エジプトはナイルのたまもの」という言葉を残した、古代ギリシアの歴史家は誰でしょう?,ヘロドトス ,
q0174,理系,C型肝炎の早期診断に活用が期待される、温度や光などの刺激に反応してその性質を大きく変える高分子のことを何というでしょう?,スマートポリマー 【スマポ、インテリジェントポリマー】,
q0175,言葉,例えば「テロリスト」という言葉を「犬のテリア」に置き換えるように、コンテンツのモデレーションによる検出を避けるために使われる隠語を何というでしょう?,アルゴスピーク,
q0176,地理,グレートベルト橋でフュン島と結ばれ、エーレスンド橋でスウェーデンとも繋がっている、デンマークの首都・コペンハーゲンが位置する島は何でしょう?,シェラン島,
q0177,文学,「パンが落ちるときには、バターを塗った面が下になるように落ちる」といった、愉快で哀愁に富む先人たちの経験則をまとめたジョーク集を何というでしょう?,マーフィーの法則,
q0178,生活,快気祝いや結婚式など一度きりであってほしい祝い事に用いられる、簡単にほどけない水引の結び方は何でしょう?,結び切り,
q0179,芸術,葦で作られた「ろぜつ(蘆舌)」というリードにより、人の声や地上の音を表すとされる、雅楽で使われる管楽器のひとつは何でしょう?,篳篥(ひちりき),
q0180,生活,生まれた時点の年齢を1歳とし、元日を迎えるたびに1歳ずつ加えていく年齢の数え方を何というでしょう?,数え年,
q0181,理系,おもに家族間で行われる、健康な人から臓器の一部を摘出し、患者に移植する医療技術のことを何というでしょう?,生体移植,
q0182,芸能,『Sherlock』や『ドクター・フー』などの人気ドラマシリーズを制作しているイギリスの主要な放送局は何でしょう?,BBC【英国放送協会】,
q0183,漫画・アニメ・ゲーム,『ゼンレスゾーンゼロ』、『崩壊:スターレイル』、『ゲンシン(原神)』などのゲームを開発した、中国のソーシャルゲーム制作会社はどこでしょう?,miHoYo (ミホヨ),ホヨバース
q0184,地理,湖岸にはサンダーベイやダルースなどの都市が位置する、アメリカ五大湖の中で最大の面積を持つ淡水湖はどこでしょう?,スペリオル湖,
q0185,日本史,3代藩主綱宗(つなむね)の強制隠居と、原田甲斐による刃傷事件という2つの大事件を含む、仙台藩の存亡を揺るがしたお家騒動は何でしょう?,伊達騒動,
q0186,地理,ごまんぶん(5万分)の1の地図では100メートルごとに引かれ、標高を示す数字が付けられることが多い、地形図に描かれる等高線の一種は何でしょう?,計曲線,
q0187,生活,アメリカのイラストレーター、ローズ・オニールが考案し、1913年に意匠特許を取得した、愛らしい赤ちゃんの姿をした人形は何でしょう?,キューピー人形,
q0188,言葉,ビジネスシーンでは「物々交換」を、芸能界では「抱き合わせ出演」を意味する共通の用語は何でしょう?,バーター ,
q0189,理系,拡張型心筋症に対し、サシンシツ(左心室)の一部を切除して縫い縮める、1980年代に考案したブラジルの医師の名前に由来する手術法は何でしょう?,バチスタ手術,
q0190,文学,高等遊民の主人公・長井代助が、友人の妻・みちよ(三千代)との愛を選び社会と対峙することを決意するまでを描いた、夏目漱石の小説は何でしょう?,『それから』,
q0191,理系,負の数の表現や引き算の簡略化に使われる、コンピューターの2進数計算で、ある数を表現する基数から引いた値のことを何というでしょう?,補数(ほすう),
q0192,生活,「六尺」、「越中」、「もっこ」などの種類があり、相撲や祭りでも使用される日本の伝統的な下着は何でしょう?,ふんどし,
q0193,地理,パナマ運河が開通するまでは太平洋と大西洋を結ぶ重要な航路であった、南アメリカ大陸のホーン岬と南シェトランド諸島の間に位置する海峡は何でしょう?,ドレーク海峡,
q0194,公民,日本では1992年に加藤学園・ぎょうしゅう(暁秀)初等学校が初めて導入した、外国語で他教科を学ぶことで高い学習効果を得る教育方法は何でしょう?,イマージョン教育 【イマーシブ教育】,
q0195,地理,梓川や穂高連峰の絶景を望むことができる、長野県上高地のシンボル的な木製の吊り橋は何でしょう?,河童橋 (かっぱばし),
q0196,公民,イスラエルの政治において重要な役割を果たす、毎年数回の選挙が行われる一院制議会の名称は何でしょう?,クネセト ,
q0197,理系,リチウムイオン電池の電極材料や、青色顔料の原料によく使われる、原子番号27、元素記号・シーオー(Co)の金属元素は何でしょう?,コバルト,
q0198,生活,地域密着型の「コレジム」や全国展開型の「チョコザップ」など、小規模で24時間営業の格安ジムを指す言葉は何でしょう?,コンビニジム,
q0199,生活,ビタミンDのゼンクタイ(前駆体)であるエルゴステロールや、ビタミンAのゼンクタイ(前駆体)であるカロテンのように、体内でビタミンに変換される物質群を何というでしょう?,プロビタミン,
q0200,文学,川端康成の『雪国』を英訳し、「ノーベル賞の半分は彼のもの」と言われた、日本文学の翻訳で知られるアメリカ人学者は誰でしょう?,エドワード・ジョージ・サイデンステッカー,
q0201,地理,上層部は首都高速湾岸線、下層部は国道357号の2層構造になっている、1989年に開通した横浜港のシンボル的な橋は何でしょう?,横浜ベイブリッジ,
q0202,言葉,幸運にめぐりあって良いことが続くことを、陰陽道における年回りを指す言葉を用いて「何にい(入)る」というでしょう?,有卦に入る(うけにいる),
q0203,スポーツ,ヤクルトで現役引退後、コーチやスカウト、スコアラーとして活躍し、野村克也から「日本一のスコアラー」と絶賛された元投手は誰でしょう?,安田猛(やすだ・たけし),
q0204,文学,随筆集『かっしやわ』(甲子夜話)の著者でもある江戸時代の平戸藩主で、剣術書『剣談』のなかで、「勝ちに不思議の勝ちあり、負けに不思議の負けなし」という言葉を残したのは誰でしょう?,松浦静山(まつら・せいざん) 【松浦清】,
q0205,地理,有名パティスリーが多く集まり、マリ・クレール通りやカトレア通りなどオシャレな街として人気が高い、東京都目黒区の地域は何でしょう?,自由が丘,
q0206,公民,空き部屋をもつ高齢者の住宅に血縁関係のない若者が同居し、共同生活を送るという、近年増加傾向にあるライフスタイルを何というでしょう?,異世代ホームシェア,
q0207,文学,「複式記述」、「厳密に」、「音の反復」など、99種類の異なる表現方法で同じ内容を描いた、レーモン・クノーの言語実験的作品は何でしょう?,『文体練習』,
q0208,生活,一般に速度の2乗に比例して長くなる、車のブレーキが効き始めてから完全に停止するまでの距離を「何距離」というでしょう?,制動距離,
q0209,文学,マンドリン奏者としても『はた(機)織る乙女』の作曲を行っている、詩集『青猫』や『つき(月)に吠える』で知られる詩人は誰でしょう?,萩原朔太郎 (はぎわら・さくたろう),
q0210,漫画・アニメ・ゲーム,Netflixアニメ『アーケイン(Arcane)』の原作にもなっている、ライアットゲームズが開発した対戦型ストラテジーゲームは何でしょう?,『League of Legends (リーグ・オブ・レジェンド)』,
q0211,芸術,「舟入之間(ふないりのま)」や「摘星楼(てきせいろう)」といった特徴的な部屋を持つ、西本願寺のテキスイエン(滴翠園)にある国宝の建造物は何でしょう?,飛雲閣(ひうんかく),
q0212,生活,「マスターズドリーム」や「香るエール」などのシリーズ展開も行っている、サントリーの主力ビール製品は何でしょう?,ザ・プレミアム・モルツ,
q0213,言葉,サロメや妲己(だっき)が代表例とされ、19世紀末の西洋美術で流行した、男を魅了し破滅させる魔性の女を指すフランス語は何でしょう?,ファム・ファタール,
q0214,世界史,「パリはミサを捧げるに値する」という言葉を残し、カトリックに改宗して国内を平定し「ナントの勅令」を出した、ブルボン王朝の国王は誰でしょう?,アンリ4世,
q0215,文学,「行方不明の友人を探しています」という書き出しで始まる、小説投稿サイト「カクヨム」に投稿された背筋のホラー小説は何でしょう?,『近畿地方のある場所について』,
q0216,生活,空間を仕切ったり厳粛な雰囲気を作り出す役割を持ち、昭和初期から弔事で使われ始めた、白と黒の縦縞模様の幕を何というでしょう?,鯨幕(くじらまく),
q0217,理系,2018年にカシワラ・マサキ(柏原正樹)が日本人として初めて受賞した、代数解析学や表現論で顕著な功績を挙げた数学者に贈られる賞は何でしょう?,チャーン賞,
q0218,芸能,岡山県にあるショッピングセンターが由来である、井口浩之(いぐち・ひろゆき)とコウモトフトシ(河本太)からなるタイタン所属のお笑いコンビは何でしょう?,ウエストランド,
q0219,芸能,ハリウッド黄金期に活躍し、『ミニヴァー夫人』、『ローマの休日』、『ベン・ハー』などの映画を残した、アメリカの映画監督は誰でしょう?,ウィリアム・ワイラー,
q0220,スポーツ,アメリカでは「クローズライン」、メキシコでは「アンティプラソ」とも呼ばれるスタン・ハンセンが得意としたプロレス技は何でしょう?,ラリアット,
q0221,地理,NEXCO東日本の調査によると渋滞発生場所の約63%を占める、高速道路で下り坂と上り坂の接続部分を何というでしょう?,サグ部,
q0222,スポーツ,プロスポーツの新人選手選択会議で、戦力を均等化するために成績が下位のチームから指名優先権が与えられるルールを「何方式」というでしょう?,ウェーバー方式,
q0223,文学,「世界は人間なしに始まったし、人間なしに終わるだろう」という一節が有名な構造主義のバイブルとされるレヴィ・ストロースの紀行文は何でしょう?,『悲しき熱帯』,
q0224,スポーツ,プロレスにおいて、リングの四方を他の選手が取り囲み、リングから落ちた選手をすぐにリング内に押し戻して完全決着を求める試合形式を何というでしょう?,ランバージャックマッチ,
q0225,生活,いちにちに何をどれだけ食べたらよいかの目安をコマのイラストで示した、2005年に厚生労働省と農林水産省が共同で策定した栄養指針は何でしょう?,食事バランスガイド,
q0226,理系,A2017、A2024、A7075の3種類がJISで規格化されている、アルミニウムと銅を主成分とする軽量で高強度の合金は何でしょう?,ジュラルミン,
q0227,芸術,シャルル・アズナブールやイヴ・モンタンを見出すなど後進の育成にも尽力した『ばら色の人生』や『愛の讃歌』などの名曲を残した歌手は誰でしょう?,エディット・ピアフ,
q0228,スポーツ,1886年に王立造兵廠(ぞうへいしょう)の労働者たちによって結成され、「ガナーズ」の愛称で知られる、エミレーツ・スタジアムをホームとするイングランドのサッカークラブは何でしょう?,アーセナル FC,
q0229,生活,プリンターやスキャナー、コピー機などの機能をひとつにまとめた、オフィスや家庭で広く使用される機器は何でしょう?,複合機,
q0230,生活,宇宙での食事や高齢者向けの食事など様々な分野での活用が期待されている、食べ物を「印刷」できる革新的な調理器具は何でしょう?,3D フードプリンター 【△: 3Dプリンター】,
q0231,芸能,1983年に明治大学の学生サークルとして結成され、学ラン姿での応援団風パフォーマンスで注目を集めた、かつて江頭2:50が所属していた芸能集団は何でしょう?,大川興業,
q0232,文学,「春の雪」、「奔馬」、「暁の寺」、「天人五衰」の4部作からなる、三島由紀夫の最後の長編小説シリーズは何でしょう?,『豊饒の海』,
q0233,漫画・アニメ・ゲーム,長髪で鼻が高い特徴をもつ、磯野カツオのライバルとして初登場した、アニメ『サザエさん』の新キャラクターは誰でしょう?,星宮くん 【CV:平井祥恵】,
q0234,世界史,西部開拓の進展により次第に消滅した、かつてのアメリカにおける開拓地と未開拓地の境界地帯のことを何というでしょう?,フロンティア【開拓前線】,
q0235,芸術,DJが音楽を演奏する際に、それに合わせて映像を操作し、視覚的な演出を行うパフォーマーのことを何というでしょう?,ビデオジョッキー 【ビジュアルジョッキー、VJ】,
q0236,芸能,韓国出身のユナ、ミンジュ、ウォンヒと、日本出身のモカ、イロハの5人からなる、代表曲に『Magnetic』『Cherish(MyLove)』があるアイドルグループは何でしょう?,ILLIT (アイリット),
q0237,生活,タンニン、クロム、コンビネーションなどの方法がある、動物の皮を革製品の素材として加工し、腐敗や硬化から防ぐ工程を何というでしょう?,なめし,
q0238,理系,情報検索や自然言語処理の分野で重要な役割を果たす、単語を同義語や意味上の類似関係などによって分類した語彙集を何というでしょう?,シソーラス ,
q0239,文学,40歳・独身のサンモン(三文)ライター・猪名川ケント(健人)が、婚活業界で有名な鏡原奈緒子と出会い、心を通わせていくという内容の、宮島未奈の小説は何でしょう?,『婚活マエストロ』,
q0240,芸術,アナウンサーや声優の発声練習の教材としても用いられる、小田原の薬売りの口上を題材にした歌舞伎の演目は何でしょう?,外郎売 (ういろううり),
q0241,地理,カタルーニャ広場からコロンブスの塔まで続く、観光名所やカフェ、大道芸人などが集まり賑わうことで有名なバルセロナの通りは何でしょう?,ランブラス通り,
q0242,生活,「マーライスルース」や「ウニッコ」などの大胆な花柄プリントで知られる、フィンランド発祥のテキスタイルブランドは何でしょう?,マリメッコ ,
q0243,生活,よく知られる横浜版の他にも、スカイツリーがパッケージに描かれた東京版も存在する、崎陽軒が販売する横浜駅の駅弁は何でしょう?,シウマイ弁当,
q0244,生活,ボールペンやエコバッグなど、企業が認知度向上のために作成・配布する記念品のことを、「目新しさ」を意味する英語で何というでしょう?,ノベルティ ,
q0245,世界史,リシュリューの時代から政治犯の収容所として使用され、フランス革命では襲撃の舞台となった、かつてパリにあった牢獄は何でしょう?,バスティーユ牢獄,
q0246,スポーツ,金髪のアフロヘアーが特徴的だった、1980年代から90年代にかけてコロンビア代表の司令塔として活躍したサッカー選手は誰でしょう?,カルロス・バルデラマ,
q0247,理系,1936年、最後の個体がホバートの動物園で死亡した、有袋類でありながらオオカミに似た姿を持つ哺乳類は何でしょう?,フクロオオカミ 【タスマニアタイガー】,
q0248,芸能,バレーボールコーチを務める篠田アユム(歩)を夫に持つ、お笑いコンビ・北陽のメンバーは誰でしょう?,伊藤さおり,
q0249,生活,フランスでは「タブレ」というサラダの材料としても使われる、モロッコやチュニジアなどで主食として食べられる粒状のパスタは何でしょう?,クスクス,
q0250,芸能,2000年に使用が停止されるまで、アメリカ映画において監督が自らの作品に責任を負いたくない場合にクレジットされた偽名は何でしょう?,アラン・スミシー,
q0251,漫画・アニメ・ゲーム,週刊少年ジャンプへの連載開始21周年を記念し、最終回の後を描いた読み切りも話題となった、アメフトをテーマとした漫画は何でしょう?,『アイシールド21』,
q0252,日本史,江戸時代、宿場町の外れにあり、旅人が持参した食材を調理する薪代だけを受け取って宿泊させた最も簡素な形態の宿は何でしょう?,木賃宿(きちんやど) 【木銭宿】,
q0253,芸能,リンダ・ブレア演じる少女・リーガンが悪魔に憑依される様子を描き、世界的なオカルトブームの火付け役となった映画は何でしょう?,『エクソシスト』,
q0254,地理,本国フランスでは発見者の名から「クロード・ブランシェ」と呼ばれる、日本では山形県を中心に生産されている洋梨の品種は何でしょう?,ラ・フランス,
q0255,理系,if文やfor文の終わりを示さずインデントに意味を持たせる記法を特徴とする、グイド・ヴァン・ロッサムによって開発された機械学習で人気のプログラミング言語は何でしょう?,Python (パイソン),
q0256,文学,歌人・俵万智(たわら・まち)の短歌のひとつで、『「寒いね」と・話しかければ「寒いね」と』に続く下の句は何でしょう?,答える人のいるあたたかさ,
q0257,地理,かつて「宇津湖」と呼ばれた湖が、富士山の噴火により分断されて形成された、富士講の巡礼地となっている山梨県の8箇所の湧水群を何というでしょう?,忍野八海 (おしのはっかい),
q0258,スポーツ,「マッシャー」と呼ばれる選手が14匹前後の犬とともに過酷な自然環境を駆け抜ける、毎年3月に開催されるアラスカの犬ぞりレースは何でしょう?,アイディタロッド,
q0259,漫画・アニメ・ゲーム,下の名前は「半助」といい、ファンの間で「初恋泥棒」の異名を取る、アニメ『ニン(忍)たま乱太郎』に登場する忍術学園一年は組の教師は誰でしょう?,土井先生【土井半助】,
q0260,芸能,1961年2月、日活撮影所内でのゴーカート事故により21歳で急逝した、「第三の男」や「トニー」と呼ばれた人気俳優は誰でしょう?,赤木圭一郎 (あかぎ・けいいちろう),
q0261,理系,食品添加物としてE番号「E621」が割り当てられている、1908年に池田菊苗が発見した旨味成分として知られる調味料は何でしょう?,グルタミン酸 -【ナトリウム】,
q0262,世界史,納税能力に関係なく全ての国民1人につき一定額を課す、古代から封建制時代にかけて多くの国で導入されていた税制は何でしょう?,人頭税 【ジズヤもおまけで○】,
q0263,ns,19世紀後半のアメリカで活躍し、「スピリットキャビネット」と呼ばれる降霊術の装置を用いた公演で有名になった、アイラとウィリアムからなる霊媒師の兄弟は誰でしょう?,ダベンポート兄弟 ,
q0264,地理,ETCを搭載した車両のみが利用可能な、料金所の係員が不在の高速道路の出入り口を何というでしょう?,スマートインターチェンジ,
q0265,スポーツ,MLBで導入の議論が進んでいる、チームが1試合に1回だけ好きな打者を打席に送れる新ルールを何というでしょう?,ゴールデン・アットバット,
q0266,芸能,Den、たいこーと、Denのファンというりなぴっぴの3人で結成された、ワタナベエンターテインメント所属のお笑いトリオは何でしょう?,リンダカラー∞ (リンダカラーインフィニティ),
q0267,地理,北東の斜面には「焼け走り溶岩流」と呼ばれる溶岩台地が広がる、「南部富士」の別名を持つ奥羽山脈の最高峰はどこでしょう?,岩手山(いわてさん),
q0268,生活,ブラクリという専用の仕掛けを使用し、消波ブロックや岩の隙間に仕掛けを落として魚を釣る方法を何というでしょう?,穴釣り (あなづり),
q0269,言葉,直接対決を避けるため、第三国を舞台に他国の支援を受けた勢力同士が戦う、冷戦期によく見られた紛争形態を何というでしょう?,代理戦争 ,
q0270,スポーツ,ウオッカやソングラインが2連覇を達成したレースでもある、毎年6月上旬に東京競馬場で行われるGワンレースは何でしょう?,安田記念,
q0271,スポーツ,幕下以下の力士2人と行司が土俵に上がり、対戦形式で相撲の禁じ手を面白おかしく紹介する余興のことを何というでしょう?,初っ切り,
q0272,地理,ムスリムが巡礼の際に反時計回りに7周するという儀式が行われる、メッカのマスジド・ハラームの中心部に位置する立方体の建造物は何でしょう?,カーバ神殿,
q0273,芸能,「太陽の如く生きよう」を校訓とし、芸能人が多く通う「トレイトコース」で知られる、東京都中野区の私立高校はどこでしょう?,堀越 (ほりこし) 高等学校,
q0274,生活,日産自動車が2018年から推進している、電気自動車を活用して社会変革や地域課題の解決に取り組む電動化アクションを何というでしょう?,ブルースイッチ,
q0275,世界史,1718年にエヴルー伯爵のために建てられ、ポンパドゥール夫人やナポレオンの皇后ジョゼフィーヌらが住んだ、現在のフランス大統領官邸の名前は何でしょう?,エリゼ宮殿,
q0276,理系,気管挿管を行うI-PPVと行わないN-PPVの2つに大別される、患者の肺に酸素を含んだ空気を送り、換気を補助する医療行為を一般に何というでしょう?,人工呼吸,
q0277,日本史,鎌倉時代後期、モンゴル襲来に備えて幕府が九州地方の御家人に課した、外国船の監視や防衛の任務を何というでしょう?,異国警固番役(いこくけいこばんやく),
q0278,生活,孫悟空が空を飛ぶために乗る雲から名前が取られた、サイボウズが提供する業務アプリ構築クラウドサービスの名称は何でしょう?,kintone (キントーン),
q0279,言葉,中国の後漢書「宋弘伝(そうこうでん)」に由来する、貧しい時代から共に苦労を重ね、夫を支え続けた妻を指す言葉は何でしょう?,糟糠の妻(そうこうのつま),
q0280,生活,ごぼうやにんじんなどの細長い野菜を鉛筆削りのように薄く切る、笹の葉に似ていることが名前の由来とされる切り方は何でしょう?,ささがき,
q0281,文学,『アーモンド』や『三十の反撃』といった小説で、日本でも本屋大賞の翻訳小説部門を受賞している韓国の作家は誰でしょう?,ソン・ウォンピョン,
q0282,理系,体の長さから「ヤード・ロング・ドッグ」という別名がある、イギリスのウェールズ地方を原産とする牧羊犬は何でしょう?,ウェルシュ・コーギー,
q0283,スポーツ,ポルトガル語で「ずる賢さ」や「機転」を意味する、サッカーにおいて試合を有利に展開するための賢いプレーを指す言葉は何でしょう?,マリーシア ,
q0284,生活,静岡県の企業・シャンソンけしょうひん(化粧品)が未病改善を目的に開発した、配合している健康素材の種類の数がそのまま名前になっているお茶飲料は何でしょう?,十六茶,
q0285,生活,話題の商品を扱うものは「トレンド」と呼ばれる、古本や中古品を安く仕入れ転売して利益を得る行為を何というでしょう?,背取り (せどり),
q0286,芸能,生放送だったため火災や停電、セットの下敷きといったトラブルも多く発生した昭和後期に高視聴率を記録したザ・ドリフターズのコント番組は何でしょう?,8時だョ!全員集合,
q0287,生活,不動産物件の流通を円滑に行うため、多くの不動産業者が加盟している不動産情報ネットワークの通称は何でしょう?,レインズ ,
q0288,生活,「ナポレオン」や「コントラクトブリッジ」などのように、勝者が場に出されたカードを獲得する形式のトランプゲームを総称して何というでしょう？,トリックテイキングゲーム,ポイントトリックゲーム（もう一回）、プレイントリックゲーム（もう一回）
q0289,漫画・アニメ・ゲーム,モンゴル帝国の捕虜となったイラン出身の少女・シタラがモンゴル帝国の中枢で復讐と生存をかけて戦う姿を描いた、トマトスープの漫画は何でしょう？,天幕のジャードゥガル,
q0290,漫画・アニメ・ゲーム,ガールズバンドプロジェクトの『バンドリ』の中で唯一ドラマーがいないバンドである、「夢みた」と略されるガールズバンドは何でしょう？,夢限大（むげんだい）ミュータイプ,
q0291,生活,YouTube番組『NoBorder（ノーボーダー）』『REALVALUE（リアルバリュー）』の主宰や、朝倉未来が立ち上げた格闘技イベント「BreakingDown（ブレイキングダウン）」のCOOを務める連続起業家は誰でしょう？,溝口勇児（みぞぐち・ゆうじ）,
q0292,世界史,ピューリタン革命で、チャールズ1世の死刑執行に関わった人物のことを、「国王殺し」を意味する言葉で何というでしょう？,レジサイド（Regicide）,
q0293,スポーツ,ダート馬史上初のJRA年度代表馬に選出された、2025年のブリーダズカップクラシックを制した競走馬は何でしょう？,フォーエバーヤング,
q0294,漫画・アニメ・ゲーム,自身が主人公を演じたゲーム実況配信チャンネル『SILENTHILLfを本人がやります』で人気に火がついた女優は誰でしょう？,加藤小夏（かとう・こなつ）,
q0295,生活,テキサスホールデムで、ビッグブラインドの左隣に位置し、手札が配られた直後に最初のアクションを行うポジションは何でしょう？,アンダーザガン,UTG
q0296,理系,テラリウムやアクアリウムのように、動植物が生きる自然環境を再現した飼育空間のことを、英語で何というでしょう？,ビバリウム,Vivarium