﻿No,ジャンル,問題,解答,別解,作問者
q0101,生活,飲食店で季節に関係なく一年を通して提供される定番メニューを、一般に何というでしょう？,グランドメニュー,レギュラーメニュー,
q0102,日本史,1868年に、岩倉具視（いわくら・ともみ）のに主張に基づき導入された、天皇一代につき一つの元号を使用するという制度を何というでしょう？,一世一元（いっせいちげん）の制,,
q0103,公民,1989年から野村證券が2年ごとに調査を行っている、家計支出に占める子育て費用の割合を示す造語は何でしょう？,エンジェル係数,,
q0104,理系,物理学で、力を加えても変形しないと仮想された物体のことを何というでしょう？,剛体（ごうたい）,,
q0105,漫画・アニメ・ゲーム,転生前の名前を「三上悟（みかみ・さとる）」という、ライトノベル『転生したらスライムだった件』の主人公は誰でしょう？,リムル・テンペスト,,
q0106,芸能,空腹のあまり革靴を煮て食べるシーンが登場する、チャールズ・チャップリンが監督・主演した映画は何でしょう？,『黄金狂時代』,,
q0107,世界史,著書『歴史』の中で「エジプトはナイルの賜物」と評した、古代ギリシャの歴史家は誰でしょう？,ヘロドトス,,
q0108,生活,イワシやハタハタを長時間塩漬けにして作られる、秋田県の特産品である魚醤(ぎょしょう)は何でしょう？,しょっつる,,
q0109,言葉,幼少期や人格形成期の体験で、のちの思想形成に大きく影響を与えたものを、漢字3文字で「何体験」というでしょう？,原体験（げんたいけん）,,
q0110,生活,序盤の角交換から、棒銀・早繰り銀・腰掛け銀などの戦法に派生する将棋の戦型は何でしょう？,角換わり（かくがわり）,,
q0111,言葉,事件やトラブルの原因を引き起こすことを、銃を発砲するために必要な金具から「何を引く」というでしょう?,引き金を引く,トリガーを引く,
q0112,芸能,アニメ『キミとアイドルプリキュア♪』の響（ひびき）カイトを演じる、アイドルグループ「SnowMan」のメンバーは誰でしょう？,佐久間大介（さくま だいすけ）,,
q0113,文学,宮沢賢治（みやざわ・けんじ）の童話『銀河鉄道の夜』で、友人のカムパネルラと共に旅をする、主人公の少年は誰でしょう？,ジョバンニ,,
q0114,生活,お互いの親指以外の4本の指を握り、自らの親指で相手の親指を押さえつけた方が勝ちとなる遊びを一般に何というでしょう？,指相撲,,
q0115,日本史,鎌倉幕府とは「御恩と奉公」の関係で結ばれた、将軍直属の武士を何というでしょう？,御家人（ごけにん）,,
q0116,漫画・アニメ・ゲーム,プロ麻雀団体「RMU（アールエムユー）」の代表を務めている、「最速最強」というキャッチフレーズがある麻雀プロは誰でしょう？,多井隆晴（おおい・たかはる）,,
q0117,地理,鋸岳（のこぎりだけ）に源を発し駿河湾へと注ぐ、日本三大急流の一つに数えられる川は何でしょう？,富士川（ふじかわ）,,
q0118,生活,電気代やバス運賃のように、公的機関が料金水準の設定や改定をするサービス料を、総称して「何料金」というでしょう？,公共料金,,
q0119,芸術,高村光太郎（たかむら・こうたろう）が最後に制作した彫刻である、十和田湖畔に建つ銅像は何でしょう？,『乙女の像』（おとめのぞう）,,
q0120,生活,正式には「自動車検査登録制度」という、自動車が保安基準に適合するか定期的に検査する制度を漢字2文字で何というでしょう？,車検（しゃけん）,,
q0121,スポーツ,ボールを足元からかかとを使ってすくい上げ相手の頭上を抜く、サッカーのテクニックを何というでしょう？,ヒールリフト,,
q0122,言葉,進歩は遅くても着実に成長し大成する学問のことを、生育が遅い木にたとえて「何学問」というでしょう？,楠学問（くすのきがくもん）,,
q0123,文学,叔父に復讐するデンマーク王子の姿を描いた、シェイクスピアの四大悲劇の一つは何でしょう？,『ハムレット』,,
q0124,日本史,明治期に第一国立銀行など数多くの企業を設立し「日本資本主義の父」と呼ばれる実業家は誰でしょう？,渋沢栄一（しぶさわ・えいいち）,,
q0125,地理,広大なブナの原生林が広がる、日本初の世界自然遺産に登録された、秋田県と青森県にまたがる山岳地帯は何でしょう？,白神山地（しらかみさんち）,,
q0126,理系,完全変態の昆虫が「さなぎ」から「成虫」になることを、漢字二文字で何というでしょう？,羽化（うか）,,
q0127,日本史,承和（じょうわ）の変を企てたとして伊豆に流罪（るざい）となった、嵯峨天皇、空海と共に書道の三筆と呼ばれた官僚は誰でしょう？,橘逸勢（たちばなの はやなり）,,
q0128,地理,ポツダム協定によって定められたドイツとポーランドの国境線のことを、この地点を流れる二つの川から何というでしょう？,オーデル・ナイセ線,,
q0129,ns,あるジャンルやグループが出来た頃からのファンと、古くからその組織で働いている人に共通する漢字2文字は何でしょう？,古参（こさん）,,
q0130,世界史,中央集権体制確立のため、ダレイオス1世がアケメネス朝ペルシャの20州に派遣した地方長官を何というでしょう？,サトラップ,,
q0131,言葉,続きものの文章を書く際に、前の文章の続きであることを示すため、文頭に書かれる二字熟語は何でしょう？,承前（しょうぜん）,,
q0132,芸術,音楽ライブでアーティストと観客が一体となって歌うことと、音楽サービス「Spotify（スポティファイ）」のカラオケ機能に共通する英語は何でしょう？,シンガロング,,
q0133,生活,SNS「LINE」で、特定の話題のトークルームを開設し、友達以外と会話や情報収集ができるサービスは何でしょう？,オープンチャット,LINE OpenChat,
q0134,理系,古代ギリシャの数学者の名前が付けられた、三角形の三辺の長さから面積を求める公式を「何の公式」というでしょう？,ヘロンの公式,,
q0135,言葉,「残念ながら」「不本意ながら」という意味で、公的な文書や政治家のコメントなどでよく使われる漢字2文字は何でしょう？,遺憾（いかん）,,
q0136,公民,企業が自社の技術やアイデアを軸に、良いと判断した製品を市場に投入する開発手法を、マーケットインに対して何というでしょう？,プロダクトアウト,,
q0137,生活,台札と数字がつながるカードを素早く出し、相手よりも先に手持ちのカードがなくなると勝ちとなるトランプゲームは何でしょう？,スピード,,
q0138,理系,2つの電荷間にはたらく静電気力は距離の2乗に反比例し、電気量の積に比例するという法則を、発見者の名前から「何の法則」というでしょう？,クーロンの法則,,
q0139,漫画・アニメ・ゲーム,「シネフォト部」が舞台の『mono（モノ）』や、「野外活動サークル」が舞台の『ゆるキャン△』といった作品が人気の漫画家は誰でしょう？,あｆろ（あふろ）,,
q0140,日本史,尊皇攘夷派の弾圧事件である「池田屋事件」を起こした、近藤勇（こんどう・いさみ）が組長を務めた組織は何でしょう？,新撰組（しんせんぐみ）,,
q0141,生活,ヤードポンド法の面積の単位で、「2頭の牛が一日に耕せる畑の広さ」を由来とする、約4000平方メートルを1とするものは何でしょう？,エーカー,,
q0142,スポーツ,よくスポーツイベントの応援に使われる、2本1セットの細長い棒状の風船を、拍子木のように叩いて音を出すグッズは何でしょう？,スティックバルーン,チアスティック ノイジースティック バルーンスティック ノイジーバルーン,
q0143,地理,「ディンブラ」「ヌワラエリア」「ウバ」といった紅茶の生産地である、南アジアの国はどこでしょう？,スリランカ,,
q0144,生活,タヒチの女性が伝統的に着用する、水着などと組み合わせて使うことが多い一枚布の腰巻きを、現地の言葉で何というでしょう？,パレオ,,
q0145,生活,トマトに浅く十字の切り込みを入れ、熱湯にくぐらせた後、氷水にさらして皮をむく、トマトの下ごしらえを何というでしょう？,湯むき,,
q0146,世界史,ドイツに対して賠償金の支払いなどを命じた、第一次世界大戦の講和条約を、締結された会場から「何条約」というでしょう？,ヴェルサイユ条約,,
q0147,生活,雪解けのロッキー山脈の山道を、アーモンド、マシュマロ、チョコレートを使って表現した、サーティーワンアイスクリームのフレーバーは何でしょう？,ロッキーロード,,
q0148,理系,2つ以上の元素が結合してできた物質を、「単体」に対して何というでしょう？,化合物,,
q0149,生活,安全なウェブサイトを示すURLの冒頭に使われる「https」の「s」とは、何という英単語の略でしょう？,Secure（セキュア）,ハイパーテキストトランスファープロトコルセキュア,
q0150,ns,死んだ場所から離れずにいる幽霊のことを、土地に縛られているという意味で「何霊」というでしょう？,地縛霊,,
q0151,生活,重力を意味する英語の頭文字から名付けられた、高い耐久性を持つカシオ計算機の腕時計は何でしょう？,G-SHOCK（ジーショック）,,
q0152,地理,江戸の面影を残す「蔵造りの町並み」が観光名所となっている、小江戸（こえど）と呼ばれる埼玉県の都市はどこでしょう？,川越市（かわごえ・し）,,
q0153,生活,1層あたり3本のブロックが18層積み重ねられたタワーを崩さないように遊ぶ、スワヒリ語で「組み立てる」という意味のゲームは何でしょう？,ジェンガ,,
q0154,日本史,710年に元明天皇が藤原京から遷都した、唐の都「長安」を模倣して現在の奈良市に作られた都は何でしょう？,平城京,,
q0155,芸能,『the world（ザ・ワールド）』と『the champions（ザ・チャンピオンズ）』の前につけると、それぞれUSAforAfrica（ユーエスエーフォーアフリカ）とQUEEN（クイーン）の曲名になる英単語2語は何でしょう？,we are（ウィーアー）,,
q0156,文学,小説家の朝井リョウ（あさいりょう）、綿谷りさ（わたやりさ）、村上春樹（むらかみ・はるき）に共通する出身大学はどこでしょう？,早稲田大学,,
q0157,芸術,しなやかな曲線と美しい色彩が特徴の作品を多く残した、サラ・ベルナールのポスターで有名になったチェコの画家は誰でしょう？,アルフォンス・ミュシャ,,
q0158,言葉,舞台で一人のセリフを複数人で同時に朗読したことに由来する、集会などで一斉にスローガンを叫ぶことを何というでしょう？,シュプレヒコール,,
q0159,スポーツ,7番ピンと10番ピンのみが残ったボウリングのスプリットを、ある動物の目に例えて何というでしょう？,スネークアイ,,
q0160,世界史,永楽帝の命を受け、巨大な艦隊を率いて南海の大遠征を行った、中国・明の時代の宦官は誰でしょう？,鄭和（ていわ）,,
q0161,生活,「長安寺」と「道明寺」の2種類に大別される、あんこを赤い生地で包み、塩漬けにした葉っぱを巻いた和菓子を何というでしょう？,桜餅,,
q0162,文学,明治時代の長崎を舞台に、アメリカ海軍士官・ピンカートンと恋に落ちる女性の姿を描いた、プッチーニのオペラは何でしょう？,『蝶々夫人』,『Madame Butterfly』,
q0163,公民,国会や地方議会などで、その日の議事が終了し議員が議場から退出することを、会議を開く「開議（かいぎ）」に対して何というでしょう？,散会(さんかい）,,
q0164,漫画・アニメ・ゲーム,特撮ドラマ「ウルトラマン」で、ウルトラマンの活動限界を知らせるために、胸で点滅するランプを何というでしょう？,カラータイマー,,
q0165,芸能,自らの楽曲を元にした小説『あの夏が飽和する』を執筆した、代表曲に『君の神様になりたい』や『命に嫌われている』があるシンガーソングライターは誰でしょう？,カンザキイオリ,,
q0166,理系,小笠原気団とぶつかり梅雨前線や秋雨前線などの停滞前線を作る、北海道より東の海上で発生する気団は何でしょう？,オホーツク海気団,,
q0167,生活,ファンタジースプリングスなど8つのテーマポートがある、千葉県浦安市のテーマパークは何でしょう?,東京ディズニーシー,,
q0168,言葉,状況が手遅れになったことのたとえにも使われる、命に関わるほどの重い傷を意味する漢字三文字は何でしょう？,致命傷,,
q0169,芸能,CMにはショパンの曲が起用されている、「ありがとう、いい薬です」がキャッチコピーの胃腸薬は何でしょう？,太田胃散,,
q0170,言葉,世の中の移り変わりが激しいことを、すぐに散る花に例えて「三日（みっか）見ぬ間の何」というでしょう？,三日見ぬ間の桜,,
q0171,生活,京都大学中退の「高田（たかだ）ふーみん」と早稲田大学出身の「びーやま」による、学歴至上主義を皮肉った教育系YouTubeチャンネルは何でしょう？,wakatte.TV（ワカッテティービー）,,
q0172,日本史,後のロシア皇帝ニコライ2世が、警備巡査の津田三蔵（つだ・さんぞう）に襲われた事件を、発生した場所から「何事件」というでしょう？,大津事件,,
q0173,芸能,ローカル番組の『TORO（トロ）アニメーション総研』や『鉄崎幹人のWASABI（てつざき・みきひとのわさび）』が放送されている、静岡県のラジオ局は何でしょう？,SBSラジオ,SBS,
q0174,理系,アルファベット2文字で「ST」と略される、言葉によるコミュニケーションの問題に対応する専門職は何でしょう？,言語聴覚士,,
q0175,公民,名誉毀損罪や侮辱罪のように、被害者の告訴がなければ起訴できない犯罪類型を何というでしょう？,親告罪,,
q0176,ns,渡辺淳一（わたなべ・じゅんいち）の小説『花埋み（はなうずみ）』で生涯が描かれた、日本初の女性医師は誰でしょう？,荻野吟子（おぎの・ぎんこ）,,
q0177,理系,寄生虫が寄生対象とする動物のことを、漢字2文字で何というでしょう？,宿主（しゅくしゅ・やどぬし）,奇主（きしゅ）,
q0178,生活,プラグとコンセントの間にたまったホコリに湿気が加わり、ショートして発火する現象を何というでしょう？,トラッキング現象,,
q0179,漫画・アニメ・ゲーム,主人公のアマテユズリハがクランバトルに巻き込まれる所からストーリーが始まる、ガンダムシリーズの作品は何でしょう？,『機動戦士Gundam GQuuuuuuX（ジークアクス）』,ジークアクスのみ,
q0180,生活,ファッションブランドの「ヴィヴィアン・ウエストウッド」「ポール・スミス」「バーバリー」の発祥国はどこでしょう？,イギリス,英国/グレートブリテン及び北アイルランド連合王国,
q0181,地理,自動車を最寄りの駅周辺の駐車場に停めた後、公共交通機関に乗り換えて移動することを英語で何というでしょう？,パークアンドライド,P&R パークアンドレイルライド　パークアンドバスライド,
q0182,生活,スーパーで、青果（せいか）・精肉・鮮魚のように特に鮮度が求められる食品のことを、「日配食品」と区別して何というでしょう？,生鮮食品,生鮮食料品,
q0183,理系,電気の回路図の中では丸の中にバツの記号で表される、懐中電灯などに使用される小型の電球を、ある植物を用いて何というでしょう？,豆電球,,
q0184,世界史,タブリーズ、カズウィーン、イスファハーンなどを首都とした、イスマーイール1世が開いたイスラーム王朝は何でしょう？,サファヴィー朝,,
q0185,芸能,破壊された扉から主人公が顔を覗かせるシーンが有名な、閉鎖中のホテルを舞台とするキューブリック監督の映画は何でしょう？,『シャイニング』,,
q0186,地理,東経25度線でリビア、北緯22度線でスーダンと国境を接している、アフリカの国はどこでしょう？,エジプト,,
q0187,日本史,上知令や人返し令の制定、株仲間の解散などの政策がなされた、水野忠邦が主導した江戸時代の政治改革は何でしょう？,天保の改革,,
q0188,言葉,頭がよく、考えがはっきりしていることを、「頭」という字を使った四字熟語で何というでしょう？,頭脳明晰（ずのうめいせき）,,
q0189,生活,水彩絵の具の「マット水彩」や、全芯が色鉛筆の「クーピーペンシル」などを製造する、日本の画材メーカーは何でしょう？,サクラクレパス,,
q0190,生活,トレーディングカードゲームの『イジンデン』を販売する、100円ショップは何でしょう？,ダイソー,,
q0191,地理,平均標高が5000mに迫ることから「世界の屋根」と呼ばれる、中央アジアの高原は何でしょう？,パミール高原,,
q0192,生活,日本の歩行者用信号機で、青信号に描かれている人は左右どちらを向いているでしょう？,左,,
q0193,芸術,生涯に手がけた建築はほぼ全てバルセロナに存在する、『グエル公園』や『サグラダファミリア』の設計をした建築家は誰でしょう？,アントニオ・ガウディ,,
q0194,理系,うみへび座を超える広さがあったが、現在は「ほ座」「りゅうこつ座」など4つに分けられた、かつて存在した星座は何でしょう？,アルゴ座,,
q0195,芸術,野々村仁清（ののむら・にんせい）の『色絵藤花文茶壺（いろえふじはなもんちゃつぼ）』や尾形光琳の『紅白梅図屏風（こうはくばいずびょうぶ）』を所蔵する、熱海市にある美術館は何でしょう？,MOA（エム・オー・エー）美術館,,
q0196,生活,暖かい場所から冷たい風呂場などに移動した際、血圧の急な変化によって脳卒中などを起こす現象を何というでしょう？,ヒートショック現象,,
q0197,世界史,ペルシア帝国の侵略に備えて、エーゲ海周辺の都市国家がアテネを盟主として結成した同盟を何というでしょう？,デロス同盟,,
q0198,芸能,『私のお気に入り』『エーデルワイス』『ドレミの歌』などの劇中歌がある、オーストリアを舞台としたミュージカルは何でしょう？,『サウンド・オブ・ミュージック』,,
q0199,スポーツ,ボクシングなどの格闘技で、相手に攻撃した後すぐに距離を取る戦術を何というでしょう？,ヒットアンドアウェイ,,
q0200,文学,オルコットの小説『若草物語』に登場する、四姉妹のファミリーネームは何でしょう？,マーチ,,
q0201,生活,叙事詩『西風の賦（にしかぜのふ）』の中の一節「冬来たりなば春とおからじ」が特に有名な、イギリスの詩人は誰でしょう？,パーシー・ビッシュ・シェリー,,
q0202,文学,代表作に『日傘を差す女』『睡蓮』『印象・日の出』がある、印象派を代表するフランスの画家は誰でしょう？,（クロード・）モネ,,
q0203,芸術,国土交通省の観光庁や文部科学省の文化庁のように、内閣府や省に直属し、特殊な事務や独立性の強い事務をする機関を何というでしょう？,外局,,
q0204,公民,「いけ」「ぬま」「なみだ」を漢字1文字で書いたとき、共通する部首は何でしょう？,さんずい,,
q0205,言葉,コバルトやゲルマニウムなど、存在量は少ないものの工業的な需要のある金属を、一般に何というでしょう？,レアメタル,希少金属,
q0206,理系,バスケットボールシューズの「エアフォース1」や「エアジョーダン」などを販売するスポーツ用品メーカーは何でしょう？,Nike（ナイキ）,,
q0207,生活,一般的な花札は、一組何枚で構成されるでしょう？,48枚,,
q0208,漫画・アニメ・ゲーム,群れで泳ぐ姿が花のように見えることから、魚へんに「花」と書く魚は何でしょう？,ほっけ,,
q0209,生活,自然界で分解されにくいため問題視される「有機フッ素化合物」のことを、アルファベット4文字で何というでしょう？,PFAS（ピーファス）,,
q0210,理系,後ろを振り返る美人を描いた、1948年発行の5円記念切手に初めて肖像として採用された菱川師宣の絵画は何でしょう？,『見返り美人図』,見返り美人,
q0211,芸術,湖畔には和琴温泉や砂湯などの多くの温泉が存在する、北海道東部に位置する日本最大のカルデラ湖は何でしょう？,屈斜路湖（くっしゃろこ）,,
q0212,地理,初対面でも、昔からの知り合いのようにグイグイ接してくる人を、2点間の長さを表す漢字を使って「何が近い人」というでしょう？,距離感が近い人,距離が近い人,
q0213,言葉,フランスのデザイナー、マルタン・マルジェラが設立した、カレンダータグが特徴的なファッションブランドは何でしょう？,Maison Margiela（メゾン・マルジェラ）,,
q0214,生活,建長寺の僧侶が全国に広めていった、大根やにんじんなどの野菜を油で炒めてから煮込む汁料理を何というでしょう？,けんちん汁,,
q0215,生活,長方形のクッキー生地に、キャラメルでコーティングしたスライスアーモンドを乗せて焼き上げた、フランスの焼き菓子は何でしょう？,フロランタン,,
q0216,芸術,弾き方や使う爪の形により、「山田流」と「生田流（いくたりゅう）」の2つの流派に分かれる、日本の楽器は何でしょう？,箏（こと）,,
q0217,世界史,同時期に活躍した龐統（ほうとう）とともに「伏竜鳳雛（ふくりゅうほうすう）」と呼ばれた、中国・三国時代に活躍した蜀の軍師は誰でしょう？,諸葛孔明,,
q0218,生活,紙の本を読む時間がない人もスマホなどで楽しめる、ナレーターが書籍を読み上げた音声をデータ化したコンテンツは何でしょう？,オーディオブック,,
q0219,生活,エスプレッソなどを飲む時に使う小さなコーヒーカップを、「半分」という意味のフランス語から何というでしょう？,デミタスカップ,デミタス,
q0220,芸能,「キャンディーズ」の解散宣言や「キャロル」の解散コンサートが行われた、野音（やおん）の愛称を持つ音楽施設は何でしょう？,日比谷公園大音楽堂,日比谷野外大音楽堂、日比谷野音,
q0221,生活,高校や大学入試などで、募集定員に対して、志願者数がどれだけいるかを表す指標を、一般に何というでしょう？,志願倍率,倍率、受験倍率,
q0222,理系,海にいるクジラを大きく2つに分けると、ハクジラと何でしょう？,ヒゲクジラ,,
q0223,生活,商品ラベルの上部には愛称の「下町のナポレオン」と表示されている、三和酒類が販売する麦焼酎は何でしょう？,いいちこ,,
q0224,世界史,産出された銀がスペイン帝国の経済を支え、ヨーロッパに価格革命をもたらした、現在のボリビアにある銀山は何でしょう？,ポトシ銀山,,
q0225,生活,電子レンジや冷蔵庫などの電源コードに取り付けられている、漏電した電流を地面に逃がす線を何というでしょう？,アース,,
q0226,芸能,ABEMATVのドラマ「警視庁麻薬取締課　MOGURA（モグラ）」で主演を務めた、『フリースタイルダンジョン』のかつてのラスボスは誰でしょう？,般若（はんにゃ）,,
q0227,漫画・アニメ・ゲーム,KYにならないように「お前」という赤いキャラクターを動かす、携帯ゲームとして人気を集めたゲームは何でしょう？,『空気読み。』,,
q0228,文学,インドの叙事詩『マハーバーラタ』に登場する姫を主人公とする、カーリダーサによって作られた戯曲は何でしょう？,『シャクンタラー』,『シャクンタラー姫』,
q0229,芸能,静岡学園高校出身の石野卓球（いしの・たっきゅう）と、静岡東高校出身のピエール滝（たき）の二人組である音楽ユニットは何でしょう？,電気グルーヴ,,
q0230,言葉,船が進行方向の右に舵を切ることを、「取り舵」に対して何というでしょう？,面舵,,
q0231,公民,学生が各国の大使になりきり、国際問題解決に向けて議論する、国連の形式をモデルにした会議を何というでしょう？,模擬国連,,
q0232,スポーツ,柔道の試合で、二度の「技あり」によって一本を取ることを何というでしょう？,合わせ技一本,合わせ技、合わせて一本,
q0233,理系,猫の思考実験に名を残す、1933年にディラックと共にノーベル物理学賞を受賞したオーストリアの物理学者は誰でしょう？,エルヴィーン・シュレーディンガー,,
q0234,公民,大規模開発する際、事業が環境に与える影響を評価し、環境保全の観点から望ましい事業計画を作る制度を何というでしょう？,環境アセスメント,環境影響評価,
q0235,生活,3.75グラムを1とする、真珠の重さを量るときに使用する日本の尺貫法の単位の1つは何でしょう？,匁（もんめ）,,
q0236,日本史,著書「憲法撮要（けんぽうさつよう）」などで天皇機関説を主張した、息子に東京都知事を務めた亮吉（りょうきち）を持つ大正・昭和期の憲法学者は誰でしょう？,美濃部達吉（みのべ・たつきち）,,
q0237,言葉,人間関係の不和などの例えにも使われる、音楽用語で、複数の音が調和せず不安定に響く和音を何というでしょう？,不協和音,,
q0238,地理,1949年に制定された憲法により常備軍を持つことを禁止した、首都をサンホセにおく中央アメリカの国はどこでしょう？,コスタリカ共和国,,
q0239,文学,マクレガーさんの畑に忍びこむいたずら好きのウサギを主人公とする、ビアトリクス・ポターの絵本シリーズは何でしょう？,『ピーターラビット』シリーズ,「ピーターラビット」『ピーターラビットのおはなし』,
q0240,理系,データの分布を四角形とそこから上下に伸びる線で表す、英語では「Boxplot（ボックスプロット）」という統計学で使われる表を何というでしょう？,箱ひげ図,,
q0241,世界史,自らをキリストの弟であると称し拝上帝会（はいじょうていかい）を組織した後、太平天国を建国した人物は誰でしょう？,洪秀全（こう しゅうぜん）,,
q0242,生活,牛のホルモンをカリカリに揚げたものがのった、大阪のうどん店によくあるメニューは何でしょう？,かすうどん,,
q0243,芸能,スケッチブックなどに書かれた文字や絵でボケるお笑いのスタイルを特に「何芸」というでしょう？,フリップ芸,めくり芸,
q0244,生活,スナック菓子の「ポテコ」「暴君ハバネロ」「キャラメルコーン」を販売する企業は何でしょう？,東ハト,,
q0245,言葉,年齢や数を自分の都合がいいように誤魔化すことを、ある魚の名前を使って「何を読む」というでしょう？,鯖を読む,,
q0246,公民,「認認介護」とともに増加傾向にある、高齢者による高齢者の介護のことを何というでしょう？,老老介護,,
q0247,理系,化学で、混合物から特定の元素や化合物を、純粋な物質として取り出す操作を漢字2文字で何というでしょう？,単離,,
q0248,スポーツ,「OZ（オズ）アカデミー」「MARIGOLD（マリーゴールド）」「スターダム」などの団体が興行を行う、女子スポーツは何でしょう？,女子プロレス,,
q0249,理系,無脊椎動物の中でも、ナメクジやカタツムリのように、骨格を持たず体質の柔らかな動物のことを何というでしょう？,軟体動物,,
q0250,文学,三叉（みつまた）の銛（ほこ）「トライデント」を持つ、ギリシア神話の海の神は何でしょう？,ポセイドン,,
q0251,芸能,ニッポン放送で最も長く放送されている、人に言えない悩みに専門家が応じるラジオ番組は何でしょう？,テレフォン人生相談,,
q0252,生活,アップルのiOS（アイオーエス）やmacOS（マックオーエス）の端末に搭載されている、さまざまな通知を1ヶ所で確認できる機能を何というでしょう？,通知センター,,
q0253,漫画・アニメ・ゲーム,妖（あやかし）の力を高める地「烏森（からすもり）」を舞台に、妖（あやかし）退治に奮闘する墨村良守（すみむら・よしもり）と雪村時音（ゆきむら・ときね）の日々を描いた、田辺（たなべ）イエロウの漫画は何でしょう？,『結界師』,,
q0254,生活,「フランスパン工房」や「ベビースターラーメン」などのお菓子を製造・販売する、三重県の企業はなんでしょう？,（株式会社）おやつカンパニー,,
q0255,日本史,忍者が追っ手を足止めするために地面にばら撒いて使った、鋭いとげがついた金属製の道具を何というでしょう？,まきびし,,
q0256,芸術,18世紀ごろのヨーロッパで流行した、建築や家具に中国風の装飾を取り入れる美術様式を何というでしょう？,シノワズリ,,
q0257,スポーツ,壁の1メートル弱の地点で体を回転させ、足で壁をタッチして行う水泳のターンを何というでしょう？,クイックターン,フリップターン　タンブルターン,
q0258,理系,アルファベットのAの上に○が付いた記号で表記される、10の-10乗を1とする極めて小さなものを表す際に使用する長さの単位は何でしょう？,オングストローム(Å),,
q0259,生活,歌手や役者の発声の基本技術である、横隔膜の上下運動を利用した呼吸法は何でしょう？,腹式呼吸,,
q0260,文学,日本文芸家協会の初代会長や文藝春秋社の初代社長を務めた、小説『恩讐（おんしゅう）の彼方に』などの代表作がある作家は誰でしょう？,菊池寛（きくち・かん）,,
q0261,理系,体心立方格子では約68％、面心立方格子と六方最密構造では約74％となる、結晶に占める原子の体積の割合を何というでしょう？,充填(じゅうてん)率,,
q0262,生活,中にピスタチオペーストやカダイフを詰め込み、サクサクとした食感が特徴のチョコレートを、発祥地のUAEの地名から何というでしょう？,ドバイチョコレート,,
q0263,公民,現在、保育園や認定こども園を所管する、日本の行政機関は何でしょう？,こども家庭庁,,
q0264,生活,醤油の酸化を防ぐ密封ボトルを使用した『いつでも新鮮』シリーズを販売する、千葉県野田市に本社を置く企業は何でしょう？,キッコーマン,,
q0265,芸術,曲の途中でテンポが変わった場合に、元の速さに戻すことを指示する、イタリア語で「元の速さで」という意味の音楽用語は何でしょう？,ア・テンポ,,
q0266,生活,ラッコの「キラ」と「メイ」や、ジュゴンの「セレナ」の生態を見学できる、三重県の水族館は何でしょう？,鳥羽水族館,,
q0267,言葉,策略に長ける人物は、策略に頼りすぎてかえって失敗するという意味のことわざを、「策」という字を二回使って何というでしょう？,策士策に溺れる,,
q0268,日本史,織田信長からハゲネズミや金柑頭（きんかんあたま）などのあだ名で呼ばれていたという、本能寺の変で信長を討った武将は誰でしょう？,明智光秀（あけち・みつひで）,,
q0269,世界史,ハワイ王国最後の王で、ハワイアンの名曲『アロハオエ』を作った人物は誰でしょう？,リリウオカラニ,,
q0270,芸術,「江戸」や「薩摩」などの種類がある、ガラスの表面に溝を彫り込んで装飾した工芸細工は何でしょう？,切子（きりこ）,,
q0271,芸能,音楽プロジェクト「月詠み（つくよみ）」のプロデューサーである、『だれかの心臓になれたら』などの楽曲があるミュージシャンは誰でしょう？,ユリイ・カノン,,
q0272,地理,静岡県には「そらっと牧之原」や「伊東マリンタウン」など26ヶ所ある、一般道に設置されている休憩施設を何というでしょう？,道の駅,,
q0273,生活,うどんなど麺類の弾力性や噛み応えのことを、体の部位を使って何というでしょう？,腰,,
q0274,世界史,1648年のウェストファリア条約で実質的解体が決定づけられた、オットー1世が建国した帝国は何でしょう？,神聖ローマ帝国,,
q0275,ns,英検準一級で満点の時はB2に区分される、語学能力の国際標準規格をアルファベット4文字で何というでしょう？,CEFR（セファール）,,
q0276,理系,希硫酸に亜鉛版と銅板を浸した電池を、発明したイタリアの物理学者の名前から「何電池」というでしょう？,ボルタ電池,ボルタ,
q0277,理系,イーライ・リリーの「ドナネマブ」やエーザイの「レカネマブ」が治療薬として使われる病気は何でしょう？,認知症,アルツハイマーなど,
q0278,生活,「総カカオ分は35％以上」などの厳しい条件が付けられている、特にお菓子作りに使われる、脂肪分が豊富なチョコレートは何でしょう？,クーベルチュール,,
q0279,スポーツ,第1回のアテネ五輪から現在まで正式種目として実施されている、男子は６種目、女子は4種目で構成されている採点競技は何でしょう？,体操,,
q0280,地理,豪華な山鉾巡行（やまぼこじゅんこう）が見どころである、毎年７月に行われる八坂神社のお祭りはなんでしょう？,祇園祭（ぎおんまつり）,,
q0281,日本史,天智天皇の没後、皇位継承をめぐり大友皇子（おおとものおうじ）と大海人皇子（おおあまのおうじ）が戦った内乱は何でしょう？,壬申(じんしん)の乱,,
q0282,地理,1976年までは「サイゴン」と呼ばれた、ベトナムを代表する都市はどこでしょう？,ホーチミン,,
q0283,漫画・アニメ・ゲーム,2020年に『或世界消失（あるせかいしょうしつ）』でデビューした、代表曲に『マーシャルマキシマイザー』や『テトリス』があるボカロPは誰でしょう？,柊（ひいらぎ）マグネタイト,,
q0284,生活,物置、ウッドデッキ、門扉など、建物の外側の空間を演出するものを総称して指す、インテリアの対義語は何でしょう？,エクステリア,,
q0285,地理,世界遺産「古都京都の文化財」の構成資産である、滋賀県の比叡山を境内とする天台宗の総本山は何でしょう？,（比叡山）延暦寺,,
q0286,芸能,女性声優の田中沙耶（たなか・さや）が声を担当する、TBSの番組『ラヴィット！』に登場するウサギのキャラクターは何でしょう？,ラッピー,,
q0287,生活,スポーツウェアを普段着に取り入れるファッションスタイルを、「運動」と「余暇」を意味する2つの英単語を組み合わせて何というでしょう？,アスレジャー,,
q0288,地理,現在の福島県・宮城県・岩手県・青森県に相当する地域の古い呼び名を、「みちのおく」の音変化から何というでしょう？,みちのく,,
q0289,理系,南アジアやアフリカ、オーストラリアなどに被害をもたらす、南北のインド洋や南太平洋に発生する熱帯低気圧を何と呼ぶでしょう？,サイクロン,,
q0290,言葉,英検や漢検の一部でも実施されている、会場のコンピューターを使う試験方式を、アルファベット3文字で何というでしょう？,CBT,,
q0291,理系,電流の単位に名を残す、右ねじの法則を提唱したフランスの物理学者は誰でしょう？,アンドレ＝マリ・アンペール,,
q0292,日本史,13世紀から16世紀にかけて、朝鮮半島や中国沿岸で海賊行為をしていた集団は何でしょう？,倭寇（わこう）,高麗盗人,
q0293,地理,アルゼンチンでは「マルビナス諸島」と呼ばれる、1982年にアルゼンチンがイギリスと領有権を争った諸島はどこでしょう？,フォークランド諸島,,
q0294,公民,企業における不祥事の原因や経緯などの調査のため、企業から独立した外部の人物によって組織された委員会を「何委員会」というでしょう？,第三者委員会,,
q0295,言葉,悪いことが起こったあとはかえって良い状態になるという意味のことわざを、「雨降って何固まる」というでしょう？,雨降って地固まる,,
q0296,芸能,北大路欣也（きたおおじ・きんや）演じる神田大尉のセリフ「天は我々を見放した」は流行語にもなった、1977年公開の映画は何でしょう？,『八甲田山（はっこうださん）』,,
q0297,理系,第一次大戦中に毒ガス開発の指揮をとったため「化学兵器の父」と呼ばれた、アンモニアの合成法に名を残すドイツの化学者は誰でしょう？,フリッツ・ハーバー,,
q0298,言葉,お笑いで使われる言葉で、面白くないギャグや場がしらけた状況を指す、温度感を表す形容詞は何でしょう？,寒い,さぶい,
q0299,生活,青エンドウから作ったあんこや、青大豆から作ったきな粉の名前に使われている、春先に「ホーホケキョ」と鳴く小鳥は何でしょう？,ウグイス,,
q0300,漫画・アニメ・ゲーム,各プレーヤーに配られた2枚のカードと、プレイヤー全員が共有する5枚のカードで役を作る、ポーカーの一種は何でしょう？,テキサス・ホールデム,,
q0301,理系,電子回路や電子部品のテストに用いられる、入力した電気信号の時間変化をグラフとして表示する測定器は何でしょう？,オシロスコープ,なし,
q0302,生活,仲間や知人と飲み会へ行く際に、お酒を飲まず、自動車の運転をして仲間を送り届ける人のことを何というでしょう？,ハンドルキーパー,,
q0303,地理,世界恐慌下のドイツで公共事業として建設された、総延長約1万3千キロに及ぶ高速道路は何でしょう？,アウトバーン,,
q0304,世界史,東ローマ皇帝・ユスティニアヌスが、法学者・トリボニアヌスらに編纂を命じた、ローマ法の集大成は何でしょう？,『ローマ法大全』,,
q0305,生活,新月から次の新月までを1ヶ月とする、月の満ち欠けを基準にした暦を何というでしょう？,太陰暦,,
q0306,公民,場の雰囲気が沈み切っていることの例えにも使われる、葬儀の前日に故人の冥福を祈る仏教の儀式は何でしょう？,お通夜,通夜,
q0307,生活,学生からの質問や相談などに応じるために、大学教員があらかじめ示す特定の時間帯のことを何というでしょう？,オフィスアワー,,
q0308,文学,直木賞受賞作の『黒牢城（こくろうじょう）』や『古典部シリーズ』『小市民シリーズ』などを執筆した小説家は誰でしょう？,米沢穂信（よねざわ・ほのぶ）,,
q0309,世界史,1492年に陥落し、キリスト教徒の国土回復運動の完成となった、ナスル朝の都市はどこでしょう？,グラナダ,,
q0310,芸術,ルーヴル美術館では『カナの婚礼』の正面に展示されている、別名を『ラ・ジョコンダ』というダ・ヴィンチの絵画は何でしょう？,『モナ・リザ』,,
q0311,文学,ロシアにおける近代文学の創始者とされる、代表作に『エフゲニー=オネーギン』や『大尉の娘』がある作家は誰でしょう？,アレクサンドル・プーシキン,,
q0312,生活,自らの推しの缶バッジを大量につけたカバンのことを、漢字1文字を使って「何バッグ」というでしょう？,痛（いた）バッグ,,
q0313,日本史,1219年に鶴岡（つるがおか）八幡宮で甥の公暁（くぎょう）に暗殺された、鎌倉幕府・第3代将軍は誰でしょう？,源実朝（みなもとのさねとも）,,
q0314,生活,梅酒ブランドの「さらりとした梅酒」や「ウメッシュ」を販売する酒造メーカーは何でしょう？,チョーヤ,,
q0315,文学,醍醐（だいご）天皇の命により紀貫之らが編纂（へんさん）した、日本で最初の勅撰和歌集は何でしょう？,『古今和歌集』,,
q0316,芸術,マウリシオ・カーゲルの『フィナーレ』では、指揮者が倒れたあと代わりに指揮する、オーケストラで演奏者を統率する役職を何というでしょう？,コンサートマスター,,
q0317,言葉,夢と現実の区別がつかないことのたとえとして使われる「荘子（そうし）」に由来する言葉を、ある昆虫を使って何というでしょう？,胡蝶（こちょう）の夢,,
q0318,理系,脊椎（せきつい）動物の赤血球に多く含まれる、血液の中で酸素を運ぶ働きを持つたんぱく質は何でしょう？,ヘモグロビン,,
q0319,言葉,元は楊貴妃（ようきひ）の美しさを形容した、「澄んだ美しい瞳と白い歯」という意味がある四字熟語は何でしょう？,明眸皓歯（めいぼうこうし）,,
q0320,芸能,お笑いコンビの「春とヒコーキ」「ウエストランド」「爆笑問題」が所属する芸能事務所は何でしょう？,タイタン,,
q0321,理系,メスシリンダーなどの細い容器に液体を入れた時にできる、半球状に曲がった液面のことを何というでしょう？,メニスカス,,
q0322,スポーツ,ダーツのカウントアップで、1ラウンドで獲得できる最高得点は何点でしょう？,180点,,
q0323,漫画・アニメ・ゲーム,漫画作品の『絢爛（けんらん）たるグランドセーヌ』や『ダンスダンス・ダンスール』の題材となっている舞台芸術は何でしょう？,バレエ,クラシックバレエ　モダンバレエ,
q0324,芸術,インド・イスラム建築の傑作と言われる、ムガル帝国皇帝シャー・ジャハーンが妻のために立てた霊廟（れいびょう）は何でしょう？,タージ・マハル,,
q0325,理系,海岸に打ち寄せた波が沖に戻ろうとする時に発生する、海難事故の原因にもなる強い流れを何というでしょう？,離岸流（りがんりゅう）,リップカレント　だし　沖だし,
q0326,理系,コンピュータ上で、コピーしたデータを一時保存するメモリ領域を何というでしょう？,クリップボード,,
q0327,地理,宮島細工などの伝統工芸品や、家具などの木工製品の生産が盛んな、日本三景の一つ「安芸の宮島」がある都市はどこでしょう？,廿日市（はつかいち）市,,
q0328,生活,キッチン、トイレ、シャワーなどの設備が整っている、キャンプ場などで見られる一戸建ての宿泊施設を何というでしょう？,コテージ,,
q0329,芸術,風力で動く生命体のような作品の「ストランドビースト」を制作した、オランダの彫刻家は誰でしょう？,テオ・ヤンセン,,
q0330,芸能,ボートレース好きや大喜利が得意という一面がある、みったんというニックネームがある元AKB48のメンバーは誰でしょう？,福留光帆（ふくどめ・みつほ）,,
q0331,理系,クロムウェルや平清盛（たいらの・きよもり）が亡くなった原因ともされる、ハマダラ蚊を媒介とする感染症は何でしょう？,マラリア,,
q0332,言葉,お互いが思いあっているにもかかわらず、その恋愛感情は一方的なものだと両者が誤解している状態のことを、俗に何というでしょう？,両片思い,,
q0333,芸術,代表作に『人の子』や『光の帝国』がある、シュルレアリスムを代表する芸術家は誰でしょう？,ルネ・マグリット,,
q0334,生活,「 すべては『音楽』を楽しむために 」をキーワードに建設された、横浜みなとみらい21地区にある音楽専用アリーナは何でしょう？,Kアリーナ横浜,Kアリーナ,
q0335,生活,「遊べる本屋」をコンセプトに、書籍以外にも雑貨など幅広い商品を取り扱う、「ヴィレヴァン」と略される複合型書店は何でしょう？,ヴィレッジ・ヴァンガード,,
q0336,日本史,江戸幕府による「禁教令（きんきょうれい）」で、禁止された宗教は何でしょう？,キリスト教,,
q0337,生活,青少年読書感想文全国コンクールで、主催者が指定する本のことを特に「何図書」というでしょう？,課題図書,,
q0338,スポーツ,野球用語で、キャッチャーが捕球可能な投球を捕り損なうプレーを、「ワイルドピッチ」と区別して何というでしょう？,パスボール,捕逸,
q0339,生活,糖質をエネルギーに変えやすくすることから夏バテ防止に効果がある、豚肉やウナギに多く含まれるビタミンは何でしょう？,ビタミンB1,チアミン,
q0340,文学,『ああ祖国よ』『きまぐれロボット』『ボッコちゃん』などのショートショートを残した、日本の作家は誰でしょう？,星新一（ほし・しんいち）,,
q0341,言葉,雪があたり一面に降り積もって白一色になっている景色を、ある色を用いて「何世界」というでしょう？,銀世界,,
q0342,地理,ドイツとフランスに挟まれた「ベネルクス三国」の三国とは、ベルギー王国、オランダ王国とどこでしょう？,ルクセンブルク大公国,ルクセンブルク,
q0343,生活,ゴボウなどの細長い野菜を、笹の葉のように薄く削ぎ切りにする調理法は何でしょう？,ささがき,,
q0344,日本史,四国地方にある唯一の天皇陵・白峯陵（しらみねのみささぎ）に祀られている、保元の乱に敗れて讃岐に流された上皇は誰でしょう？,崇徳（すとく）上皇,,
q0345,理系,クリスマスの時期に現れるためスペイン語で「神の子」と名付けられた、南米沖で海水温が上昇する現象を何というでしょう？,エルニーニョ現象,エルニーニョ,
q0346,生活,都市部から過疎地域などに移住後、自治体の委嘱を受け地域活性化の活動で定住を促す、総務省の制度を何というでしょう？,地域おこし協力隊,,
q0347,世界史,続編にローマ内戦を記録した『内乱記』がある、共和政ローマの軍人ユリウス・カエサルの歴史書はなんでしょう？,『ガリア戦記』,,
q0348,スポーツ,「ピックシックス」とも呼ばれる、アメフトで、インターセプトしたボールをそのままエンドゾーンに持ち込み得点することを何というでしょう？,インターセプトリターンタッチダウン,,
q0349,生活,アメリカ西海岸のライフスタイルを提案する店として、1976年に原宿の6.5坪の店舗からスタートした、日本のセレクトショップは何でしょう？,BEAMS（ビームス）,,
q0350,理系,盛り上がった部分を背斜、沈んだ部分を向斜という、地層に横方向からの力が加わり波状に曲がることを何というでしょう？,褶曲（しゅうきょく）,,
q0351,生活,車内で非常事態が発生した時には赤く点滅する、タクシーの屋根に取り付けられる社名が記載されたランプを何というでしょう？,あんどん,社名表示灯,
q0352,生活,「知能情報社会学部」の1学部のみ設置されている、日本財団ドワンゴ学園が運営するオンライン制の大学は何でしょう？,ZEN（ゼン）大学,,
q0353,地理,四国を流れる川の中では流域面積・長さともに最大で、「日本三大暴れ川」の一つにも数えられる川は何でしょう？,吉野川,,
q0354,生活,ファッション用語で、コーディネートのアクセントとして一部のアイテムに取り入れる色のことを何というでしょう？,差し色,アクセントカラー,
q0355,芸能,『超える』『閃光』『ワタリドリ』などの代表曲がある、川上洋平（かわかみ・ようへい）がボーカルを務める4人組ロックバンドは何でしょう？,[Alexandros],,
q0356,漫画・アニメ・ゲーム,1930年代のニューヨークを舞台に、不死の酒をめぐる群像劇を描いた成田良悟（なりた・りょうご）のライトノベルは何でしょう？,『バッカーノ』,,
q0357,理系,魚の加工現場ではブラックライトを当てると光る性質を利用し除去される、魚介類に寄生する線虫は何でしょう？,アニサキス,,
q0358,生活,塗装の際に、塗料をつけたくない部分の保護のため使うテープを、一般に「何テープ」というでしょう？,マスキングテープ,養生テープ,
q0359,理系,硬い甲羅で背中を覆われ、危険を感じると体を丸める習性がある、「ヨロイネズミ」の別名がある南米などに生息する哺乳類は何でしょう？,アルマジロ,,
q0360,生活,馬券や舟券の購入に使う、塗りつぶした箇所を機械で読み取れる用紙を和製英語で何というでしょう？,マークシート,,
q0361,日本史,冷戦の激化に伴いGHQが行った、共産党員らを職場や公職から追放することを、ある色を用いて何というでしょう？,レッドパージ,赤狩り,
q0362,漫画・アニメ・ゲーム,舞台版では守乃まも（まもの・まも）、アニメ版では青山吉能（あおやま・よしの）が演じる、はまじあきの漫画『ぼっち・ざ・ろっく』の主人公は誰でしょう？,後藤ひとり,,
q0363,文学,中国の神話で、天の四方を守るとされる、東の青龍、西の白虎、南の朱雀、北の玄武の4体の霊獣をまとめて何というでしょう？,四神（ししん）,,
q0364,理系,気体定数をアボガドロ定数で割って求められるエネルギーと絶対温度の関係を表す定数を、オーストリアの物理学者から何定数というでしょう？,ボルツマン定数,,
q0365,生活,「第一志望は、ゆずれない。」をキャッチコピーとする、東京都の駿河台（するがだい）に本部を置く予備校は何でしょう？,駿台（すんだい）予備校,駿台、駿台予備学校,
q0366,芸術,ベートーベン作曲の交響曲で、通称「英雄」といえば「交響曲第何番」でしょう？,交響曲第3番,,
q0367,スポーツ,2000年シドニー五輪で正式種目となった、自転車競技の着順を予想する公営ギャンブルは何でしょう？,KEIRIN(けいりん）,,
q0368,地理,オアフ島南東に位置する、ワイキキビーチやダイヤモンドヘッドといった観光地で有名な、アメリカ・ハワイ州の州都はどこでしょう？,ホノルル,,
q0369,芸能,もともとは友人の結婚を祝う曲として制作されたが、現在は卒業ソングの定番となったレミオロメンの楽曲は何でしょう？,『3月9日』,,
q0370,漫画・アニメ・ゲーム,2016年のドイツ年間ゲーム大賞に選ばれた、スパイマスターのヒントをもとに正解となる言葉を探すボードゲームは何でしょう？,コードネーム,,
q0371,公民,現在の議席数を得るまで「売れない実力派地下アイドル」と揶揄された、玉木雄一郎（たまき・ゆういちろう）が代表を務める政党は何でしょう？,国民民主党,,
q0372,言葉,住宅の土間を作る材料に由来する、下積みから努力をして一人前に成長した人物を指す言葉は何でしょう？,たたき上げ,,
q0373,言葉,道路に面した部分が狭く、奥が広い袋地状の土地を、ある道具に見立てて何というでしょう？,旗竿地（はたざおち）,旗形,
q0374,生活,空のテーマパーク「フライト・オブ・ドリームズ」が併設されている、セントレアという別名がある愛知県の空港は何でしょう？,中部国際空港,,
q0375,地理,世界最小の「ピグミーネズミキツネザル」や、童謡で有名な「アイアイ」などの猿が生息する、アフリカ大陸南東部にある島は何でしょう？,マダガスカル島,,
q0376,漫画・アニメ・ゲーム,スマホゲーム『Pokemon Trading Card Game Pocket』の対戦で、勝利に必要なポイントは何ポイントでしょう？,3ポイント,,
q0377,ns,周囲の気を引くため、自らを傷つける精神疾患を、名前の由来となったドイツの貴族から「何症候群」というでしょう？,ミュンヒハウゼン症候群,,
q0378,地理,標高約4200mとハワイ州で最も高い、山頂には日本のすばる望遠鏡が設置されている山は何でしょう？,マウナ・ケア,,
q0379,芸術,童謡『おもちゃのチャチャチャ』の歌詞に登場する人形は、どこの国の人形でしょう？,フランス,,
q0380,スポーツ,登山で山頂への到達を諦めて下山することを、試合に敗れることを意味する漢字2文字で、俗に何というでしょう？,敗退,,
q0381,理系,高層ビルの上の階ほど大きく揺らす傾向がある、大地震により発生する、周期の長いゆっくりとした大きな揺れを何というでしょう？,長周期地震動,,
q0382,文学,NASA主導の月面探査プログラムの名前にもなっている、ギリシャ神話の月の女神は誰でしょう？,アルテミス,,
q0383,世界史,アンリ4世とマルグリットの結婚式のために集まったユグノー達を、カトリック教徒らが虐殺した事件を「何の虐殺」というでしょう？,サンバルテルミの虐殺,聖バルテルミ、サン＝バルテルミ,
q0384,生活,和歌山のアウトドアショップOrange（オレンジ）のマネージャーが開発した、アウトドアの定番になっているスパイスは何でしょう？,ほりにし,,
q0385,漫画・アニメ・ゲーム,『戦国』『源氏伝』『ライブ』『幕末』『ヴァンパイア』などのシリーズ作がある、サイバードが手掛ける女性向け恋愛ゲームシリーズは何でしょう？,『イケメン』シリーズ,,
q0386,日本史,江戸時代の大名で、親藩・譜代以外の、主に関ヶ原の戦いの後に徳川氏に服属した大名を何というでしょう？,外様大名,外様,
q0387,公民,アメリカの連邦議会の上院と下院のうち、議員の定数が多いのはどちらでしょう？,下院,,
q0388,言葉,スタジアムでビールを販売する人や、コミックマーケットで同人誌などを販売する人を、かな3文字で俗に何というでしょう？,売り子,,
q0389,生活,卒業式で披露される「答辞」と「送辞」のうち、一般的に先に行われるのはどちらでしょう？,送辞,,
q0390,公民,新しいデジタル技術の登場によって、既存のビジネスモデルや市場が破壊される現象を、破壊という意味の英語を用いて何というでしょう？,デジタル・ディスラプション,ディスラプション,
q0391,芸能,Shinnosuke（しんのすけ）、Bro.Hi（ブラザーハイ）、Diggy-MO'（ディギーモー）の3人で構成された、代表曲に『ウェカピポ』があるヒップホップグループは何でしょう？,SOLU d `OUT（ソールドアウト）,,
q0392,スポーツ,都市の緑化や学校教育で利用されることもある「生物が安定して生息できるように造られた空間」を、ドイツ語で何というでしょう？,ビオトープ,,
q0393,地理,メジャーリーグの「ルール5（ファイブ）ドラフト」を参考に、日本プロ野球で2022年から導入された選手の移籍制度は何でしょう？,現役ドラフト,,
q0394,生活,降水量1ミリメートル未満の日数が全国第1位であることから「晴れの国」と呼ばれている中国地方の都道府県はどこでしょう？,岡山県,,
q0395,言葉,包む布を意味する「襁褓（むつき）」が語源とされる、乳幼児などの下（しも）のお世話に用いる衛生用品は何でしょう？,おむつ,,
q0396,スポーツ,"面積46,755平方メートル、体積124万立方メートルで、面積や体積の単位としてよく使われる東京都文京区にある建物は何でしょう？",東京ドーム,BIG EGG（ビッグエッグ）,
q0397,漫画・アニメ・ゲーム,フィギュアスケートの大会で、主にジュニアクラスより下の選手を指す、ラテン語の『新しい』という意味の言葉は何でしょう？,ノービス,ノービスクラス,
q0398,文学,数学者の夢を諦め、料理人の道を選んだ主人公・北田岳（きただ・がく）の姿を描いた、小林有吾（こばやし・ゆうご）の漫画は何でしょう？,『フェルマーの料理』,,
q0399,日本史,日本神話で、天岩戸(あまのいわと)に隠れた天照大神（アマテラスオオミカミ）を外に出すために踊りを踊った女神は誰でしょう？,アマノウズメノミコト,,
q0400,公民,「近代日本人の肖像」という日本の歴史上の人物を紹介するサイトを運営する、日本の国立図書館は何でしょう？,国立国会図書館,,