﻿No.,,問題文,答え,別解・正誤判定基準,解説・備考
q0001,理系,植物が葉緑体の中で光のエネルギーを利用し、二酸化炭素と水からデンプンなどの有機物を作り出す働きをなんというでしょう？,光合成,,
q0002,理系,気象庁の天気分類において、空全体に占める雲の割合が2割以上8割以下の状態を指す天気はなんでしょう？,はれ,,
q0003,理系,全身に血液を送り出すポンプの役割をしている、胸の左側にある握りこぶし大の臓器はなんでしょう？,心臓,,
q0004,理系,にほんではウサギが餅をついているように見えると言われる模様がある、地球の周りを回っている天体はなんでしょう？,月,,
q0005,理系,アサガオなどの一年草に対し、タンポポのように数年にわたって生存し花を咲かせる植物をなん草というでしょう？,多年草,,
q0006,理系,てこの原理における3つの点とは、支点、力点となんでしょう？,作用点,,
q0007,理系,記号Aで表される、電気回路を流れる電流の大きさを表す単位はなんでしょう？,アンペア,,
q0008,理系,直径は地球の約11倍ある、太陽系の8つの惑星の中で最も大きいものはなんでしょう？,木星,,
q0009,理系,リトマス試験紙を青色から赤色に変えるのは、酸性、中性、アルカリ性のうちどれでしょう？,酸性,,
q0010,理系,現在の北極星にあたる、こぐま座のアルファ星は何でしょう？,ポラリス,,
q0011,理系,騒音の大きさの表示などに使われる、音圧レベルや電力の比などを表す単位はなんでしょう？,デシベル,,
q0012,理系,燃焼すると水になることからギリシャ語で水を作るものという意味の名が付けられた、原子番号1の元素はなんでしょう？,水素,,
q0013,理系,スマートフォンで、2本の指の間隔を広げるように動かして、表示を拡大する操作をなんというでしょう？,ピンチアウト,,
q0014,理系,1、3、5のように、2で割ると1余る整数のことをなんというでしょう？,奇数,,
q0015,理系,ギリシャ文字のπで表される、円の直径に対する円周の長さの比率をなんというでしょう？,円周率,,
q0016,理系,形がある動物に似ていることから名付けられた、パソコンの画面上のポインタを操作するための入力装置はなんでしょう？,マウス,,
q0017,理系,一般的なサイコロにおいて、1の目の裏側にある数字はいくつでしょう？,6,,
q0018,理系,料理に使われる食塩の主成分である、化学式NaClで表される物質はなんでしょう？,塩化ナトリウム,,
q0019,理系,舞台の演出で煙を出したり、食品の保冷剤として使用される、二酸化炭素を固体にしたものはなんでしょう？,ドライアイス,,
q0020,理系,天気図などで気圧を表す単位として使われる、記号hPaで表される単位はなんでしょう？,ヘクトパスカル,,
q0021,理系,水に入れたストローが折れ曲がって見える現象などに代表される、光が異なる物質の境界面で進む向きを変える現象をなんというでしょう？,屈折,,
q0022,理系,ニュートンの運動の第3法則とも呼ばれる、物体に力を加えると、同じ大きさで逆向きの力が物体から返ってくる法則を なん の法則というでしょう？,作用・反作用の法則,,
q0023,言葉,江戸いろはかるたのいの札になっている、災難に遭うことや、逆に幸運に恵まれることを、ある動物に例えてなんも歩けば棒に当たるというでしょう？,犬,,
q0024,言葉,その道の名人でも時には失敗することがあるという意味の諺を、木登りが得意な動物を使ってなにも木から落ちるというでしょう？,猿,,
q0025,理系,犬や猫、人間のように、体の中心に背骨を持っている動物の仲間を総称してなんというでしょう？,脊椎動物,,
q0026,理系,クマやカエルなどの動物が、餌の少ない冬の間、活動を停止して眠った状態で過ごすことをなんというでしょう？,冬眠,,
q0027,理系,数学において、三角形の3つの内角を足し合わせるとなん度になるでしょう？,180度,,
q0028,理系,月が太陽と地球の間に入り、太陽の一部または全部が隠れて見えなくなる天文現象をなんというでしょう？,日食,,
q0029,理系,ジャガイモの切り口にヨウ素液を垂らすと青紫色に変化することから有無を確認できる、植物が作る栄養分はなんでしょう？,デンプン,,
q0030,理系,飛ぶことはできないものの時速70kmで走ることができる、現存する最大の鳥類は何でしょう？,哺乳類,,
q0031,理系,地球などの惑星が、太陽のような恒星の周りを一定の周期で回る運動のことをなんというでしょう？,公転,,
q0032,理系,雨上がりなどに空に見られる、太陽の光が空気中の水滴で屈折反射してできる7色のアーチはなんでしょう？,虹,×環天頂アーク　環水平アーク（氷晶による屈折）,
q0033,理系,リンゴが木から落ちるのを見たニュートンが発見した、地球が物体を中心に向かって引く力をなんというでしょう？,重力,万有引力,
q0034,理系,人間が呼吸をする際に使う、空気中の酸素を体内に取り入れ、不要な二酸化炭素を排出する役割を持つ胸にある臓器はなんでしょう？,肺,,
q0035,理系,極めて強い重力を持ち、光でさえも脱出することができない、宇宙空間にある天体はなんでしょう？,ブラックホール,,
q0036,理系,パソコンなどのキーボードで、カーソルの直前にある文字を削除するときに使われる、BSと表記されるキーはなんでしょう？,バックスペースキー,,
q0037,理系,白熱電球や蛍光灯に比べて寿命が長く消費電力が少ない、信号機や照明に使われる発光ダイオードのことをアルファベット3文字でなんというでしょう？,LED,,
q0038,理系,鏡に姿が映るように、光や音が物体の表面に当たって跳ね返る現象をなんというでしょう？,反射,,
q0039,理系,顕微鏡で観察する際に、スライドガラスの上に載せた標本を覆うために使う、薄いガラス板をなんというでしょう？,カバーガラス,,
q0040,理系,"1とその数自身以外に約数を持たない、2、3、5、7などの1より大きい整数のことをなんというでしょう？,",素数,,
q0041,理系,ダイナマイトを発明したことで知られ、その遺産をもとに世界的な賞が創設されたスウェーデンの発明家は誰でしょう？,アルフレッド・ノーベル,,
q0042,理系,北西太平洋で発生し、最大風速が約17メートル以上になった熱帯低気圧のことを、にほんや東アジアではなんというでしょう？,台風,タイフーン,
q0043,言葉,中国の書物戦国策の故事に由来する、蛇の絵に足を書き足してしまったことから、無駄な行為や余計な付け足しを指す言葉はなんでしょう？,蛇足,,
q0044,言葉,琵琶湖の矢橋の渡しを詠んだ歌に由来する、急ぐときほど危険な近道より安全な遠回りを選ぶべきだという意味のことわざはなんでしょう？,急がば回れ,,
q0045,言葉,朝早く起きると良いことがあるという意味のことわざを、早起きはなんもんの得というでしょう？,三文,,
q0046,言葉,隠していた本性が現れることを、変身していた狐や狸の正体が露見することに例えてなんが剥がれるというでしょう？,化けの皮,,
q0047,文学,国境の長いトンネルを抜けると雪国であったという書き出しの、川端康成の小説はなんでしょう？,雪国,,
q0048,文学,推理小説化の江戸川乱歩が生み出した、助手の小林少年とともに数々の難事件を解決する名探偵は誰でしょう？,明智小五郎,,
q0049,文学,ファンタジー小説ハリー・ポッターシリーズの作者は誰でしょう？,",J・K・ローリング",,
q0050,文学,グリム童話白雪姫で、魔女に変身したお妃様が白雪姫に食べさせた、毒入りの果物はなんでしょう？,りんご,,
q0051,文学,アンデルセン童話人魚姫で、人魚姫が人間になる薬をもらう代償として魔女に差し出したものはなんでしょう？,声,,
q0052,文学,太宰治の小説走れメロスで、王様の人質となり、処刑される直前までメロスの帰りを信じて待っていた親友は誰でしょう？,セリヌンティウス,,
q0053,文学,吾輩は猫である坊っちゃんこころなどの作品で知られる、明治から大正にかけて活躍した作家は誰でしょう？,夏目漱石,,
q0054,文学,にほんの昔話浦島太郎で、浦島太郎が竜宮城から持ち帰り、開けて老人になってしまったものはなんでしょう？,玉手箱,,
q0055,文学,にほんの昔話桃太郎で、桃太郎がお供の犬・猿・キジに分け与えた食べ物はなんでしょう？,きびだんご,,
q0056,世界史,世界恐慌による不況を脱却するためにニューディール政策を行ったアメリカ大統領は誰でしょう？,フランクリン・ルーズベルト,,
q0057,世界史,紀元前3世紀に中国を統一し、万里の長城の建設や兵馬俑で知られる、秦の最初の皇帝は誰でしょう？,始皇帝,,
q0058,世界史,フランス革命の際に夫のルイ16世とともに処刑された、パンがなければお菓子を食べればいいじゃないという言葉が俗説として広まった王妃は誰でしょう？,マリー・アントワネット,,
q0059,世界史,クフ王のものが最大級として知られる、古代エジプトのファラオの墓として作られた四角錐の建造物はなんでしょう？,ピラミッド,,
q0060,世界史,1492年に西インド諸島に到達し、アメリカ大陸発見者として歴史に名を残すイタリアの探検家は誰でしょう？,クリストファー・コロンブス,,
q0061,日本史,鳴かぬなら殺してしまえホトトギスという句で、その短気で激しい性格が表現される戦国武将は誰でしょう？,織田信長,,
q0062,日本史,1543年、ポルトガル人を乗せた船が漂着し、にほんに初めて鉄砲が伝えられた鹿児島県の島はどこでしょう？,種子島,,
q0063,日本史,聖徳太子が制定したとされる、役人が守るべき心構えや仏教を敬うことなどを記した17条の決まりはなんでしょう？,一七条の憲法,,
q0064,日本史,平安時代の貴族の住宅に見られる、白木造りの建物と池のある庭園を組み合わせた建築様式をなんというでしょう？,寝殿造,,
q0065,日本史,1600年の関ヶ原の戦いに勝利し、江戸に幕府を開いて初代将軍となった人物は誰でしょう？,徳川家康,,
q0066,公民,衆議院と参議院の二院で構成され、国の唯一の立法機関と定められている機関はなんでしょう？,国会,,
q0067,公民,にほん国憲法が定める国民の三大義務とは、勤労の義務、教育を受けさせる義務と、あと一つはなんでしょう？,納税の義務,,
q0068,公民,現在にほんの標準税率は10％である、日商品やサービスを購入した際に課せられる税金はなんでしょう？,消費税,,
q0069,公民,2016年の公職選挙法の改正により20歳から引き下げられた、にほんで選挙権を得ることができる年齢は満なん歳以上でしょう？,18歳,,
q0070,公民,国会議員の中から指名され、内閣のトップとして政治を行う役職はなんでしょう？,内閣総理大臣,,
q0071,公民,標高3776メートルとにほんで最も高い、静岡県と山梨県にまたがる山はなんでしょう？,富士山,,
q0072,公民,アジア州やヨーロッパ州が含まれる、地球上で最も面積の広い大陸はなんでしょう？,ユーラシア大陸,,
q0073,公民,にほんの都道府県の中で最も面積が広い、県庁所在地を札幌市に置くのはどこでしょう？,北海道,,
q0074,公民,市街地の中に世界最小の国・バチカン市国を抱えている、イタリアの首都はどこでしょう？,ローマ,,
q0075,公民,地図記号において、ばつを丸で囲んだ形で表される建物はなんでしょう？,警察署,,
q0076,生活,歩行者用信号機において、止まれや渡ってはいけないことを意味する色はなんでしょう？,赤,,
q0077,生活,鉛筆の芯の濃さを表す記号Bは、なんという英単語の略でしょう？,Black,,
q0078,生活,水を使わず、石油系などの有機溶剤を使って衣服の汚れを落とす洗濯方法をなんというでしょう？,ドライクリーニング,,
q0079,生活,1967年に岡山県で世界で初めて設置された、視覚障害者を安全に誘導するための突起がついた床材をなんというでしょう？,点字ブロック,,
q0080,生活,傷みやすく劣化が早い食品に対して設けられる安全に食べられる期限を示した食品表示をなんというでしょう？,消費期限,,
q0081,生活,1月から12月まである暦の中で、西向く侍という語呂合わせに含まれる、日数が31日がない月はいくつあるでしょう？,5,,
q0082,生活,舞妓さんなどに渡す祝儀袋が起源とされる、お年玉などを入れるときに使う小さな袋をなんというでしょう？,ポチ袋,,
q0083,生活,"銀行窓口に行かなくても現金の預け入れや引き出しができる現金自動預け入れ払い機を、アルファベット3文字でなんというでしょう？,",ATM,,
q0084,生活,シャンプーの後に使うヘアケア用品で、髪の内部に浸透して補修するものをなんというでしょう？,トリートメント,,
q0085,生活,スーパーマーケットで、会計を済ませた後に商品を袋詰めするための台をなんというでしょう？ ,サッカー台,,
q0086,生活,歯と歯の間の汚れを落とすために使われる、細い糸状の清掃用具をなんというでしょう？,デンタルフロス,,
q0087,生活,傘のように開閉する多数のアームに多くの洗濯ばさみが付いたハンガーを、俗になんハンガーというでしょう？,パラソルハンガー,タコ足ハンガー,
q0088,生活,ケーキなどの洋菓子を作る職人のことを、お菓子職人という意味のフランス語でなんというでしょう？,パティシエ,,
q0089,生活,チョコレートを溶かす際などに使われる、食材を入れた容器を、お湯を張った別の容器につけて間接的に加熱する方法をなんというでしょう？,湯煎,,
q0090,生活,お正月に年神様が降りてくる目印として家の門や玄関に置かれる、松や竹で作られた飾りはなんでしょう？,門松,,
q0091,生活,"ひな祭りの歌うれしいひなまつりの歌詞で、お花をあげましょと歌われている花はなんでしょう？,",桃の花,,
q0092,生活,端午の節句にお風呂に入れて入ると健康に良いとされる、独特の香りを持つ植物はなんでしょう？,菖蒲,,
q0093,生活,漢字では秋の刀の魚と書く、秋の味覚を代表する魚はなんでしょう？,さんま,,
q0094,生活,エアコンや空気清浄機についている、空気中のホコリやゴミを取り除くための網状の部品はなんでしょう？,フィルター,,
q0095,生活,電子レンジで食品を温めることを、昔のレンジの音に由来して俗になんするというでしょう？,チン,,
q0096,生活,テレビのリモコンにある、音を一時的に消すためのボタンを、無音という意味の英語でなんというでしょう？,ミュート,,
q0097,生活,フードロス削減のために実施されている、コンビニなどで賞味期限などが近いものを手前に並べ先に買うように促す陳列方法をなんというでしょう？,てまえどり,,
q0098,生活,単三電池と単四電池のち、よりサイズが大きいのはどちらでしょう？,単三電池,,
q0099,生活,ハンバーグを作るとき、焼いたときに形が崩れるのを防ぐために入れる、卵やパン粉などの材料を総称してなんというでしょう？,つなぎ,,
q0100,生活,ラーメンやチャーハンを食べるときに使われる陶器などでできた匙を、ある花の花びらに形が似ていることからなんというでしょう？,レンゲ,,
q0101,生活,寿司屋でムラサキと言えば、どのような調味料を指す言葉でしょう？,醤油,,
q0102,生活,ガーナミルクチョコレートやコアラのマーチなどの商品を製造・販売しているお菓子メーカーはなんでしょう？,ロッテ,,
q0103,生活,月のマークでおなじみの、アタックやビオレなどの日用品を製造・販売している化学メーカーはなんでしょう？,花王,,
q0104,生活,1925年ににほん初の国産マヨネーズを発売した、人形のキャラクターでも知られる食品メーカーはなんでしょう？,キューピー,,
q0105,生活,創業者・安藤百福が開発したチキンラーメンやカップヌードルなどで知られる食品メーカーはなんでしょう？,日清食品,○日清×日清製粉など,
q0106,生活,大阪・道頓堀にある走る人の看板や、チョコレート菓子のポッキーで知られる食品メーカーはなんでしょう？,グリコ,,
q0107,生活,親猫が子猫を運ぶマークでおなじみの、宅急便を商標登録している運送会社はなんでしょう？,ヤマト運輸,,
q0108,生活,裁縫で、布を縫い合わせる前に仮止めするために使う、頭に丸い飾りがついた針をなんというでしょう？,まち針,,
q0109,生活,薄く切った牛肉や豚肉を、煮立っただし汁に数回くぐらせ、タレにつけて食べる鍋料理はなんでしょう？,しゃぶしゃぶ,,
q0110,生活,放射状に人数分の線を書き、横線をランダムに足して当たりを決めるくじ引きをなんくじというでしょう？,あみだくじ,,
q0111,生活,自動車の運転免許を取得して1年未満の人が車に表示する、黄色と緑色に塗り分けられたマークを通称なんマークというでしょう？,初心者マーク（若葉マーク）,,
q0112,生活,にほんにおいて、火事を見つけた時や救急車を呼びたい時にかける、3桁の電話番号はなん番でしょう？,119,,
q0113,生活,紙の書類などを挟み込み、コの字型の針を使って綴じる文房具を一般になんというでしょう？,ホッチキス,ステープラー,
q0114,生活,地球の公転周期のズレを調整するため、4年に1度、2月が29日まである年のことをなんというでしょう？,うるう年,,
q0115,生活,黒と白の石を使い、相手の石を自分の石で挟んで色を変えていく、にほん発祥のボードゲームはなんでしょう？,オセロ,,
q0116,生活,空のオーケストラという言葉が語源である、伴奏に合わせて歌うにほん発祥の娯楽はなんでしょう？,カラオケ,,
q0117,生活,神社やお寺で、願い事やそのお礼を書き記して奉納する、家の形をした木の板はなんでしょう？,絵馬,,
q0118,生活,レストランで、客の好みに合わせてワインを選ぶ専門職をなんというでしょう？,ソムリエ,,
q0119,生活,4月末から5月初めにかけての、祝日が重なる大型連休のことを和製英語でなんというでしょう？,ゴールデンウィーク,,
q0120,生活,イタリア語で歯ごたえがあるという意味の、スパゲッティの芯が少し残るゆで加減をなんというでしょう？,アルデンテ,,
q0121,生活,四つ葉のクローバーのマークで示される、追加料金を支払うことで利用できるJRの特別車両を、ある色を用いてなんというでしょう？,グリーン車,,
q0122,生活,自転車にまだ乗れない子供が練習するために、後輪の左右に取り付けて倒れないようにする小さな車輪をなんというでしょう？,補助輪,,
q0123,生活,小学生の夏休みの朝などに地域で集まって行われる、NHKの朝6時半の放送に合わせて体を動かす体操はなんでしょう？,ラジオ体操,国民保健体操,
q0124,生活,収集すると学校の設備教材などと交換できる、食品や文房具についている鐘の形をしたマークはなんでしょう？,ベルマーク,,
q0125,生活,インターネット上で、特定の失言や不祥事に対して批判が殺到し、収拾がつかなくなる状態を、火事に例えてなんというでしょう？,炎上,,
q0126,生活,野球で、バッターがボールを打つために立つ、ホームベースの左右にある区画をなんというでしょう？,バッターボックス,,
q0127,生活,サッカーで、1試合中に2枚もらうと退場となるカードを、ある色を用いてなんカードと言うでしょう？,イエローカード,,
q0128,生活,バスケットボールで、ボールを持ったままドリブルをせずに3歩以上歩いてしまう反則をなんというでしょう？,トラベリング,,
q0129,生活,テニスの得点の数え方で、0点のことをなんというでしょう？,ラブ,,
q0130,生活,大相撲で、行司が手に持っている、勝った力士の方に向けて上げる道具はなんでしょう？,軍配,,
q0131,生活,柔道や空手などの武道において、初段以上の段位を持つ有段者が締める帯の色はなん色でしょう？,黒,黒帯,
q0132,生活,水泳の練習で、バタ足をする際などに手で持って使う、水に浮く板はなんでしょう？,ビート板,,
q0133,生活,陸上競技のリレーで、前の走者から次の走者へと手渡される筒状の道具はなんでしょう？,バトン,,
q0134,生活,オリンピックのシンボルマークに使われている5つの輪の色は、青・黄・黒・緑と、あと一色はなんでしょう？,赤,,
q0135,生活,卓球の公式ルールにおいて、1ゲームはなん点先取制でしょう？,11点,,
q0136,生活,ボウリングで、ボールがピンに当たらず、レーン両脇の溝に落ちてしまうことをなんというでしょう？,ガター,,
q0137,生活,ゴルフで、第1打目が直接カップに入ることをなんというでしょう？,ホールインワン,,
q0138,生活,スキー場で、スキーヤーを乗せて斜面の上まで運ぶ、椅子型の乗り物はなんでしょう？,リフト,,
q0139,生活,陸上競技の短距離走において、フライングをなん回すると失格になるでしょう？,1回,,
q0140,生活,バレーボールにおいて、一人だけユニフォームの色が異なる、守備を専門とするポジションはなんでしょう？,リベロ,,
q0141,芸能,うっせぇわでメジャーデビューし、映画ONE PIECE FILM REDのウタの歌唱パートも担当した歌手は誰でしょう？,Ado,,
q0142,芸能,月曜から夜ふかしなどの番組で司会を務める、歯に衣着せぬ発言で人気の女装タレントは誰でしょう？,マツコ・デラックス,,
q0143,芸能,いかりや長介をリーダーとし、加藤茶や志村けんらが所属した、伝説的なコントグループはなんでしょう？,ザ・ドリフターズ,,
q0144,芸能,毎年大晦日にNHKで放送される、その年を代表する歌手が紅組と白組に分かれて歌で競演する番組はなんでしょう？,『NHK紅白歌合戦』,,
q0145,芸能,魔法魔術学校に通う少年ハリーたちの成長と冒険を描いた、J・K・ローリング原作の映画シリーズはなんでしょう？,『ハリー・ポッター』シリーズ,,
q0146,芸能,キング・オブ・ポップと称された、スリラーやビリー・ジーンなどの世界的ヒット曲で知られる歌手は誰でしょう？,マイケル・ジャクソン,,
q0147,芸能,ドラマ逃げるは恥だが役に立つで共演した歌手の星野源と結婚した、愛称ガッキーで知られる女優は誰でしょう？,新垣結衣（あらがき・ゆい）,,
q0148,芸能,ボケの松本人志とツッコミの浜田雅功からなる、お笑いコンビはなんでしょう？,ダウンタウン,,
q0149,芸能,PretenderやSubtitleなどのヒット曲がある、ボーカルの藤原聡を中心とする4人組バンドはなんでしょう？,Official髭男dism,,
q0150,芸能,ビートたけし、タモリと共にお笑いBIG3の一人に数えられる、踊る！さんま御殿!!などの司会で知られるお笑い芸人は誰でしょう？,明石家さんま,,
q0151,芸能,北海学園大学の演劇研究会出身である、大泉洋、安田顕、戸次重幸、音尾琢真、森崎博之の5人による演劇ユニットはなんでしょう？,TEAM NACS(チームナックス）,,
q0152,芸能,同一司会者による生放送音楽番組の最長放送としてギネス世界記録にも認定されている、タモリが司会を務める番組はなんでしょう？,『MUSIC STATION(ミュージックステーション）』,,
q0153,芸能,青島俊作刑事を織田裕二が演じ、レインボーブリッジ封鎖できません！という名台詞も生まれた、大ヒット刑事ドラマの劇場版シリーズはなんでしょう？,『踊る大捜査線』,,
q0154,芸能,VFX技術を駆使した作品を多く残しているALWAYS 三丁目の夕日ゴジラ-1.0などの映画を手掛けた映画監督は誰でしょう？,山崎貴（やまざき・たかし）,,
q0155,漫画・アニメ・ゲーム,国民的アニメサザエさんで、主人公サザエさんの苗字はなんでしょう？,フグ田,,
q0156,漫画・アニメ・ゲーム,藤子・F・不二雄の漫画ドラえもんで、ドラえもんが大好物としている、あんこの入った和菓子はなんでしょう？,どら焼き,,
q0157,漫画・アニメ・ゲーム,仮想空間のオンラインゲームに閉じ込められたキリトたちの戦いを描く、川原礫のライトノベルはなんでしょう？,『ソードアートオンライン』,,
q0158,漫画・アニメ・ゲーム,遠藤達哉の漫画SPY×FAMILYに登場する、人の心が読める超能力を持った少女の名前はなんでしょう？,アーニャ・フォージャー,,
q0159,漫画・アニメ・ゲーム,漫画鬼滅の刃で、主人公の炭治郎が背中の箱に入れて運んでいる、鬼にされてしまった妹の名前はなんでしょう？,竈門禰豆子（かまど・ねづこ）,,
q0160,漫画・アニメ・ゲーム,アニメクレヨンしんちゃんで、野原家で飼われている、綿あめのように白くてふわふわした犬の名前はなんでしょう？,シロ,,
q0161,漫画・アニメ・ゲーム,スタジオジブリの映画となりのトトロに登場する、猫の姿をしており、体内に人を乗せて走るバスをなんというでしょう？,ネコバス,,
q0162,漫画・アニメ・ゲーム,任天堂のゲームスーパーマリオシリーズに登場する、緑色の服を着ているマリオの双子の弟であるキャラクターは誰でしょう？,ルイージ,,
q0163,漫画・アニメ・ゲーム,アニメ新世紀エヴァンゲリオンで、主人公の碇シンジがパイロットとして搭乗する、紫色の機体はなん号機でしょう？,初号機,,
q0164,漫画・アニメ・ゲーム,立方体のブロックを自由に配置して建築をしたり、冒険をしたりすることができる、世界的に人気のあるサンドボックスゲームはなんでしょう？,『マインクラフト（Minecraft）』,,
q0165,漫画・アニメ・ゲーム,アニメふたりはプリキュアで、キュアブラックと共に戦う、雪城ほのかが変身するプリキュアはなんでしょう？,キュアホワイト,,
q0166,漫画・アニメ・ゲーム,引きこもりの少年カズマが異世界に転生し、女神アクアたちと冒険する、暁なつめによるライトノベルはなんでしょう？,『この素晴らしい世界に祝福を！』,,
q0167,漫画・アニメ・ゲーム,美しい風景描写が特徴的な映画君の名は。や天気の子などの作品で知られる監督は誰でしょう？,新海誠（しんかい・まこと）,,
q0168,漫画・アニメ・ゲーム,アニメそれいけ！アンパンマンで、パン工場でアンパンマンの顔を焼いている職人は誰でしょう？,ジャムおじさん,,
q0169,漫画・アニメ・ゲーム,異世界でスライムに転生した主人公リムルが活躍する、伏瀬のライトノベルはなんでしょう？,『転生したらスライムだった件』,,
q0170,漫画・アニメ・ゲーム,巨大な壁の中で暮らす人類と、人を捕食する巨人との戦いを描いた、諫山創の漫画はなんでしょう？,『進撃の巨人』,,
q0171,漫画・アニメ・ゲーム,石ノ森章太郎原作の特撮ドラマで、バッタをモチーフにした改造人間が、悪の組織ショッカーと戦うシリーズはなんでしょう？,『仮面ライダー』,,
q0172,漫画・アニメ・ゲーム,魔王を倒した後の勇者一行のその後を描いた、山田鐘人原作、アベツカサ作画の漫画はなんでしょう？,『葬送のフリーレン』,,
q0173,漫画・アニメ・ゲーム,ゲームセンターや家庭用ゲーム機で人気の、流れてくる音符に合わせてバチで太鼓を叩く、バンダイナムコのリズムゲームはなんでしょう？,『太鼓の達人』,,
q0174,漫画・アニメ・ゲーム,2014年ににほんで公開された、Let it goなどの劇中歌も大ヒットした、ディズニーの長編アニメーション映画はなんでしょう？,『アナと雪の女王』,『Frozen』,
q0175,漫画・アニメ・ゲーム,ルネサンス期にレオナルド・ダ・ヴィンチによって描かれた、現在はルーヴル美術館に所蔵されている、謎めいた微笑を浮かべる女性の肖像画はなんでしょう？,『モナ・リザ』,『ラ・ジョコンダ』,
q0176,漫画・アニメ・ゲーム,花瓶に生けられた鮮やかな黄色い花を題材にした、オランダの画家ゴッホが描いた7点の連作絵画はなんでしょう？,『ひまわり』,,
q0177,芸術,一般的なグランドピアノやアップライトピアノの鍵盤の数は、白鍵と黒鍵を合わせて全部でいくつでしょう？,88,,
q0178,芸術,出雲の阿国が始めた踊りが起源とされ、現在は男性のみが演じる、顔に施す隈取が特徴的なにほんの伝統芸能はなんでしょう？,歌舞伎,,
q0179,芸術,オーケストラや合唱団の前に立ち、タクトと呼ばれる棒や手を使ってテンポや強弱などを指示し、演奏をまとめる役割の人をなんというでしょう？,指揮者,コンダクター,
q0180,芸術,夕暮れの橋の上で耳を塞いでいる人物を描いた、ノルウェーの画家ムンクの代表作はなんでしょう？,『叫び』,,
q0181,芸術,白鳥の湖くるみ割り人形眠れる森の美女という3大バレエ音楽を作曲した、ロシアの作曲家は誰でしょう？,チャイコフスキー,,
q0182,芸術,絵を描く際に、チューブから出した絵の具をのせ、筆で混ぜ合わせるために使う板をなんというでしょう？,パレット,,
q0183,芸術,奈良時代に聖武天皇によって建立された、奈良の大仏として知られる盧舎那仏があるお寺はなんでしょう？,東大寺,,
q0184,芸術,にほんの伝統楽器で、竹の管に歌口と指孔を開けた、縦に持って吹く笛はなんでしょう？,尺八,,
q0185,芸術,スペイン・バルセロナにある、複雑な彫刻と尖塔が特徴的な、アントニ・ガウディが設計したカトリック教会はなんでしょう？,サグラダ・ファミリア,,
q0186,芸術,モーツァルトのピアノソナタ第11番の第3楽章の通称で、オスマン帝国の軍楽隊のリズムを模した曲はなんでしょう？,『トルコ行進曲』,,
q0187,芸術,安土桃山時代に千利休が大成させた、抹茶を点てて振る舞い、客をもてなすにほんの伝統文化をなんというでしょう？,茶道,,
q0188,芸術,バロック音楽を代表するドイツの作曲家で、音楽の父と称されるのは誰でしょう？,バッハ,ヨハン・セバスチャン・バッハ,
q0189,芸術,オーケストラの演奏の前に、基準となる音ラの音を出し、全体のチューニングを行う木管楽器はなんでしょう？,オーボエ,,
q0190,芸術,室町時代に足利義満が建てた、金箔が貼られた華やかな外観で知られる京都のお寺はなんでしょう？,金閣寺,鹿苑寺（ろくおんじ）,
q0191,芸術,富嶽三十六景などの作品で知られる、江戸時代後期に活躍した浮世絵師は誰でしょう？,葛飾北斎（かつしか・ほくさい）,,
q0192,公民,1946年に設立された、教育・科学・文化の発展と推進を目的とする国連教育科学文化機関の略称はなんでしょう？,UNESCO(ユネスコ）,,
q0193,ns,鉛筆やビールなどを数えるときに使用する、12個を1とする単位はなんでしょう？,ダース,,
q0194,生活,節分の夜に、その年の恵方を向いて無言で食べると縁起が良いとされる、太巻き寿司のことをなんというでしょう？,恵方巻き,,
q0195,芸術,楽譜上の音の強さを表す記号で、強くという意味があるアルファベットfで書かれるものはなんでしょう？,フォルテ,,
q0196,地理,面積が最も小さいにほんの都道府県はどこでしょう？,香川県,,
q0197,言葉,孔子の論語に由来する、昔のことを研究して、そこから新しい知識や見解を得ることを意味する四字熟語はなんでしょう？,温故知新（おんこちしん）,,
q0198,日本史,にほん資本主義の父と称される、2024年から発行された新しい一万円札の肖像になっている実業家は誰でしょう？,渋沢栄一（しぶさわ・えいいち）,,
q0199,生活,2016年に史上最年少の14歳2か月でプロ入りし、2023年には史上初の八冠独占を達成した将棋棋士は誰でしょう？,藤井聡太（ふじい・そうた）,,
q0200,地理,アメリカ・ニューヨークのリバティ島にある、右手に松明、左手に独立宣言書を持っている像はなんでしょう？,自由の女神像,自由の像　Statue of Liberty　Liberty Enlightening the World,