﻿No,大ジャンル,問題最終稿,問題最終稿,正解,別解・判定基準・ 解説など
q0001,漫画・アニメ・ゲーム,声優などの芸能人が、プレゼントや購入した品物を直接手渡してくれるイベントをなん会というでしょう？,声優などの芸能人が、プレゼントや購入した品物を直接手渡ししてくれるイベントを「何会」というでしょう？,お渡し会,
q0002,文学,情報を記録することをメモを取ると言いますが、このメモとはなんという言葉の略でしょう？,情報を記録することを「メモを取る」と言いますが、この「メモ」とは何という言葉の略でしょう？,メモランダム,
q0003,スポーツ,著書にVISION 夢を叶える逆算思考がある、プレミアリーグ・ブライトンに所属するにほん人サッカー選手は誰でしょう？,著書に『VISION 夢を叶える逆算思考』がある、プレミアリーグ・ブライトンに所属する日本人サッカー選手は誰でしょう？,三苫薫（みとま・かおる）,移籍情報チェック
q0004,理系,ストレプトマイシンやペニシリンなど、微生物の発育や細菌の増殖を阻止する物質を、総称してなんというでしょう？,ストレプトマイシンやペニシリンなど、微生物の発育や細菌の増殖を阻止する物質を、総称して何というでしょう？,抗生物質,
q0005,地理,スペイン・ガリシア州の州都である、エルサレム、バチカンと並ぶキリスト教三大巡礼地のひとつはどこでしょう？,スペイン・ガリシア州の州都である、エルサレム、バチカンと並ぶキリスト教三大巡礼地のひとつはどこでしょう？,サンティアゴ・デ・コンポステーラ,
q0006,生活,食物連鎖を支える蛋白源であるため海の米や海の牧草とも呼ばれる、漢字で魚偏に弱いと書く魚はなんでしょう？,食物連鎖を支える蛋白源であるため「海の米」や「海の牧草」とも呼ばれる、漢字で「魚偏に弱い」と書く魚は何でしょう？,イワシ,
q0007,理系,物理学で、運動エネルギーと位置エネルギーの和で求められるエネルギーをなんというでしょう？,物理学で、運動エネルギーと位置エネルギーの和で求められるエネルギーを何というでしょう？,力学的エネルギー,
q0008,生活,気化熱を利用し体感温度を下げるために、道や庭先に水を撒くことをなんというでしょう？,気化熱を利用し体感温度を下げるために、道や庭先に水を撒くことを何というでしょう？,打ち水,
q0009,生活,日蓮宗では久遠寺、天台宗では延暦寺が該当する、宗教一派を統轄する寺のことをなんというでしょう？,日蓮宗では「久遠寺（くおんじ）」、天台宗では「延暦寺」が該当する、宗教一派を統轄する寺のことを何というでしょう？,総本山,○大本山（臨済宗など）
q0010,生活,全国的に展開するCOGICOGIや、静岡市を中心に展開するパルクルといったサービスでレンタルできる乗り物はなんでしょう？,全国的に展開する「COGICOGI（コギコギ）」や、静岡市を中心に展開する「パルクル」といったサービスでレンタルできる乗り物は何でしょう？,自転車,○電動自転車
q0011,理系,原子爆弾開発のマンハッタン計画における科学リーダーを務め、原爆の父と呼ばれたアメリカの物理学者は誰でしょう？,原子爆弾開発のマンハッタン計画における科学リーダーを務め、「原爆の父」と呼ばれたアメリカの物理学者は誰でしょう？,（ロバート・）オッペンハイマー,（補足）「水爆の父」はエドワード・テラー
q0012,生活,薄切り肉などに下味をつけ小麦粉をまぶし、溶き卵をつけて焼いたイタリア料理はなんでしょう？,薄切り肉などに下味をつけ小麦粉をまぶし、溶き卵をつけて焼いたイタリア料理は何でしょう？,ピカタ,ピッカータ
q0013,言葉,たとえば和室をたたみの部屋というように、外国人などにも分かるように配慮した簡単なんほん語をどんなんほん語というでしょう？,たとえば「和室」を「たたみの部屋」というように、外国人などにも分かるように配慮した簡単な日本語を「どんな日本語」というでしょう？,やさしい日本語,別解なし
q0014,漫画・アニメ・ゲーム,メガネを掛けたホルスタインを自画像とする、代表作に鋼の錬金術師がある漫画家は誰でしょう？,「メガネを掛けたホルスタイン」を自画像とする、代表作に『鋼の錬金術師』がある漫画家は誰でしょう？,荒川 弘（あらかわ・ひろむ）,別解なし
q0015,芸術,石と砂だけで自然の風景や生命を表現した、代表例として龍安寺のものがある庭園様式はなんでしょう？,石と砂だけで自然の風景や生命を表現した、代表例として龍安寺（りょうあんじ）のものがある庭園様式は何でしょう？,枯山水（かれさんすい）,
q0016,文学,社会契約論を翻訳した民約訳解を発表し東洋のルソーと呼ばれた、明治時代の思想家は誰でしょう？,『社会契約論』を翻訳した『民約訳解（みんやくやくかい）』を発表し「東洋のルソー」と呼ばれた、明治時代の思想家は誰でしょう？,中江兆民（なかえ・ちょうみん）,
q0017,生活,カー用品店のタイヤ館を展開する、石橋正二郎が創業したタイヤメーカーはなんでしょう？,カー用品店の「タイヤ館」を展開する、石橋正二郎（いしばし・しょうじろう）が創業したタイヤメーカーは何でしょう？,（株）ブリヂストン,
q0018,芸能,毎回ひとつの現場にカメラを据え、そこで起きる様々な人間模様を３日間にわたって定点観測する、NHKの番組はなんでしょう？,毎回ひとつの現場にカメラを据え、そこで起きる様々な人間模様を３日間にわたって定点観測する、NHKの番組は何でしょう？,『ドキュメント72時間』,完全解答必須
q0019,公民,通常国会の冒頭で行われる、内閣総理大臣がその年の内閣全体の基本方針を示す演説をなんというでしょう？,通常国会の冒頭で行われる、内閣総理大臣がその年の内閣全体の基本方針を示す演説を何というでしょう？,施政方針演説（しせいほうしんえんぜつ）,別解なし
q0020,言葉,古典文法で、奏すや啓すのように、敬う対象が必ず天皇や皇族になる敬語のことをなんというでしょう？,古典文法で、「奏す（そうす）」や「啓す（けいす）」のように、敬う対象が必ず天皇や皇族になる敬語のことを何というでしょう？,絶対敬語,×二重敬語・最高敬語（前振り限定から）△謙譲語（後振り限定から）
q0021,理系,1972年に、アポロ17号の乗組員によって撮影された地球の写真を、青いビー玉という意味の英語からなんというでしょう？,1972年に、アポロ17号の乗組員によって撮影された地球の写真を、「青いビー玉」という意味の英語から何というでしょう？,ブルーマーブル,
q0022,理系,仮想通貨取引などで利用される、ネットワーク上の端末同士を直接繋ぎ、暗号技術を用いて取引記録を処理するデータベース技術をなんというでしょう？,仮想通貨取引などで利用される、ネットワーク上の端末同士を直接繋ぎ、暗号技術を用いて取引記録を処理するデータベース技術を何というでしょう？,ブロックチェーン,別解なし
q0023,公民,2025年の大阪万博では3兆円になったと試算されている、ある社会現象が特定の地域に与える影響金額のことをなんというでしょう？,2025年の大阪万博ではおよそ2兆円から3兆円になると試算されている、ある社会現象が特定の地域に与える影響金額のことを何というでしょう？,経済効果,○経済波及効果
q0024,生活,電源タップを使用し、一つのコンセントから多くの電気器具をつなぐことを、ある海洋生物の名前を用いてなん配線というでしょう？,電源タップを使用し、一つのコンセントから多くの電気器具をつなぐことを、ある海洋生物の名前を用いて「何配線」というでしょう？,タコ足配線,
q0025,スポーツ,俗につりパンとも呼ばれる、レスリングの選手が着用する上下一体型の試合着をなんというでしょう？,俗に「つりパン」とも呼ばれる、レスリングの選手が着用する上下一体型の試合着を何というでしょう？,シングレット,
q0026,芸能,声優・伊達さゆりの伯父にあたる、お笑いコンビサンドイッチマンのメンバーは誰でしょう？,声優・伊達さゆりの伯父（おじ）にあたる、お笑いコンビ「サンドイッチマン」のメンバーは誰でしょう？,伊達みきお（だて・みきお）,
q0027,理系,一定の圧力の下では、気体の体積は絶対温度に比例するという法則を、発見者の名前からなんの法則というでしょう？,「一定の圧力の下では、気体の体積は絶対温度に比例する」という法則を、発見者の名前から何の法則というでしょう？,シャルルの法則,×「ボイル・シャルルの法則」「シャルル・ボイルの法則」、「ボイルの法則」　△ゲイリュサックの法則
q0028,文学,仏教の無常観を基調に、平安時代末期の混乱した世相や、山中に開いた小さな庵での生活を描く、鴨長明の随筆はなんでしょう？,仏教の無常観を基調に、平安時代末期の混乱した世相や、山中に開いた小さな庵での生活を描く、鴨長明（かもの・ちょうめい）の随筆は何でしょう？,『方丈記（ほうじょうき）』,
q0029,生活,日曜版にはChallenge！CROSSWORD、朝刊には私の履歴書といった連載を掲載している全国紙はなんでしょう？,日曜版には『Challenge！CROSSWORD（チャレンジ・クロスワード）』、朝刊には『私の履歴書』といった連載を掲載している全国紙は何でしょう？,日本経済新聞,○「日経新聞」「日経」
q0030,生活,アニメグッズとしても販売されている、ポリプロピレンなどで作られた、書類を指し込める文房具はなんでしょう？,アニメグッズとしても販売されている、ポリプロピレンなどで作られた、書類を指し込める文房具は何でしょう？,クリアファイル,〇クリアホルダー
q0031,公民,フランスやロシアが導入している、議院内閣制と大統領制の両方を取り入れた政治体制をなんというでしょう？,フランスやロシアが導入している、議院内閣制と大統領制の両方を取り入れた政治体制を何というでしょう？,半大統領制（はんだいとうりょうせい）,semi-presidential system
q0032,世界史,街道の女王とも呼ばれる、紀元前312年に古代ローマ帝国により建設された軍用道路はなんでしょう？,「街道の女王」とも呼ばれる、紀元前312年に古代ローマ帝国により建設された軍用道路は何でしょう？,アッピア街道,○Via Appia
q0033,理系,北極や南極に近い地方で夏に見られる、真夜中でも太陽が沈まない現象をなんというでしょう？,北極や南極に近い地方で夏に見られる、真夜中でも太陽が沈まない現象を何というでしょう？,白夜（びゃくや）,
q0034,文学,ワラキア公国の領主・ヴラッド＝ツェペシュをモデルとした、アイルランドの作家ブラム・ストーカーが生み出した吸血鬼といえばなんでしょう？,ワラキア公国の領主・ヴラッド＝ツェペシュをモデルとした、アイルランドの作家ブラム・ストーカーが生み出した吸血鬼といえば何でしょう？,ドラキュラ,別解なし
q0035,芸能,2014年にアルバムずっと前から好きでした。でメジャーデビューした、ファンサや可愛くてごめんなどの楽曲を手がけたクリエイターユニットはなんでしょう？,2014年にアルバム『ずっと前から好きでした。』でメジャーデビューした、『ファンサ』や『可愛くてごめん』などの楽曲を手がけたクリエイターユニットは何でしょう？,HoneyWorks（ハニーワークス）,ファンサはパスパレカバーしてた
q0036,ns,ネットゲームで新しいキャラクターが追加されることと、コンピューターのハードウエアなどに新たな機能を組み込むことに共通する漢字２文字の言葉はなんでしょう？,ネットゲームで新しいキャラクターが追加されることと、コンピューターのハードウエアなどに新たな機能を組み込むことに共通する漢字２文字の言葉は何でしょう？,実装,
q0037,文学,YesかNoか半分かなどのBL小説も執筆している、第171回直木賞をツミデミックで受賞した作家は誰でしょう？,『YesかNoか半分か』などのBL小説も執筆している、第171回直木賞を『ツミデミック』で受賞した作家は誰でしょう？,一穂ミチ（いちほ・みち）,
q0038,公民,毎年2月ごろ、労働組合が経営側に対し、定期昇給などを求めて行う交渉を、ある季節を用いた漢字2文字の略称でなんというでしょう？,毎年2月ごろ、労働組合が経営側に対し、「定期昇給」などを求めて行う交渉を、ある季節を用いた漢字2文字の略称で何というでしょう？,春闘,連合では「春季生活闘争」を正式名称としている。一般には春季闘争かな。日経連では「春季労使交渉」
q0039,芸術,ドイツのデッサウに建てられた左右非対称の校舎も革新的な建築であった、20世紀のモダニズムを牽引した芸術学校はなんでしょう？,ドイツのデッサウに建てられた左右非対称の校舎も革新的な建築であった、20世紀のモダニズムを牽引した芸術学校は何でしょう？,バウハウス,ワイマールからデッサウに移転している。
q0040,言葉,慣用句で、自慢をするときにはかけ、自慢する気持ちをくじくときには折るといわれる、顔の部位はどこでしょう？,慣用句で、自慢をするときには「かけ」、自慢する気持ちをくじくときには「折る」といわれる、顔の部位はどこでしょう？,鼻,
q0041,文学,森見登美彦の夜は短し歩けよ乙女や、武田綾乃の響けユーフォニアムに共通する、小説の主な舞台となる都道府県はどこでしょう？,森見登美彦（もりみ・とみひこ）の『夜は短し歩けよ乙女』や、武田綾乃（たけだ・あやの）の『響けユーフォニアム』に共通する、小説の主な舞台となる都道府県はどこでしょう？,京都府,
q0042,理系,シダ植物の葉の裏やコケ植物の蒴 に見られる、胞子を作る袋状の器官をなんというでしょう？,シダ植物の葉の裏やコケ植物の蒴 (さく)に見られる、胞子を作る袋状の器官を何というでしょう？,胞子のう,
q0043,漫画・アニメ・ゲーム,今年5月にはジャングルポケットを主人公とした劇場版新時代の扉が公開された、実際の競走馬を擬人化させたクロスメディアコンテンツはなんでしょう？,ジャングルポケットを主人公とした劇場版『新時代の扉』などの作品も制作されている、実際の競走馬を擬人化させたクロスメディアコンテンツは何でしょう？,『ウマ娘・プリティーダービー』,○ウマ娘新世代の扉以外のコンテンツ名は×RTTT シンデレラグレイ　スピスピ　チェリーブロッサム
q0044,公民,呼べばすぐに応えることから名がつけられた、金融機関同士が短期資金の貸し借りをする市場のことをなん市場というでしょう？,呼べばすぐに応えることから名がつけられた、金融機関同士が短期資金の貸し借りをする市場（しじょう）のことを「何市場」というでしょう？,コール市場,別解なし
q0045,理系,ゴルフやアメリカンフットボールで使用される、約91.44cmを1とする長さの単位はなんでしょう？,ゴルフやアメリカンフットボールで使用される、約91.44cmを1とする長さの単位は何でしょう？,ヤード,
q0046,芸能,ドラムのフクダヒロア、ベースの川西ゆりか、ギターボーカルの塩塚モエカの3人組である、代表曲に1999があるバンドはなんでしょう？,ドラムのフクダヒロア、ベースの川西（かわにし）ゆりか、ギターボーカルの塩塚（しおづか）モエカの3人組である、代表曲に『1999（いちきゅうきゅうきゅう）』があるバンドは何でしょう？,羊文学（ひつじぶんがく）,
q0047,生活,冷たいものはフレッド、温かいものはカルドと呼ぶ、イタリア料理で出される前菜をなんというでしょう？,冷たいものは「フレッド」、温かいものは「カルド」と呼ぶ、イタリア料理で出される前菜を何というでしょう？,アンティパスト,○Antipasti（アンティパスティ）
q0048,言葉,一度してしまったことは取り返しがつかないということを、太公望が妻に対して言った言葉からなん、盆に返らずというでしょう？,一度してしまったことは取り返しがつかないということを、太公望が妻に対して言った言葉から何というでしょう？,覆水（ふくすい）,
q0049,理系,1643年に水銀柱を用いた実験で大気圧の大きさを測定した、イタリアの科学者は誰でしょう？,1643年に水銀柱を用いた実験で大気圧の大きさを測定した、イタリアの科学者は誰でしょう？,エヴァンジェリスタ・トリチェリ,別解なし
q0050,ns,日常生活の一場面やあるあるな出来事について、猫が喋っているように字幕を付けて再現した動画をなんというでしょう？,日常生活の一場面やあるあるな出来事について、猫が喋っているように字幕を付けて再現した動画を何というでしょう？,猫ミーム,
q0051,生活,お祭りの屋台で、並べられている景品に向かってコルク銃を撃ち、撃ち落としたものを受け取れる出店をなんというでしょう？,お祭りの屋台で、並べられている景品に向かってコルク銃を撃ち、撃ち落としたものを受け取れる出店（でみせ）を何というでしょう？,射的,⚪︎射的屋　▲テキヤ
q0052,生活,いずれもチーズをたっぷり使ったハチャプリやシュクメルリといった料理が生まれた国はどこでしょう？,いずれもチーズをたっぷり使った「ハチャプリ」や「シュクメルリ」といった料理が生まれた国はどこでしょう？,ジョージア,○グルジア×ジョージア州（アメリカ合衆国の州）
q0053,文学,東洋古美術品をまとめた画集座右宝も刊行した、暗夜行路などの小説を残した作家は誰でしょう？,東洋古美術品をまとめた画集『座右宝（ざゆうほう）』も刊行した、『暗夜行路』などの小説を残した作家は誰でしょう？,志賀直哉（しが・なおや）,別解なし
q0054,地理,ロンドン名物の衛兵交代式が行われる、イギリス王室の宮殿はなんでしょう？,ロンドン名物の「衛兵交代式（えいへいこうたいしき）」が行われる、イギリス王室の宮殿は何でしょう？,バッキンガム宮殿,Buckingham Palace
q0055,芸術,べージュなどの素肌に近い色を使い、自分の素の素材を活かしたメイクのことを、裸のという意味の英語からなんメイクというでしょう？,べージュなどの素肌に近い色を使い、自分の素の素材を活かしたメイクのことを、「裸の」という意味の英語から「何メイク」というでしょう？,ヌーディーメイク,
q0056,ns,野球で中断していた試合の再開時に審判が告げる言葉と、囲碁や将棋で時間をかけず次の手を指すことに共通するカタカナ語はなんでしょう？,野球で中断していた試合の再開時に審判が告げる言葉と、囲碁や将棋で時間をかけず次の手を指すことに共通するカタカナ語は何でしょう？,ノータイム,
q0057,生活,学校や会社内で、学用品や生活用品などを販売する場所のことを、買うという意味の漢字を2つ用いてなんというでしょう？,学校や会社内で、学用品や生活用品などを販売する場所のことを、「買う」という意味の漢字を2つ用いて何というでしょう？,購買（こうばい）,購買部
q0058,芸能,芸能人や弁護士、学者がよく担当する、テレビやラジオの情報番組で自らの考えを述べる人のことを英語でなんというでしょう？,芸能人や弁護士、学者がよく担当する、テレビやラジオの情報番組で自らの考えを述べる人のことを英語で何というでしょう？,コメンテーター（commentator）,△解説者　注釈者
q0059,生活,部屋の間取り図ではDKと表される、台所と食卓が同じスペース内にある部屋のことを一般的になんというでしょう？,部屋の間取り図では「DK」と表される、台所と食卓が同じスペース内にある部屋のことを一般的に何というでしょう？,ダイニングキッチン,別解ナシ
q0060,公民,求職者や求人事業主に対してさまざまなサービスを提供する、厚生労働省が運営する雇用サービス機関はなんでしょう？,求職者や求人事業主に対してさまざまなサービスを提供する、厚生労働省が運営する雇用サービス機関は何でしょう？,ハローワーク,○公共職業安定所
q0061,理系,化学の中和滴定曲線において、中和点付近でpHが急激に変化する部分のことをなんというでしょう？,化学の中和滴定曲線において、中和点付近でpHが急激に変化する部分のことを何というでしょう？,pHジャンプ,・ピーエイチジャンプ・ペーハージャンプ
q0062,生活,タイヤの空気圧チェックや窓拭きなどのサービスを受けられる場所もある、自動車などに燃料を補給する営業所をなんというでしょう？,タイヤの空気圧チェックや窓拭きなどのサービスを受けられる場所もある、自動車などに燃料を補給する営業所を何というでしょう？,ガソリンスタンド,○サービスステーション「filling station」「gas station」
q0063,世界史,紀元前140年を元年とする、中国の歴史上最初の年号はなんでしょう？,紀元前140年を元年とする、中国の歴史上最初の年号は何でしょう？,建元（けんげん）,
q0064,漫画・アニメ・ゲーム,頭につけた青いリボンやうるうると涙ぐんだ目が特徴的な、イラストレーター・可哀想に!が生んだキャラクターはなんでしょう？,頭につけた青いリボンやうるうると涙ぐんだ目が特徴的な、イラストレーター・可哀想に!（かわいそうに）が生んだキャラクターは何でしょう？,おぱんちゅうさぎ,
q0065,芸能,映画やドラマなどで、すべての撮影が終了したことを意味する和製英語はなんでしょう？,映画やドラマなどで、すべての撮影が終了したことを意味する和製英語は何でしょう？,クランクアップ,×オールアップ
q0066,生活,スポーツカーのシビックやミニバンのステップワゴンを販売している自動車メーカーはなんでしょう？,スポーツカーのシビックやミニバンのステップワゴンを販売している自動車メーカーは何でしょう？,HONDA,ホンダの自動運転システムはSENSING
q0067,理系,NASAのSDO、ESAのソーラー・オービター、JAXAのひのでといった人工衛星が観測対象としている天体はなんでしょう？,NASA（ナサ）の「SDO」、ESAの「ソーラー・オービター」、JAXA（ジャクサ）の「ひので」といった人工衛星が観測対象としている天体は何でしょう？,太陽,ソーラー・ダイナミクス・オブザーバトリー（Solar Dynamics Observatory）
q0068,地理,小劇場の本多劇場やライブハウスのSHELTERが位置する、東京都世田谷区にある地域はなんでしょう？,小劇場の「本多（ほんだ）劇場」やライブハウスの「SHELTER（シェルター）」が位置する、東京都世田谷区にある地域は何でしょう？,下北沢,
q0069,理系,オートマチック自動車で、走行中にアクセルを強く踏み込むことで車を急加速させる操作をなんというでしょう？,オートマチック自動車で、走行中にアクセルを強く踏み込むことで車を急加速させる操作を何というでしょう？,キックダウン,別解なし
q0070,芸能,落語家の、晴の輔、談春、志らくに共通する亭号はなんでしょう？,落語家の、晴の輔（はれのすけ）、談春、志らくに共通する亭号は何でしょう？,立川（たてかわ）,○落語立川流　立川流
q0071,地理,世界複合遺産のカカドゥ国立公園やウルル=カタ・ジュタ国立公園がある国はどこでしょう？,世界複合遺産のカカドゥ国立公園やウルル=カタ・ジュタ国立公園がある国はどこでしょう？,オーストラリア,
q0072,生活,そのまま薬味と一緒に出汁をかけてと3種類の食べ方を楽しめる、名古屋名物のうなぎ料理はなんでしょう？,「そのまま」「薬味と一緒に」「出汁をかけて」と3種類の食べ方を楽しめる、名古屋名物のうなぎ料理は何でしょう？,ひつまぶし,
q0073,言葉,物事がいい加減で十分でないことを、半分の半という字を用いた漢字3文字の言葉でなんというでしょう？,物事がいい加減で十分でないことを、「半分」の半という字を用いた漢字3文字の言葉で何というでしょう？,生半可（なまはんか）,○生半尺（なまはんじゃく）
q0074,ns,動画編集で、カットとカットの間を繋ぐために挟むエフェクトのことを、移行という意味の英語を使ってなんというでしょう？,動画編集で、カットとカットの間を繋ぐために挟むエフェクトのことを、「移行」という意味の英語を使って何というでしょう？,トランジション,
q0075,理系,漢字では頭垢と書く、新陳代謝によって頭皮の角質が剥がれ落ちたものをなんというでしょう？,漢字では「頭垢（あたまのあか）」と書く、新陳代謝によって頭皮の角質が剥がれ落ちたものを何というでしょう？,フケ,
q0076,地理,間接的ながら無料で海底散歩できるスポットである、九州と本州を結ぶ海底トンネルはなんでしょう？,間接的ながら無料で海底散歩できるスポットである、九州と本州を結ぶ海底トンネルは何でしょう？,関門トンネル,△関門海峡トンネル
q0077,文学,ニューヨークをさまよう16歳の少年・ホールデン・コールフィールドを主人公にした、サリンジャーの小説はなんでしょう？,ニューヨークをさまよう16歳の少年・ホールデン・コールフィールドを主人公にした、サリンジャーの小説は何でしょう？,『ライ麦畑でつかまえて』,○『キャッチャー・イン・ザ・ライ』
q0078,生活,1個当たりの重さはおよそ3から4グラムである、コーヒーや紅茶に入れられる立方体状の砂糖をなんというでしょう？,1個当たりの重さはおよそ3から4グラムである、コーヒーや紅茶に入れられる立方体状の砂糖を何というでしょう？,角砂糖,
q0079,世界史,エリザベス１世の特許のもと、私掠船を率いて西インド諸島のスペイン領で略奪をおこなった、ホーン岬と南極大陸の間の海峡に名前を残す人物は誰でしょう？,エリザベス１世の特許のもと、私掠(しりゃく)船を率いて西インド諸島のスペイン領で略奪をおこなった、ホーン岬と南極大陸の間の海峡に名前を残す人物は誰でしょう？,フランシス・ドレーク,別解なし
q0080,理系,数学用語で、ある数と原点との距離を表す値をなんというでしょう？,数学用語で、ある数と原点との距離を表す値を何というでしょう？,絶対値,
q0081,公民,観光地にキャパシティを超える旅行客が押し寄せ、地域住民や環境に悪影響を及ぼす社会問題をなんというでしょう？,観光地にキャパシティを超える旅行客が押し寄せ、地域住民や環境に悪影響を及ぼす社会問題を何というでしょう？,オーバーツーリズム,
q0082,芸能,競輪や競馬などの発走前に、トランペットなどの金管楽器によって演奏される短い曲をなんというでしょう？,競輪や競馬などの発走前に、トランペットなどの金管楽器によって演奏される短い曲を何というでしょう？,ファンファーレ,別解ナシ
q0083,生活,目覚まし時計で、一度アラームを止めても一定時間後に再び鳴り出す機能をなんというでしょう？,目覚まし時計で、一度アラームを止めても一定時間後に再び鳴り出す機能を何というでしょう？,スヌーズ,
q0084,地理,インドネシアの新首都予定地ヌサンタラが位置している、世界で３番目に面積が広い島はなんでしょう？,インドネシアの新首都予定地「ヌサンタラ」が位置している、世界で３番目に面積が広い島は何でしょう？,カリマンタン島,○ボルネオ島
q0085,言葉,目標に向かってまっすぐに突き進む事を、猪という漢字を使った四字熟語でなんというでしょう？,目標に向かってまっすぐに突き進む事を、「猪（いのしし）」という漢字を使った四字熟語で何というでしょう？,猪突猛進,別解なし
q0086,理系,スポーツドリンクなどの飲みすぎが原因で起こる急性の糖尿病を、飲み物が入っている容器からなん症候群というでしょう？,スポーツドリンクなどの飲みすぎが原因で起こる急性の糖尿病を、飲み物が入っている容器から「何症候群」というでしょう？,ペットボトル症候群,△清涼飲料水ケトーシス
q0087,世界史,デザイナーのローズ・ベルタンや画家のウィジェ・ルブランを重用した、ルイ16世の王妃は誰でしょう？,服飾デザイナーのローズ・ベルタンや画家のウィジェ・ルブランを重用した、ルイ16世の王妃は誰でしょう？,マリー・アントワネット,マリー＝アントワネット＝ジョゼフ＝ジャンヌ・ド・アプスブール＝ロレーヌ
q0088,生活,コーヒーなどをペットボトルに詰めたクラフトボスシリーズを展開する、にほんの飲料メーカーはどこでしょう？,コーヒーなどをペットボトルに詰めた『クラフトボス』シリーズを展開する、日本の飲料メーカーはどこでしょう？,サントリー,
q0089,理系,体験型施設のなるほど科学体験館や、栄誉教授の秋山仁が手がけた数学体験館などの施設を保有する、にほんの私立大学はどこでしょう？,体験型施設の「なるほど科学体験館」や、栄誉教授の秋山仁（じん）が手がけた「数学体験館」などの施設を保有する、日本の私立大学はどこでしょう？,東京理科大学,
q0090,生活,近年、利用者がロビーから客室に持っていく形式が増えている、ホテルが無料で提供する消耗品のことをなんというでしょう？,近年、利用者がロビーから客室に持っていく形式が増えている、ホテルが無料で提供する消耗品のことを何というでしょう？,アメニティグッズ,○アメニティ和製英語なのでこれ以外は×
q0091,文学,故郷のプリンスエドワード島を舞台とした可愛いエミリーや赤毛のアンなどの作品を著した、カナダの児童文学作家は誰でしょう？,故郷のプリンスエドワード島を舞台とした『可愛いエミリー』や『赤毛のアン』などの作品を著した、カナダの児童文学作家は誰でしょう？,ルーシー・モード・モンゴメリー（Lucy Maud Montgomery）,
q0092,生活,韓国やニュージーランドでは公用語として認められている、音声ではなく手の動きや表情を用いて表現する言語はなんでしょう？,韓国やニュージーランドでは公用語として認められている、音声ではなく手の動きや表情を用いて表現する言語は何でしょう？,手話,英：sign language
q0093,生活,ひき肉の中でも、牛と豚など２種類以上の肉を合わせて作られたものをなんというでしょう？,ひき肉の中でも、牛と豚など２種類以上の肉を合わせて作られたものを何というでしょう？,合い挽き肉,
q0094,漫画・アニメ・ゲーム,これまでに納谷悟朗や山寺宏一が声を担当した、アニメルパン三世でルパンを追い続ける警部は誰でしょう？,これまでに納谷悟朗（なや・ごろう）や山寺宏一（やまでら・こういち）が声を担当した、アニメ『ルパン三世』でルパンを追い続ける警部は誰でしょう？,銭形 幸一（ぜにがた・こういち）,○銭形警部
q0095,地理,大政奉還で失職した士族たちによって開墾された、現在はにほん一のお茶の産地となっている静岡県中部に広がる台地はなんでしょう？,大政奉還で失職した士族たちによって開墾された、現在は日本一のお茶の産地となっている静岡県中部に広がる台地は何でしょう？,牧之原台地,
q0096,生活,企業の選考を受けた学生が受け取る不採用を告げるメールのことを、よく使われる文言から俗になんメールというでしょう？,企業の選考を受けた学生が受け取る「不採用」を告げるメールのことを、よく使われる文言から俗に「何メール」というでしょう？,お祈りメール,祈りメール、祈られメール
q0097,地理,ブラック・マンデー後に設置されたチャージング・ブルの像が街のシンボルとなっている、ニューヨークの金融街はなんでしょう？,ブラック・マンデー後に設置された「チャージング・ブル」の像が街のシンボルとなっている、ニューヨークの金融街は何でしょう？,ウォール街,○ウォール・ストリート
q0098,世界史,システィナ礼拝堂で開催される、次のローマ教皇を選出するための会議をなんというでしょう？,システィナ礼拝堂で開催される、次のローマ教皇を選出するための会議を何というでしょう？,コンクラーベ,○教皇選挙
q0099,生活,フードロス削減のために推奨されている、店頭に並んだ食品を正面のものから購入していく取り組みをなんというでしょう？,フードロス削減のために推奨されている、店頭に並んだ食品を正面のものから購入していく取り組みを何というでしょう？,てまえどり,
q0100,理系,自動車のブレーキなどに応用されている、密閉した流体の一部に圧力が加わると、流体内のすべての部分に同じ圧力が伝わるという原理をなんというでしょう？,自動車のブレーキなどに応用されている、密閉した流体の一部に圧力が加わると、流体内のすべての部分に同じ圧力が伝わるという原理を何というでしょう？,パスカルの原理,
q0101,芸能,１段の幅は約23センチで全26段ある、宝塚劇場の象徴ともいわれる舞台装置のことをなんというでしょう？,１段の幅は約23センチで全26段ある、宝塚劇場の象徴ともいわれる舞台装置のことを何というでしょう？,大階段（おおかいだん）,△だいかいだん
q0102,生活,結婚の幸せを参列者へおすそ分けする、という意味がある、結婚式で、新婦がゲストに花束を投げる演出をなんというでしょう？,結婚の幸せを参列者へおすそ分けする、という意味がある、結婚式で、新婦がゲストに花束を投げる演出を何というでしょう？,ブーケトス,
q0103,言葉,2度繰り返すと他人に聞こえないよう小声で話す様子を、1度では原子番号33の元素を表す、カナ2文字はなんでしょう？,2度繰り返すと「他人に聞こえないよう小声で話す様子」を、1度では「原子番号33の元素」を表す、カナ2文字は何でしょう？,ひそ,（補足）ヒ素、ひそひそ
q0104,芸能,中国を舞台としたトゥーランドットやにほんを舞台とした蝶々夫人などのオペラを手がけた、イタリアの作曲家は誰でしょう？,中国を舞台とした『トゥーランドット』や日本を舞台とした『蝶々夫人』などのオペラを手がけた、イタリアの作曲家は誰でしょう？,ジャコモ・プッチーニ,○『Nessun dorma』
q0105,理系,ヒメ、ヘイケ、ゲンジなどの種類がある、英語ではfireflyという昆虫はなんでしょう？,ヒメ、ヘイケ、ゲンジなどの種類がある、英語では「firefly（ファイヤーフライ）」という昆虫は何でしょう？,ホタル,
q0106,芸能,世界最長寿の週間音楽番組としてギネス世界記録に認定されている、毎週土曜夕方6時から放送中のフジテレビ制作の番組はなんでしょう？,世界最長寿の週間音楽番組としてギネス世界記録に認定されている、現在も放送中のフジテレビ制作の番組は何でしょう？,『MUSIC FAIR（ミュージックフェア）』,○シオノギ・ミュージックフェア
q0107,日本史,長崎県島原市にはサムライブルーのユニフォームを着た立像が設置されている、江戸時代に海援隊を組織した土佐藩士は誰でしょう？,長崎県島原市にはサムライブルーのユニフォームを着た立像が設置されている、江戸時代に海援隊を組織した土佐藩士は誰でしょう？,坂本龍馬（さかもと・りょうま）,元々は南アフリカW杯の応援のために作られたもの。島原市に寄贈された
q0108,スポーツ,にほんの公営競技の一つで、1周600メートルのコースを、6人の選手が6色の乗り物に乗って順位を争うものはなんでしょう？,日本の公営競技の一つで、1周600メートルのコースを、6人の選手が6色の乗り物に乗って順位を争うものは何でしょう？,ボートレース,○競艇
q0109,理系,水酸化マグネシウムとケイ酸塩からなる、モース硬度1の基準となる鉱物はなんでしょう？,水酸化マグネシウムとケイ酸塩からなる、モース硬度1の基準となる鉱物は何でしょう？,滑石（かっせき）,○タルク
q0110,スポーツ,現在は写真家として活動している、サウスポーとして歴代最多の5回のサイ・ヤング賞を受賞した、元メジャーリーガーは誰でしょう？,現在は写真家として活動している、サウスポーとして歴代最多の5回のサイ・ヤング賞を受賞した、元メジャーリーガーは誰でしょう？,ランディ・ジョンソン,
q0111,文学,足の裏洗へば白くなる咳をしてもひとりなどの自由律俳句で知られる俳人は誰でしょう？,「足の裏洗へば白くなる」「咳をしてもひとり」などの自由律俳句で知られる俳人は誰でしょう？,尾崎放哉（おざき・ほうさい）,
q0112,生活,蓋つきの型で焼く角型と蓋のない型で焼く山型の２種類に大別される、トーストやサンドイッチに用いられるパンはなんでしょう？,蓋つきの型（かた）で焼く「角型（かくがた）」と蓋のない型で焼く「山型（やまがた）」の２種類に大別される、トーストなど用いられるパンは何でしょう？,食パン,
q0113,生活,かわいいに出会えるをキャッチフレーズとしている、井田ラボラトリーズが展開するメイクアップブランドはなんでしょう？,「かわいいに出会える」をキャッチフレーズとしている、井田ラボラトリーズが展開するメイクアップブランドは何でしょう？,CANMAKE（キャンメイク）,CANMAKE TOKYOも正解
q0114,漫画・アニメ・ゲーム,ナゾナゾみたいに地球儀を解き明かしたらと歌い出す、アニメ涼宮ハルヒの憂鬱のエンディングテーマはなんでしょう？,「ナゾナゾみたいに地球儀を解き明かしたら」と歌い出す、アニメ『涼宮ハルヒ（すずみや・はるひ）の憂鬱（ゆううつ）』のエンディングテーマは何でしょう？,『ハレ晴レユカイ』,別解なし
q0115,文学,代表作に伊達騒動を題材にした樅ノ木は残ったなどがある小説家は誰でしょう？,代表作に伊達騒動を題材にした『樅ノ木（もみのき）は残った』などがある小説家は誰でしょう？,山本周五郎（やまもと・しゅうごろう）,本名：清水 三十六（さとむ）
q0116,スポーツ,演技中に披露したイナ・バウアーが流行語となった、2006年トリノ五輪の女子フィギュアスケートで金メダルを獲得した選手は誰でしょう？,演技中に披露したイナ・バウアーが流行語となった、2006年トリノ五輪の女子フィギュアスケートで金メダルを獲得した選手は誰でしょう？,荒川静香（あらかわ・しずか）,
q0117,地理,九州の鹿児島湾を囲む2つの半島は、薩摩半島となんでしょう？,九州の鹿児島湾を囲む2つの半島は、薩摩半島と何でしょう？,大隅（おおすみ）半島,◯：「大隅」のみ
q0118,理系,酢酸を構成するカルボキシ基のように、ある有機化合物の性質を決定づける原子団をなんというでしょう？,酢酸を構成するカルボキシ基のように、ある有機化合物の性質を決定づける原子団を何というでしょう？,官能基,英：Functional group
q0119,文学,にほんでは吉川英治や北方謙三による作品がベストセラーとなった、108人の英傑が梁山泊に集まり、悪政に立ち向かうという内容の中国の小説はなんでしょう？,日本では吉川英治（よしかわ・えいじ）や北方謙三（きたかた・けんぞう）による作品がベストセラーとなった、108人の英傑が梁山泊（りょうざんぱく）に集まり、悪政に立ち向かうという内容の中国の小説は何でしょう？,『水滸伝』,
q0120,文学,古代ギリシャの哲学者ソクラテスが説いた、自らが知らないことを自覚することを表す言葉はなんでしょう？,古代ギリシャの哲学者ソクラテスが説いた、「自らが知らないことを自覚すること」を表す言葉は何でしょう？,無知の知,〇：不知の自覚
q0121,言葉,もともとはBL用語として使われていた、女性の理想を詰め込んだ完璧な男性のことを、スーパーダーリンを略してなんというでしょう？,もともとはBL用語として使われていた、女性の理想を詰め込んだ完璧な男性のことを、「スーパーダーリン」を略して何というでしょう？,スパダリ,スパダリラブコメ『きらぼしお嬢様の求婚』英喜
q0122,理系,地震の揺れにより地下水が地面に染み出し、砂や石と混ざることで地盤がやわらかくなる現象をなんというでしょう？,地震の揺れにより地下水が地面に染み出し、砂や石と混ざることで地盤がやわらかくなる現象を何というでしょう？,液状化現象,○(soil) liquefaction
q0123,芸術,処刑の前夜、キリストが弟子たちに私を裏切る者がいると予言をする場面を描いた、レオナルド・ダ・ヴィンチの絵画はなんでしょう？,処刑の前夜にキリストが弟子たちに「私を裏切る者がいる」と予言をする場面を描いた、レオナルド・ダ・ヴィンチの絵画は何でしょう？,『最後の晩餐』,◯：「L'Ultima Cena」
q0124,公民,世界経済フォーラムが2006年から毎年発表している、その国の男女格差の程度を表す指標をなんというでしょう？,世界経済フォーラムが2006年から毎年発表している、その国の男女格差の程度を表す指標を何というでしょう？,ジェンダーギャップ指数,〇：男女平等格差指数
q0125,芸術,モデルの中でも、手や髪など体の一部分に特化したモデルをなんモデルというでしょう？,モデルの中でも、手や髪など体の一部分に特化したモデルを「何モデル」というでしょう？,パーツモデル,△ハンドモデルなど
q0126,言葉,特定の集団の中で暗黙の了解となっているルールのことを、成文化されていない決まり事という意味の三字熟語でなんというでしょう？,特定の集団の中で暗黙の了解となっているルールのことを、「成文化されていない決まり事」という意味の三字熟語で何というでしょう？,不文律,
q0127,生活,子どもの教育資金の準備を目的とした貯蓄型の保険をなん保険というでしょう？,子どもの教育資金の準備を目的とした貯蓄型の保険を「何保険」というでしょう？,学資保険,
q0128,生活,包丁を扱う際に、怪我をしないよう指を曲げて食材を押さえる所作を、その手の形からなんの手というでしょう？,包丁を扱う時に、怪我をしないよう指を曲げて食材を押さえる所作を、その手の形から「何の手」というでしょう？,猫の手,英語ではclawというそうなので、別解はない△claw
q0129,生活,道路交通法第63条で、自転車に乗る際の着用が努力義務となっている、頭を保護するための道具はなんでしょう？,道路交通法第63条で、自転車に乗る際の着用が努力義務となっている、頭を保護するための道具は何でしょう？,ヘルメット,
q0130,生活,預金保険制度に加盟する金融機関が破綻した際に、1000万円までの預金とその利子が預金者に支払われる制度をなんというでしょう？　,預金保険制度に加盟する金融機関が破綻した際に、1000万円までの預金とその利子が預金者に支払われる制度を何というでしょう？　,ペイオフ,
q0131,理系,アゾトバクターや根粒菌などが行う、大気中の窒素からアンモニウムイオンを生成する反応をなんというでしょう？,アゾトバクターや根粒菌（こんりゅうきん）などが行う、大気中の窒素からアンモニウムイオンを生成する反応を何というでしょう？,窒素固定,
q0132,生活,四方紅と呼ばれる紙や三方と呼ばれる台の上に飾られる、正月の縁起物はなんでしょう？,「四方紅（しほうべに）」と呼ばれる紙や「三方（さんぽう）」と呼ばれる台の上に飾られる、正月の縁起物は何でしょう？,鏡餅,
q0133,漫画・アニメ・ゲーム,主人公の井芹仁菜がトゲナシトゲアリというバンドを結成し、音楽と共に過ごす青春を描くアニメはなんでしょう？,主人公の井芹仁菜（いせり・りな）が「トゲナシトゲアリ」というバンドを結成し、音楽と共に過ごす青春を描いたアニメは何でしょう？,『ガールズバンドクライ』,
q0134,世界史,著書に、国際法の必要性を訴えた戦争と平和の法がある、オランダの法学者は誰でしょう？,著書に、国際法の必要性を訴えた『戦争と平和の法』がある、オランダの法学者は誰でしょう？,グロティウス,
q0135,生活,オリジナルスイーツのふんわりワッフルやプレミアムロールケーキを販売しているコンビニエンスストアはなんでしょう？,オリジナルスイーツの「ふんわりワッフル」や「プレミアムロールケーキ」を販売しているコンビニエンスストアは何でしょう？,ローソン,
q0136,言葉,守りが甘く相手に付け入るスキを与えている様子を、相撲用語からなんが甘いというでしょう？,守りが甘く相手に付け入るスキを与えている様子を、相撲用語から「何が甘い」というでしょう？,脇が甘い,別解なし
q0137,芸能,ソリストを置く点で交響曲と区別される、英語ではコンチェルトと呼ばれる音楽の形式はなんでしょう？,ソリストを置く点で交響曲と区別される、英語では「コンチェルト」と呼ばれる音楽の形式は何でしょう？,協奏曲,△：コンチェルト
q0138,芸能,I’m Your Treasure Boxや美少女無罪♡パイレーツといったオリジナル曲も人気の、ホロライブ所属のバーチャルYouTuberは誰でしょう？,『I’m Your Treasure Box』や『美少女無罪♡パイレーツ』といったオリジナル曲も人気の、ホロライブ所属のバーチャルYouTuberは誰でしょう？,宝鐘マリン（ほうしょう・マリン）,
q0139,生活,オンラインショッピングモールのTemuや、総合通販サービスのSHEINといえば、どこの国の企業が運営するECサイトでしょう？,オンラインショッピングモールの「Temu（テム）」や、総合通販サービスの「SHEIN（シーイン）」といえば、どこの国の企業が運営するECサイトでしょう？,中国,
q0140,文学,昔の中国で馬の良し悪しを見抜いた人物に由来する、人の能力を見抜き、育てるのがうまい人を指す言葉はなんでしょう？,昔の中国で馬の良し悪しを見抜いた人物に由来する、人の能力を見抜き、育てるのがうまい人を指す言葉は何でしょう？,伯楽（はくらく）,
q0141,理系,ネットバンキングサービスなどで用いられる、短い有効期限で発行される一度きりのパスワードを英語でなんというでしょう？,ネットバンキングサービスなどで用いられる、短い有効期限で発行される一度きりのパスワードを英語で何というでしょう？,ワンタイムパスワード,
q0142,理系,化学において、中和反応が起こった際、水とともに生じる物質のことをなんというでしょう？,化学において、中和反応が起こった際、水とともに生じる物質のことを何というでしょう？,塩,えん
q0143,公民,アメリカの諜報機関である中央情報局のことを、アルファベット3文字の略称でなんというでしょう？,アメリカの諜報機関である「中央情報局」のことを、アルファベット3文字の略称で何というでしょう？,CIA,△：「Central Intelligence Agency」
q0144,生活,江戸時代の薬屋やげん堀・中島が発祥とされる、山椒や黒胡麻など7種類の香辛料を混合した唐辛子をなんというでしょう？,江戸時代の薬屋「やげん堀・中島（なかじま）」が発祥とされる、山椒や黒胡麻など7種類の香辛料を混合した唐辛子を何というでしょう？,七味唐辛子,
q0145,理系,膀胱膜やセロファンのように、一定の大きさ以下の分子のみを通す膜をなんというでしょう？,膀胱膜やセロファンのように、一定の大きさ以下の分子のみを通す膜を何というでしょう？,半透膜,
q0146,日本史,1543年に鉄砲が伝来した場所であることから長らく火縄銃の別名としても使われた、鹿児島県の島はどこでしょう？,1543年に鉄砲が伝来した場所であることから長らく火縄銃の別名としても使われた、鹿児島県の島はどこでしょう？,種子島,
q0147,地理,にほん最大のものは八郎潟で行われた、海や湖に堤防をつくり、その内側から水を抜いて陸地を作ることをなんというでしょう？,日本最大のものは八郎潟で行われた、海や湖に堤防をつくり、その内側から水を抜いて陸地を作ることを何というでしょう？,干拓,（〇：Reclamation、△：干拓地、ポルダー）
q0148,芸能,フィンランドでは第2の国歌として親しまれている、シベリウスが作曲した交響詩はなんでしょう？,フィンランドでは「第2の国歌」として親しまれている、シベリウスが作曲した交響詩は何でしょう？,『フィンランディア』,
q0149,言葉,ネットでは企業がYouTuberに依頼して自社商品の紹介をしてもらうことを、一般的には今現在問題として挙がっている事柄を指す漢字2文字の言葉はなんでしょう？,企業がYouTuberに依頼して自社商品の紹介をしてもらうことと、現在問題として挙がっている事柄に共通して使われる漢字2文字の言葉はなんでしょう？,案件,×プロモーション
q0150,芸術,平等院鳳鳳堂の阿弥陀如来像のように、2つ以上の木材を継ぎ合わせて一体の木像を造り上げたものをなんというでしょう？,平等院鳳鳳堂の阿弥陀如来像のように、2つ以上の木材を継ぎ合わせて一体の木像を造り上げたものを何というでしょう？,寄木造（よせぎづくり）,
q0151,生活,にほんでは高さ20mを超える建物に設置義務がある、雷が落ちたときの電流を地中に逃がして被害を防ぐ装置はなんでしょう？,日本では高さ20mを超える建物に設置義務がある、雷が落ちたときの電流を地中に逃がして被害を防ぐ装置は何でしょう？,避雷針,
q0152,地理,高さ451.2mの地点はソラカラポイントと呼ばれる、東京都墨田区に位置する、世界一高い電波塔はなんでしょう？,高さ451.2mの地点は「ソラカラポイント」と呼ばれる、東京都にある世界一高い電波塔は何でしょう？,東京スカイツリー,◯：「スカイツリー」のみ
q0153,生活,渋皮を取り除いた栗を水で煮た後、シロップに繰り返しつけることで作られるフランス菓子はなんでしょう？,渋皮を取り除いた栗を水で煮た後、シロップに繰り返しつけることで作られるフランス菓子は何でしょう？,マロングラッセ,
q0154,公民,民事執行法に規定されている、債権者が債務者に対して財産や権利の処分を禁止することを、一般的になんというでしょう？,民事執行法に規定されている、債権者が債務者に対して財産や権利の処分を禁止することを、一般的に何というでしょう？,差押え,
q0155,世界史,第二次大戦後の独立以降、シハヌークによる王政やクメール・ルージュによる圧政が敷かれた、東南アジアの国はどこでしょう？,第二次大戦後の独立以降、シハヌークによる王政やクメール・ルージュによる圧政が敷かれた、東南アジアの国はどこでしょう？,カンボジア,
q0156,芸術,レースやフリルが付いた暗い色の服装が特徴的な、ゴスロリと略されるファッションスタイルはなんでしょう？,レースやフリルが付いた暗い色の服装が特徴的な、「ゴスロリ」と略されるファッションスタイルは何でしょう？,ゴシック&ロリータ,
q0157,理系,紫外線をあてると緑色に光ることからガラス工芸の着色にも使用される、原子番号92、元素記号Uの元素はなんでしょう？,紫外線をあてると緑色に光ることからガラス工芸の着色にも使用される、原子番号92、元素記号Uの元素は何でしょう？,ウラン,
q0158,生活,夫婦が話し合い、合意を得たうえで行う離婚のことをなん離婚というでしょう？,夫婦が話し合い、合意を得たうえで行う離婚のことを「何離婚」というでしょう？,協議離婚,×調停離婚
q0159,スポーツ,一本足打法でホームランを量産し、通算本塁打数868本の世界記録を現在も保持している元プロ野球選手は誰でしょう？,一本足打法でホームランを量産し、通算本塁打数868本の世界記録を現在も保持している元プロ野球選手は誰でしょう？,王貞治（おうさだはる）,別解なし
q0160,生活,世阿弥による能の理論書をもじったブランド名がつけられた、にほんコカ・コーラが販売する紅茶シリーズはなんでしょう？,世阿弥による能の理論書をもじったブランド名がつけられた、日本コカ・コーラが販売する紅茶シリーズは何でしょう？,紅茶花伝,
q0161,芸能,なん十回の夜を過ごしたって得られぬようなと始まるサビが印象的な、シンガーソングライター・tuki.の楽曲はなんでしょう？,「何十回の夜を過ごしたって得られぬような」と始まるサビが印象的な、シンガーソングライター・tuki.（ツキ）の楽曲は何でしょう？,『晩餐歌（ばんさんか）』,
q0162,理系,ノートPCなどに搭載された二次電池を電源に接続し、電気を蓄えることをなんというでしょう？,ノートPCなどに搭載された二次電池を電源に接続し、電気を蓄えることを何というでしょう？,充電,○チャージ　バッテリーチャージ
q0163,日本史,奥州の王や独眼竜の異名が付けられた、仙台藩の初代藩主を務めた戦国大名は誰でしょう？,「奥州の王」や「独眼竜」の異名が付けられた、仙台藩の初代藩主を務めた戦国大名は誰でしょう？,伊達政宗（だて・まさむね）,
q0164,理系,縦に並んだ数字を上から順番に足し引きする、そろばんにおけるもっとも基礎的な計算問題はなんでしょう？,縦に並んだ数字を上から順番に足し引きする、そろばんにおけるもっとも基礎的な計算問題は何でしょう？,見取り算,別解なし
q0165,文学,行商人ロレンスと、美少女の姿をした狼の化身・ホロが、彼女の故郷に帰るべく北を目指す道中を描く、支倉凍砂のライトノベルはなんでしょう？,行商人ロレンスと、美少女の姿をした狼の化身・ホロが、彼女の故郷に帰るべく北を目指す道中を描く、支倉凍砂（はせくら・いすな）のライトノベルは何でしょう？,『狼と香辛料』,
q0166,芸能,シェイクスピア作品を下敷きにした映画乱や蜘蛛巣城でメガホンを取った、にほんの映画監督は誰でしょう？,シェイクスピア作品を下敷きにした映画『乱（らん）』や『蜘蛛巣城（くものすじょう）』でメガホンを取った、日本の映画監督は誰でしょう？,黒澤明（くろさわ・あきら）,
q0167,理系,ラテン語名をGeminiという、アルファ星をカストル、ベータ星をポルックスとする星座はなんでしょう？,ラテン語名を「Gemini（ジェミニ）」という、アルファ星を「カストル」、ベータ星を「ポルックス」とする星座は何でしょう？,ふたご座,
q0168,ns,2025年度よりにほん初の恐竜学部が新設された、北陸地方の公立大学はどこでしょう？,2025年度より日本初の恐竜学部が新設された、北陸地方の公立大学はどこでしょう？,福井県立大学,
q0169,生活,"麻雀で、4,000オールや300・500と点数申告するとき、あがった方法はツモ上がりロン上がりのどちらでしょう？","麻雀で、4,000オールや300・500と点数申告するとき、あがった方法は「ツモ上がり」「ロン上がり」のどちらでしょう？",ツモあがり,
q0170,地理,現在国連加盟国の中で最も新しい独立国である、首都をジュバに置くアフリカの国はどこでしょう？,現在（2024年）国連加盟国の中で最も新しい独立国である、首都をジュバに置くアフリカの国はどこでしょう？,南スーダン,2011年7月独立
q0171,言葉,雨具の英語表記で、雨傘はアンブレラといいますが、雨合羽はなんというでしょう？,雨具の英語表記で、「雨傘」は「アンブレラ」といいますが、「雨合羽（あまがっぱ）」は何というでしょう？,レインコート,○waterproof coat○oilskins○slicker×ポンチョ（スペイン語）
q0172,生活,バタースカッチ味やヨーグルトスカッチ味などの種類があった、今年3月に販売終了した明治のキャンディーはなんでしょう？,バタースカッチ味やヨーグルトスカッチ味などの種類があった、かつて明治が販売していたキャンディーはなんでしょう？,チェルシー,
q0173,芸能,毎年夏にフジロックフェスティバルが開催される、新潟県のスキー場はどこでしょう？,毎年夏に「フジロックフェスティバル」が開催される、新潟県のスキー場はどこでしょう？,苗場スキー場,"""〇苗場スキーリゾート苗場が出れば〇"""
q0174,生活,飲みやすくするために、錠剤の表面を糖やフィルムで覆ったものをなん錠というでしょう？,薬を飲みやすくするために、錠剤の表面を糖やフィルムで覆ったものを「何錠」というでしょう？,糖衣錠,
q0175,言葉,いったん仲違いしたものが、ふたたび元の関係に戻ることを、刀の刃を納める道具を使って元のなんに収まるというでしょう？,いったん仲違いしたものが、ふたたび元の関係に戻ることを、刀（かたな）の刃（は）を納める道具を使って「元の何に収まる」というでしょう？,鞘（さや）,
q0176,スポーツ,野球におけるノーヒットノーランと完全試合のうち、フォアボールによる出塁で達成できなくなるのはどちらでしょう？,野球における「ノーヒットノーラン」と「完全試合」のうち、フォアボールによる出塁で達成できなくなるのはどちらでしょう？,完全試合,
q0177,理系,1953年にフランシス・クリックとともにDNAの二重らせん構造を発見した、イギリスの分子生物学者は誰でしょう？,1953年にフランシス・クリックとともにDNAの二重らせん構造を発見した、イギリスの分子生物学者は誰でしょう？,ジェームズ・ワトソン,別解なし
q0178,世界史,映画ラストエンペラーで生涯が描かれている、清の最後の皇帝であり、満州国の初代皇帝となった人物は誰でしょう？,映画『ラストエンペラー』で生涯が描かれている、清の最後の皇帝であり、満州国の初代皇帝となった人物は誰でしょう？,愛新覚羅溥儀（あいしんかくら・ふぎ）,宣統帝溥儀（せんとうてい・ふぎ）アイシンギョロ・プーイー溥儀
q0179,公民,一般道のものは青色をベースに、高速道路のものは緑色をベースに作られている、にほんの道路標識の一種はなんでしょう？,一般道のものは青色をベースに、高速道路のものは緑色をベースに作られている、日本の道路標識の一種は何でしょう？,案内標識,
q0180,言葉,よく遅刻のの後につけて使われる、犯罪や好ましくないことをなん度も繰り返す人のことを、漢字3文字でなんというでしょう？,よく「遅刻の」の後につけて使われる、犯罪や好ましくないことを何度も繰り返す人のことを、漢字3文字で何というでしょう？,常習犯（じょうしゅうはん）,△慣行犯（もう1回）
q0181,理系,天文学において、天球の中に人が立ったとき、頭の真上に当たる点をなんというでしょう？,天文学において、天球の中に人が立ったとき、頭の真上に当たる点を何というでしょう？,天頂,○天文天頂
q0182,地理,世界有数の景観を誇るグレートオーシャンロードが観光名所の一つとなっている、オーストラリア第2の都市はなんでしょう？,世界有数の景観を誇る「グレートオーシャンロード」が観光名所の一つとなっている、オーストラリア第2の都市は何でしょう？,メルボルン,
q0183,文学,ある大聖堂を目指す巡礼者たちが、お互いに物語を話すという体裁をとる、イギリスの文学者、チョーサーの未完の大作はなんでしょう？,ある大聖堂を目指す巡礼者たちが、お互いに物語を話すという体裁をとる、イギリスの文学者、チョーサーの未完の大作は何でしょう？,カンタベリー物語,
q0184,言葉,英語における５つの文型のうち、SVOOであらわされるのは第なん文型でしょう？,英語における５つの文型のうち、「SVOC」であらわされるのは第何文型でしょう？,第5文型,
q0185,スポーツ,放送席と呼び掛けてスタートするのが定番である、野球の試合後に、その試合で活躍した選手に対して行うインタビューをなんというでしょう？,「放送席」と呼び掛けてスタートするのが定番である、野球の試合後に、その試合で活躍した選手に対して行うインタビューを何というでしょう？,ヒーローインタビュー,△勝利者インタビュー
q0186,生活,毎年次世代の100人やパーソンオブザイヤーを発表する、アメリカのニュース雑誌はなんでしょう？,毎年「次世代の100人」や「パーソンオブザイヤー」を発表する、アメリカのニュース雑誌は何でしょう？,『TIME』,
q0187,言葉,ファンに対するアイドルの驚くほど気の利いた対応のことを、人間を超越した宗教的な存在を表す漢字１文字を使ってなん対応というでしょう？,ファンに対するアイドルの驚くほど気の利いた対応のことを、宗教的な存在を表す漢字１文字を使って「何対応」というでしょう？,神対応,
q0188,生活,アナとエルサのフローズンジャーニーなどのアトラクションが位置する、今年6月にオープンした東京ディズニーシーのテーマポートはなんでしょう,「アナとエルサのフローズンジャーニー」などのアトラクションが位置する、今年6月にオープンした東京ディズニーシーのテーマポートは何でしょう,ファンタジースプリングス,
q0189,芸術,海外でもグレート・ウェーブと呼ばれ高い評価を受けている、葛飾北斎の富嶽三十六景を代表する浮世絵はなんでしょう？,海外でも「グレート・ウェーブ」と呼ばれ高い評価を受けている、葛飾北斎（かつしか・ほくさい）の『富嶽三十六景（ふがくさんじゅうろっけい）』を代表する浮世絵は何でしょう？,『神奈川沖浪裏（かながわおきなみうら）』,早めに押されて『富嶽三十六景』はもう一度でいいかと思います
q0190,理系,周波数の単位に名を残す、電磁気の存在を実験で証明したドイツの物理学者は誰でしょう？,周波数の単位に名を残す、電磁気の存在を実験で証明したドイツの物理学者は誰でしょう？,ハインリヒ・ヘルツ,
q0191,生活,あなたが気づけばマナーは変わるというキャッチコピーで、喫煙者のマナー向上を働きかけているにほんの企業はなんでしょう？,「あなたが気づけばマナーは変わる」というキャッチコピーで、喫煙者のマナー向上を働きかけている日本の企業は何でしょう？,JT,○日本たばこ産業
q0192,生活,WebメディアのHISTRISTを運営する、詳説にほん史などの教科書を出版している企業はどこでしょう？,Webメディアの「HISTRIST（ヒストリスト）」を運営する、『詳説日本史』などの教科書を出版している企業はどこでしょう？,山川出版社,○山川出版
q0193,漫画・アニメ・ゲーム,夜間警備や新幹線0号などの３Dホラーゲームを制作した、インディーズゲーム制作チームはなんでしょう？,『夜間警備』や『新幹線0号』などの３Dホラーゲームを制作した、インディーズゲーム制作チームは何でしょう？,Chilla's Art（チラズアート）,拉麺屋台がリリース予定。リリース時期が告知されたら改題可能性あり
q0194,芸能,世界遺産検定1級を所持している、TBSの番組世界遺産でナビゲーターを務める俳優は誰でしょう？,世界遺産検定1級を所持している、TBSの番組『世界遺産』でナビゲーターを務める俳優は誰でしょう？,鈴木亮平（すずき・りょうへい）,
q0195,理系,災害救助において、超えると生存率が急激に低下するとされる時間の目安のことをなん時間の壁というでしょう？,災害救助において、超えると生存率が急激に低下するとされる時間の目安のことを「何時間の壁」というでしょう？,72時間の壁,（〇：72、72時間、黄金の72時間）
q0196,生活,企業において、主に給与の管理や教育研修、人材採用などを行う部署をなん部というでしょう？,企業において、主に給与の管理や教育研修、人材採用などを行う部署を「何部」というでしょう？,人事部,△HR部（ヒューマンリソース）　総務部　
q0197,芸術,にほん人では長尾靖、沢田教一、酒井淑夫の3人が受賞している、ジャーナリズムの分野で業績を残した人物に贈られる賞はなんでしょう？,日本人では長尾靖（ながお・やすし）、沢田教一（さわだ・きょういち）、酒井淑夫（さかい・としお）の3人が受賞している、ジャーナリズムの分野で業績を残した人物に贈られる賞は何でしょう？,ピューリッツアー賞,
q0198,文学,講釈師の五代目神田伯龍がモデルとされる、D坂の殺人事件で初登場した、作家の江戸川乱歩が生んだ名探偵は誰でしょう？,講釈師の五代目神田伯龍（かんだ・はくりゅう）がモデルとされる、『D坂の殺人事件』で初登場した、作家の江戸川乱歩が生んだ名探偵は誰でしょう？,明智小五郎（あけち・こごろう）,
q0199,理系,ある星を中心として、他の星がその周囲を回る現象のことを、天文学用語でなんというでしょう？,ある星を中心として、他の星がその周囲を回る現象のことを、天文学用語で何というでしょう？,公転,
q0200,スポーツ,木製の棒を投げ、数字が書かれたスキットルと呼ばれる的を倒し、50点ぴったりになることを目指すマイナースポーツはなんでしょう？,木製の棒を投げ、数字が書かれた「スキットル」と呼ばれる的を倒し、50点ぴったりになることを目指すマイナースポーツは何でしょう？,モルック,