﻿q0001,漫画・アニメ・ゲーム,アニメ『葬送のフリーレン』のフリーレン役や、 『SPY×FAMILY』のアーニャ役などを演じる声優は誰でしょう？,種崎敦美（たねざき・あつみ）,,レモネード
q0002,理系,1993年に設立された、『素数表150000個』や『円周率1000000桁表』などの書籍を刊行している同人サークルは何でしょう？,暗黒通信団,,匿名
q0003,生活,タクシーで乗客の乗り降りを手助けする人が乗っていた席であったことから名がついた、自動車の運転席の隣の席を何というでしょう？,助手席,,レモネード
q0004,ns,小惑星番号1462の小惑星に名が冠されている、人工言語のエスペラントを考案したことで知られるポーランドの眼科医は誰でしょう。,ルドヴィコ・ザメンホフ,ザメンホフ,匿名
q0005,文学,推理小説で、読者の注意を真犯人から逸らすために用意される偽の手がかりのことを、「ニシン」を意味する英語を用いて何というでしょう？,レッドヘリング,,暁音
q0006,言葉,相手もいないのに自分だけで意気込み空回る様子を、日本の国技を使った慣用句で何というでしょう？,ひとりずもう,,ライム
q0007,公民,二大政党制の発達したイギリスを発祥とする、野党が政権獲得の準備などのために設ける組織を何というでしょう？,シャドーキャビネット,影の内閣,がいこつ
q0008,漫画・アニメ・ゲーム,鉈を手にした白いホッケーマスク姿でよく知られる、映画『13日の金曜日』に登場する架空の殺人鬼は誰でしょう？,ジェイソン,ジェイソン・ボーヒーズ,がいこつ
q0009,生活,有料プランでは「エリアフリー機能」や「タイムフリー30」といった機能が追加される、ラジオやポッドキャストをインターネットで聞けるサービスは何でしょう？,radiko（ラジコ）,,がいこつ
q0010,世界史,1月1日のカメルーンを皮切りに17のアフリカの国々が独立したため「アフリカの年」と呼ばれるのは、西暦何年でしょう？,1960年,,がいこつ
q0011,生活,おじいちゃんの話を受けて「いつかおにぎりになること」を望んでいる、サンリオが生んだ「小麦粉の妖精」は誰でしょう？,こぎみゅん,,でざいん
q0012,生活,夜になっても寝付かない子供をオバケの世界へ連れ去ってしまうというストーリーの、せなけいこの絵本は何でしょう？,『ねないこだれだ』,,でざいん
q0013,生活,「下駄の日」「チーズの日」「ポッキー＆プリッツの日」などの記念日となっているのは、毎年何月何日でしょう？,11月11日,,ローナ
q0014,生活,2025年から新語・流行語大賞の特別協賛を務める、太陽生命や大同生命などを傘下に置く金融持株会社は何でしょう？,T&D,T&D保険グループ、T&Dホールディングス,ワカメ
q0015,理系,ヘラクレスと戦った怪物のヒドラをモチーフとする、全天88星座で最も広い領域を持つ星座はなんでしょう？,うみへび座,,ワカメ
q0016,言葉,明治期の日本では「世界語」と呼ばれることもあった、ポーランドの眼科医ルドヴィコ・ザメンホフによって創案された人工言語は何でしょう？,エスペラント,エスペラント語,匿名
q0017,地理,現地では「スオミ」と呼ばれる、首都をヘルシンキに置く北欧の国はどこでしょう？,フィンランド,フィンランド共和国,レモネード
q0018,漫画・アニメ・ゲーム,Xではフリー素材のみを用いて四コマ漫画を描く取り組みを行っている、『でんぢゃらすじーさん』などの作品で知られる漫画家は誰でしょう？,曽山一寿（そやま・かずとし）,,暁音
q0019,文学,推理小説好きの父へ捧げた『赤い館の秘密』や、息子のために作った児童文学『くまのプーさん』を執筆した作家は誰でしょう？,アラン・アレクサンダー・ミルン,,ライム
q0020,芸能,数十本の名作映画を1年にわたって連続上映する、2010年から始まった午前中に旧作の上映を行う企画を何というでしょう？,『午前十時の映画祭』,,がいこつ
q0021,生活,広告代理店の中でも、広告主に専属してマーケティング活動を担当する企業を何というでしょう？,ハウスエージェンシー,,がいこつ
q0022,スポーツ,実業家の肥田金一郎（ひだきんいちろう）が日本ダービーに匹敵する中山競馬場の名物レースとする目的で創設した、毎年年末に開催される障害GIレースは何でしょう？,中山大障害,,ぼっこみ
q0023,ns,「ネコ」が後ろに付くとクラフトビールに、「カンパネラ」が後ろに付くと音楽ユニットに、「ダウンタウン」が後ろに付くと番組名になる言葉は何でしょう？,水曜日の,,ぼっこみ
q0024,公民,学校給食を支援する「レッドカップキャンペーン」を実施している、国連の機関は何でしょう？,WFP,世界食糧計画、World Food Programme,がいこつ
q0025,芸能,浮遊感のあるトリッキーな音使いを持ち味に、『くろうばあないと』『1000年生きてる』『きゅうくらりん』などの曲を制作したボカロPは誰でしょう？,いよわ,,でざいん
q0026,漫画・アニメ・ゲーム,実在のキックボクサーである沢村忠の半生を描いた、梶原一騎原作の漫画は何でしょう？,『キックの鬼』,,ワカメ
q0027,文学,「子供より親が大事、と思いたい。」という書き出しの、太宰治の短編小説は何でしょう？,『桜桃』,,匿名
q0028,地理,黄金崎不老ふ死温泉、浅虫温泉、酸ヶ湯温泉といえば、いずれもどこの都道府県にある温泉でしょう？,青森県,,レモネード
q0029,世界史,ジャーナリストのテオドール・ヘルツルによって提唱された、ユダヤ人の民族国家をパレスチナに樹立することを目指した運動を何というでしょう？,シオニズム,,レモネード
q0030,漫画・アニメ・ゲーム,荒地の魔女の呪いによって90歳の老婆の姿に変えられた、映画『ハウルの動く城』に登場する18歳の少女は誰でしょう？,ソフィー・ハッター,ソフィーのみ,がいこつ
q0031,理系,1955年に東京都国分寺市で発射実験に初成功し日本の宇宙開発の礎となった、全長23cmの小型ロケットは何でしょう？,ペンシルロケット,タイニーランス,がいこつ
q0032,ns,一般的なポケットビリヤードの6番の的球と、日本の中央競馬における6枠の騎手がかぶる帽子に共通する色は何でしょう？,緑,,ぼっこみ
q0033,漫画・アニメ・ゲーム,日本将棋連盟に所属する将棋棋士で、慎(まこと)、大地、勇気に共通する名字は何でしょう？,佐々木,,ぼっこみ
q0034,生活,独自の調査や取材を行わず、SNSなどの情報を元に書かれた記事のことを、ある暖房器具から「何記事」というでしょう？,コタツ記事,,がいこつ
q0035,日本史,「元始、女性は実に太陽であった」から始まる平塚らいてうの声明文が掲載された、明治期に発行された月刊婦人誌はなんでしょう？,『青鞜（せいとう）』,,がいこつ
q0036,地理,虹が多く現れるため「レインボーステート」の別名がある、マウイ島やカウアイ島などから構成されるアメリカの州はどこでしょう？,ハワイ州,,でざいん
q0037,日本史,明治天皇や織田信長など時の権力者によって切り取られた跡が複数残る、天下第一の名香として正倉院に保管されている香木は何でしょう？,蘭奢待（らんじゃたい）,,でざいん
q0038,芸術,エドゥアール・マネからは「画家の中の画家」と評された、代表作に『ブレダの開城』や『ラス・メニーナス』があるスペインの画家は誰でしょう？,ディエゴ・ベラスケス,,レモネード
q0039,ns,「私は私とはぐれるわけにはいかないから」という歌い出しの、ポルノグラフィティの楽曲は何でしょう？,『サウダージ』,,暁音
q0040,理系,ずばり、ブラックライトが出す光は赤外線、紫外線のどちらでしょう？,紫外線,,ライム
q0041,地理,平均標高の高さと広大な範囲から「世界の屋根」と呼ばれる、中央アジア南東部に位置する地域を「何高原」というでしょう？,パミール高原,葱嶺(そうれい)(中国語名),がいこつ
q0042,理系,本のように薄いことから「ページ」を意味する漢字が使われる、細かい粒子が堆積してできた泥岩の一種は何でしょう？,頁岩（けつがん）,△: 泥板岩、シェール,がいこつ
q0043,芸能,歴代メンバーに小関裕太、大沢あかね、ウエンツ瑛士などがいる、NHKの番組『天才てれびくん』シリーズに出演する子役の通称は何でしょう？,てれび戦士,,ぼっこみ
q0044,文学,最期は遊女のお初とともに天神の森で心中する、人形浄瑠璃の演目『曽根崎心中』に登場する醤油問屋の青年は誰でしょう？,徳兵衛（とくべえ）,,がいこつ
q0045,漫画・アニメ・ゲーム,『ゲームセンターCX』では「発売から20年以上経過したハードのゲーム」と定義している、一般的には「古いゲーム」を指す言葉は何でしょう？,レトロゲーム,レトロゲー,ぼっこみ
q0046,文学,徳田秋声や泉鏡花といった作家を門下生に持った、代表作に『多情多恨』や『金色夜叉』がある小説家は誰でしょう？,尾崎紅葉（おざき・こうよう）,本名: 徳太郎,がいこつ
q0047,漫画・アニメ・ゲーム,「青山剛昌ふるさと館」や「水木しげるロード」といった観光スポットがある都道府県はどこでしょう？,鳥取県,,でざいん
q0048,文学,｢完璧な文章などといったものは存在しない｣という書き出しの、村上春樹のデビュー小説は何でしょう？,風の歌を聴け,,ローナ
q0049,スポーツ,「飛行機雲」という意味の名前がつけられた、父のディープインパクトと同じく無敗のクラシック三冠を達成した日本の競走馬は何でしょう？,コントレイル,空の彼方に最後の軌跡,すずかぜ
q0050,生活,「戦後から続く昭和レトロな名店街」を標榜する、新宿駅西口に位置する、約80店鋪からなる飲み屋街を何というでしょう？,新宿西口 思い出横丁,思い出横丁,ワカメ
q0051,ns,『ビリー・ザ・キッド、真実の生涯』を出版した人物で、当のビリー・ザ・キッドを射殺したアメリカ西部開拓時代の保安官は誰でしょう？,パット・ギャレット,,ワカメ
q0052,理系,ヨーロッパでは「エルク」、アメリカでは「ムース」と呼ばれる、世界最大のシカといえば何でしょう？,ヘラジカ,,レモネード
q0053,地理,2014年に1000件目の世界遺産に登録された、ボツワナ北部にある世界最大の内陸デルタを何というでしょう？,オカバンゴ・デルタ,オカバンゴ湿地、オカバンゴ湿原、オカバンゴ大沼沢地,περίμετρος
q0054,言葉,中国南北の風土の違いからくる交通手段の差異に由来する、絶えず旅をすることを意味する四字熟語は何でしょう？,南船北馬,,レモネード
q0055,理系,アンドリュー・ワイルズは45歳の時に特別賞を受賞している、40歳未満の数学者に与えられる数学の賞は何でしょう？,フィールズ賞,,暁音
q0056,漫画・アニメ・ゲーム,ゲーム『スプラトゥーン』シリーズで、「フィンセント」「パブロ」「ホクサイ」といえば、どのような種類のブキの名前でしょう？,フデ,,ライム
q0057,文学,娘のナオミも作家として活動する、代表作に『遠い山なみの光』や『私を離さないで』がある小説家は誰でしょう？,カズオ・イシグロ,,がいこつ
q0058,芸能,初の単独ライブに由来する「メガネびいき」と題した冠ラジオ番組を持つ、プロダクション人力舎所属のお笑いコンビは何でしょう？,おぎやはぎ,,がいこつ
q0059,漫画・アニメ・ゲーム,ネット高校のLove学院高等学校で活動するスクールアイドルの活躍を描く、ラブライブ！』シリーズのタイトルは何でしょう？,『イキヅライブ！LOVELIVE! BLUEBIRD』,『イキヅライブ！』のみ,ぼっこみ
q0060,漫画・アニメ・ゲーム,『双亡亭（そうぼうてい）壊すべし』『からくりサーカス』『うしおととら』といった代表作がある漫画家は誰でしょう？,藤田和日郎（ふじた・かずひろ）,,がいこつ
q0061,文学,ある朝目が覚めると巨大な毒虫になっていたグレゴール・ザムザを主人公とする、フランツ・カフカの小説は何でしょう？,『変身』,原題　Die Verwandlung,がいこつ
q0062,漫画・アニメ・ゲーム,1974年の『ドラえもん』第1巻より刊行された、ある昆虫の名前が付いた小学館の漫画レーベルは何でしょう？,てんとう虫コミックス,,でざいん
q0063,漫画・アニメ・ゲーム,漫画作品の『その着せ替え人形（ビスクドール）は恋をする』と『2.5次元の誘惑（リリサ）』で共に題材としている、アニメなどのキャラクターに扮する行為を一般に何というでしょう？,コスプレ,コスチューム・プレイ,ローナ
q0064,理系,ダーツの矢のバレルや電球のフィラメントなどに使用される、原子番号74、元素記号Wの元素は何でしょう？,タングステン,,すずかぜ
q0065,芸能,本名を中川慶子という、手塚治虫の漫画『リボンの騎士』の主人公のモデルである昭和を代表する女優は誰でしょう？,淡島千景（あわしま・ちかげ）,,ユグドラシル
q0066,理系,長周期彗星のふるさとと考えられている、太陽系の最果てにある氷の天体群で構成される広大な領域を、提唱したオランダの天文学者の名から何というでしょう？,オールトの雲,,くまねこ
q0067,生活,伊勢神宮では20年に一度行われている、神社の本殿を一定期間ごとに別の場所に移動させる行事を何というでしょう？,式年遷宮,△遷宮,くまねこ
q0068,生活,NHKの番組ピタゴラスイッチの「ピタゴラ装置」に代表される、「小さな結果を得るために無駄な動作を行う装置」のことを何というでしょう？,ルーブ・ゴールドバーグ・マシン,,くまねこ
q0069,芸術,故郷の佐賀県にある武雄温泉新館や、東京駅丸の内駅舎、日本銀行本店本館などを設計した、明治・大正時代に活躍した日本の建築家は誰でしょう？,辰野金吾（たつの・きんご）,,すずかぜ
q0070,生活,ポーランドのポルモス・ワルシャワ社などによって製造されている、アルコール度数が96度と世界一高いウォッカの一種は何でしょう？,スピリタス,,すずかぜ
q0071,生活,列車や飛行機などの通路側の座席のことを、窓側の「ウィンドウシート」に対して「何シート」というでしょう？,アイルシート,,すずかぜ
q0072,芸術,音楽ストリーミング再生回数で歴代日本1位を記録している、星野舞夜（ほしのまよ）の『タナトスの誘惑』を原作とする「YOASOBI」のデビュー曲は何でしょう？,『夜に駆ける』,,すずかぜ
q0073,理系,同じ種の変温動物では、温暖な地域に生息する個体ほど大型になるという法則を何の法則というでしょう？,逆ベルクマンの法則,,すずかぜ
q0074,スポーツ,1937年に赤道上の世界一周旅行中に消息を絶った、女性として初めての大西洋単独横断飛行に成功した飛行士は誰でしょう？,アメリア・イアハート,,がいこつ
q0075,芸術,西洋美術において、ペテロの鍵やゼウスの雷光のように伝説上の人物を象徴づけるために描き添えられるシンボルを何というでしょう？,アトリビュート,持物,がいこつ
q0076,スポーツ,前を走るマシンの真後ろに発生する空気抵抗の少ないエリアを利用してオーバーテイクする、モータースポーツのテクニックを何というでしょう？,スリップストリーム,トー、トーイング,がいこつ
q0077,世界史,1521年に占領されるまでテスココ湖の西岸にかつて存在した、古代アステカ王国の首都は何でしょう？,テノチティトラン,,がいこつ
q0078,文学,空中ブランコの揺れる動きを「ゆあーんゆよーんゆやゆよん」と表現した擬態語が印象的な、中原中也の詩は何でしょう？,『サーカス』,,がいこつ
q0079,生活,創業者の名前、育った農場、出身地の頭文字をとって名付けられた、スウェーデン発祥の家具量販店は何でしょう？,IKEA（イケア）,,すずかぜ
q0080,言葉,主に古今和歌集以降の勅撰集で見られる、女性的で、優美・繊細な歌風のことを、「丈夫（ますらお）振り」に対して何というでしょう。,手弱女振り（たおやめぶり）,,yewalt
q0081,地理,一人っ子政策が行われていた中国で、政策に反して生まれたために出生を届けられず戸籍を持つことができない子供のことを何というでしょう。,黒孩子(ヘイハイズ),,yewalt
q0082,理系,2027と2029、2081と2083、3と5などのように、差が2である2つの素数の組のことを何というでしょう。,双子素数,,yewalt
q0083,言葉,相手を威圧し侮るような態度で接することを、剣道の構えに例えて「何に構える」というでしょう？,大上段に構える,,サーモンファイタールイベ
q0084,地理,大正時代から昭和初期にかけて「北のウォール街」と呼ばれた北海道の都市はどこでしょう？,小樽市,,サーモンファイタールイベ
q0085,芸能,ドラマ「愛していると言ってくれ」の主題歌である、DREAMS COME TRUE最大のヒット曲は何でしょう？,『LOVE LOVE LOVE』,ラブラブラブ,サーモンファイタールイベ
q0086,スポーツ,バスケットボールにおいて、オフェンス側の選手がディフェンスの体を無理に押したりぶつかったりする反則を何というでしょう？,チャージング,,プレストメロディ
q0087,公民,日本国憲法第39条に定められている、一度判決が確定した刑事事件については同じ罪で再び起訴することができない原則を何というでしょう？,一事不再理,,プレストメロディ
q0088,世界史,シュッピルリウマ1世の時代に最盛期を迎えた、紀元前16世紀ごろにアナトリア高原を中心にに建国された国は何でしょう？,ヒッタイト王国,ヒッタイト,プレストメロディ
q0089,言葉,全世代の社会福祉を充実させるという意味がある第二次大戦後のイギリスで提唱されたスローガンを、生と死を象徴する2つのものを使ってなんというでしょう？,ゆりかごから墓場まで,From the cradle to the grave,フルーウ
q0090,言葉,囲碁の対局のことを、ある2種類の鳥を用いて何というでしょう？,烏鷺之争（うろのあらそい）,烏鷺の争い,フルーウ
q0091,芸能,東大大学院では核融合の研究に力を入れている、「大悟に抱かれたい女は万里の長城より長げぇよ」のツッコミも有名な中国出身のお笑い芸人は誰でしょう？,いぜん,李怡然(り・いぜん/リー・イーラン),フルーウ
q0092,スポーツ,フレッシュグリーンのタスキを使用する、箱根駅伝の強豪校はどこでしょう？,青山学院大学,x大東文化大学はライトグリーン,サーモンファイタールイベ
q0093,生活,1990年代にレンタルビデオ界を席巻した、劇場公開を前提としないビデオ専用の映画のことを、アルファベット1文字で「何シネマ」というでしょう？,Vシネマ,,プレストメロディ
q0094,芸能,主にK-POPグループが新曲などの準備期間を経て活動を再開することを、「戻って来る」という意味の言葉でなんと言うでしょう？,カムバ,カムバック/コンベック,しろぉぉぉーーー！
q0095,芸術,音楽の楽譜で全休符が接しているのは五線のうち第何線でしょう？,第４線,,しろぉぉぉーーー！
q0096,芸能,カート・ヴォネガットの小説から名付けられた、春とヒコーキ、ウエストランド、爆笑問題らが所属する芸能事務所は何でしょう？,タイタン,,しろぉぉぉーーー！
q0097,芸能,高校生のときに地元・鳥取で女優の奈美悦子にスカウトされた、主な主演ドラマに「西園寺さんは家事をしない」「わたしの宝物」がある女優は誰でしょう？,松本若菜（まつもとわかな）,,サーモンファイタールイベ
q0098,スポーツ,日本公式ルールでは1名以上11名以下の中で人数を決めることができる、ドッジボールで試合開始時から外野にいる選手のことを何というでしょう？,元外野,,しろぉぉぉーーー！
q0099,芸能,メガネにスーツ姿で活動することが多い、代表曲に「社会人」「謝罪会見」などがある、栃木県出身のラッパーは誰でしょう？,DOTAMA（ドタマ）,,シオン
q0100,生活,フレーク法、タブリール法、水冷法などの方法がある、チョコレートを溶かして固める時に温度を調整することを何というでしょう？,テンパリング,焼き戻し,シオン
q0101,理系,一対のみの葉を伸ばし続ける特異な形態を持つ、ナミブ砂漠に分布する、和名を「奇想天外」という裸子植物は何でしょう？,ウェルウィッチア,,シオン
q0102,生活,キツネが地球を抱きしめているロゴマークを持つ、Mozilla社が展開するウェブブラウザは何でしょう？,Firefox(ファイアフォックス),FireFoxは本当はレッサーパンダのことだが、ロゴはキツネ,すずかぜ
q0103,理系,脳幹が機能していない点で植物状態と区別され、日本では臓器提供が可能となる、脳全体の機能が永続的に失われることを何というでしょう？,脳死,,しろぉぉぉーーー！
q0104,生活,栄養価が高いことからヨーロッパでは「畑のミルク」とも呼ばれた、『デラウェア』や『巨峰』といった品種がある果物は何でしょう？,ぶどう,葡萄,半直線
q0105,言葉,安定感があり隙のない戦い方のことを、相撲の最高番付を使って何というでしょう？,横綱相撲,,半直線
q0106,生活,大学教授の上野英三郎(うえの・ひでさぶろう)に飼われていた、渋谷駅前の銅像で知られる秋田犬は何でしょう？,ハチ公,,半直線
q0107,公民,フランスやロシアなどで導入されている、議院内閣制の枠組みをとりながら元首として大統領を有する政治体制のことを何というでしょう？,半大統領制,,ウマ男の娘
q0108,地理,スペインにあるものはムラセン山を、アメリカにあるものはホイットニー山を最高峰とするものに共通した名前がつけられている山脈は何でしょう？,シエラネバダ山脈,,ウマ男の娘
q0109,公民,日本国憲法第３１条と第３９条で保障されている、どのような行為が犯罪として処罰されるか、どのような刑罰が科されるかについて、あらかじめ法律で規定しなければならないという原則を何というでしょう？,罪刑法定主義,,ウマ男の娘
q0110,文学,『浅茅が宿』や『青頭巾』など９編が収められている、江戸時代中期に上田秋成（うえだ・あきなり）が書き上げた怪談小説集は何でしょう？,『雨月物語』,,ウマ男の娘
q0111,文学,理由が分からないまま裁判を起こされた銀行員・ヨーゼフ・Ｋを通じて不条理を描いた、カフカの死後発行された小説は何でしょう？,『審判』,,ウマ男の娘
q0112,日本史,律令制の整備などを行った唐の皇帝・太宗（たいそう）の治世を、当時使われていた元号から「何の治」というでしょう？,貞観の治（じょうがんのち）,,ウマ男の娘
q0113,日本史,和田義盛（わだ・よしもり）が初代別当を務めた、鎌倉幕府・室町幕府で御家人の統率や警察・軍事を扱った機関を何というでしょう？,侍所（さむらいどころ）,,ウマ男の娘
q0114,世界史,１９世紀初頭にスペインの植民地支配からの解放を目指し、南米の多くの国々の独立運動を指導した、ベネズエラの正式名称に名を冠する人物は誰でしょう？,シモン・ボリバル,,ウマ男の娘
q0115,日本史,大坂の二十四組問屋（にじゅうしくみどいや）や江戸の十組問屋（とくみどいや）などに代表される、幕府や藩に認められた商工業者の同業組合を何というでしょう？,株仲間,,ウマ男の娘
q0116,生活,「洗濯指数」の考案者である、株式会社ウェザーマップの会長を務める気象予報士は誰でしょう？,森田正光（もりた・まさみつ）,,ウマ男の娘
q0117,公民,アルファベット３文字で「CPI」と略される、毎月総務省が発表する、消費者が購入する商品やサービスの値動きを示す指数をなんというでしょう？,消費者物価指数,,ウマ男の娘
q0118,スポーツ,日本初の公式コースは徳島県吉野川市に設置された、2028年開催予定のロス五輪から実施予定の近代五種の１つを構成する競技は何でしょう？,オブスタクル,オブスタクルスポーツ,ウマ男の娘
q0119,スポーツ,FRUITS ZIPPERの鎮西寿々歌（ちんぜい・すずか）の名前の由来にもなった、主な勝ち鞍に１９９８年の宝塚記念や毎日王冠がある競走馬は何でしょう？,サイレンススズカ,,ウマ男の娘
q0120,生活,あたま、フラッグ、シッポスイッチの３つの部分から構成されている、芸術ユニットの明和電機が開発したオタマジャクシ型の電子楽器は何でしょう？,オタマトーン,,あろい
q0121,生活,1954年の創業以来パティの直火焼きにこだわっている、巨大バーガーのワッパーが看板メニューとなっているハンバーガーチェーンは何でしょう？,バーガーキング,,あろい
q0122,生活,フジドリームエアラインズの機内サービスでも提供されている、バター風味の生地でミルク餡を包んだ、シャトレーゼの人気焼き菓子は何でしょう？,梨恵夢（りえむ）,,あろい
q0123,生活,コラトゥーラやしょっつるのように、魚介類を塩漬けにして作る調味料を総称して何というでしょう？,魚醤（ぎょしょう）,,あろい
q0124,言葉,サンシャイン池崎の自己紹介ギャグにも登場する、未だかつてなく今後もありえない事を言った四字熟語は何でしょう？,空前絶後,,あろい
q0125,日本史,全国の八幡宮や八幡神社で神の使いとされ、鶴岡八幡宮付近にある豊島屋の「サブレー」からも連想される動物は何でしょう？,鳩,,あろい
q0126,言葉,漢字では「只の管」や「一つに向かう」と書く、一つのことだけに専心する様を表す言葉はなんでしょう？,ひたすら,xひたむき（直向き）,Anemos
q0127,生活,「純潔」や「優れた美人」といった花言葉がある、エドヒガンとオオシマザクラの交雑種であるサクラはなんでしょう？,ソメイヨシノ,,Anemos
q0128,言葉,一般に「オールで飲む」などと言った時のオールとは何という言葉の略でしょう？,オールナイト,,Anemos
q0129,理系,イギリスでは「屠殺人（とさつじん）の鳥」、ドイツでは「絞め殺す天使」と呼ばれることもある、捕まえた獲物を木の枝やとげなどに突き刺す「速贄（はやにえ）」の習性を持つ鳥は何でしょう？,モズ,,ウマ男の娘
q0130,理系,21世紀初頭に東アジアを中心に世界各国に広がった「重症急性呼吸器症候群」を、アルファベット４文字の略称で何というでしょう？,SARS（サーズ）,,ウマ男の娘
q0131,理系,およそ５７．３度を１とする、円の半径に等しい長さの弧の中心に対する角度を表す無次元の単位は何でしょう？,ラジアン,,ウマ男の娘
q0132,理系,マンチェスターのサックビル・ガーデンズには銅像が設置されている、２０２１年発行の５０ポンド紙幣の裏面に肖像が描かれているイギリスの計算機科学者は誰でしょう？,アラン・チューリング,,ウマ男の娘
q0133,言葉,元々は「吹き消すこと」や「消えた状態」を意味していた、サンスクリット語では「ニルヴァーナ」という仏教用語は何でしょう？,涅槃（ねはん）,,ウマ男の娘
q0134,地理,和歌山県、奈良県、三重県の３県にまたがる、日本最大の面積を誇る半島は何でしょう？,紀伊半島（きいはんとう）,,ウマ男の娘
q0135,地理,日本統治時代には豊原市という名称で樺太庁が置かれていた、現在のロシア・サハリン州の州都はどこでしょう？,ユジノサハリンスク,,ぶりたにあくろす
q0136,理系,「ピックの公式」を使って多角形の面積を求めるときに数える、 グラフ上のx座標とy座標がともに整数である点のことを何というでしょう？,格子点（こうしてん）,,ぶりたにあくろす
q0137,生活,沖縄の伝承で、海の彼方にあり死者の魂が行き来できるとされている理想郷のことを何というでしょう？,ニライカナイ,,ぶりたにあくろす
q0138,地理,世界最大のスーパーマーケット企業ウォルマートの本社がある、州都をリトルロックに置くアメリカの州はどこでしょう？,アーカンソー州,xベントンビル（本社のある都市）,ぶりたにあくろす
q0139,生活,パピヨン、ウルトラパラダイス、パイプラインパンチなどのフレーバーがある、三本の爪痕のラベルでお馴染みのエナジードリンクは何でしょう？,モンスターエナジー,o:「モンスター」が出れば,ぶりたにあくろす
q0140,文学,頭の前後に反対向きの顔を持つ、ローマ神話における物事の始まりの神は何でしょう？,ヤヌス,ヤーヌス,ぶりたにあくろす
q0141,公民,過去に褒章を受章している人が同じ褒章を授与したとき、その褒章と引き換えに授与される金属製の細長い飾り板を何というでしょう？,飾版(しょくはん),,白河ことり
q0142,漫画・アニメ・ゲーム,画面奥から飛んでくるキューブを、音楽に合わせて2本の剣で切っていく、Beat Gamesが開発したVRリズムゲームは何でしょう？,『Beat Saber』（ビートセイバー）,『Beat Saber』（ビートセイバー）,匿名
q0143,公民,内定辞退を減らすために行う企業が増えている、内定者の親に対して、内定に同意するか確認する行為を一般に何というでしょう？,オヤカク,オヤカク,匿名
q0144,世界史,ナントの勅令によって終結に向かった、16世紀後半にフランス国内でカトリックとプロテスタントが争った宗教戦争は何でしょう？,ユグノー戦争,ユグノー戦争,匿名
q0145,スポーツ,1着・2着の馬の組み合わせを順番に関係なく予想する、競馬における馬券の種類は何でしょう？,馬連（うまれん）,馬連（うまれん）,匿名
q0146,芸術,コンクリートの打ちっぱなしを取り入れた作風が特徴の、代表作に『住吉の長屋』や『光の教会』がある建築家は誰でしょう？,安藤忠雄（あんどう・ただお）,安藤忠雄（あんどう・ただお）,匿名
q0147,言葉,知的財産を意味する「IP」とは、なんという英語の略でしょう？,intellectual property,インテレクチュアル　プロパティ,うみたき
q0148,芸能,劇中で『ネバーイナフ』や『This is me』といった楽曲が歌われる、ヒュー・ジャックマン主演のミュージカル映画は何でしょう？,グレイテストショーマン(The Gratest Showman),,うみたき
q0149,スポーツ,アメリカのバスケットボールリーグNBAで、１クオーターは何分間で行われているでしょう？,12分,,うみたき
q0150,理系,ニンニク、パセリ、トマト、ウシなどの種類がいる、両生類は何でしょう？,カエル（蛙）,,scaffale_fonico
q0151,芸術,百円札を燃やして「どうだ明（あかる）くなったろう」と言う成金の男を描いた、和田邦坊（わだ・くにぼう）による風刺画のタイトルは何でしょう？,『成金栄華時代（なりきんえいがじだい）』,,scaffale_fonico
q0152,世界史,中国語では「成績の最もよい者」という意味でも使われる、中国の科挙の最終試験に首席で合格した人のことを何というでしょう？,状元（じょうげん）,,scaffale_fonico
q0153,漫画・アニメ・ゲーム,集英社発行の『別冊マーガレット』に連載され、講談社漫画賞と小学館漫画賞をダブル受賞した、河原和音（かわはら・かずね）とアルコによる少女漫画は何でしょう？,『俺物語（おれものがたり）!!』,,scaffale_fonico
q0154,芸術,指揮者が演奏中に聴衆に頭を向けて床に倒れるという指示がある、マウリシオ・カーゲル作曲の管弦楽曲のタイトルは何でしょう？,『フィナーレ』,,scaffale_fonico
q0155,文学,与謝野晶子（よさの・あきこ）、谷崎潤一郎（たにざき・じゅんいちろう）、角田光代（かくた・みつよ）による現代語訳も知られている、平安時代に紫式部（むらさき・しきぶ）によって書かれた物語は何でしょう？,『源氏物語（げんじものがたり）』,,scaffale_fonico
q0156,世界史,718年のアストゥリアス王ペラヨの即位から始まった、イベリア半島における「国土回復運動」を何というでしょう？,レコンキスタ,,ワカメ
q0157,芸術,東（ひがし）くめ作詞、滝廉太郎（たき・れんたろう）作曲の『お正月』において、「ついて遊びましょう」と歌われている2つのものとは、まりと何でしょう？,おいばね,追い羽根,scaffale_fonico
q0158,日本史,1415年に日隆（にちりゅう）によって建立された、法華宗本門流（ほっけしゅうほんもんりゅう）の大本山として知られる寺は何でしょう？,本能寺（ほんのうじ）,,scaffale_fonico
q0159,芸術,1984年に「頭痛肩こり樋口一葉」で旗揚げ公演を行った、井上ひさしの戯曲のみを上演する劇団は何でしょう？,こまつ座,,うみたき
q0160,世界史,モンゴル帝国で整備された、一定の区間ごとに宿駅（しゅくえき）を設けた駅伝制度のことを何というでしょう？,ジャムチ,,ワカメ
q0161,文学,中学一年生の日向美羽とヴァンパイア三兄弟の恋愛ストーリーを書いた、麻井深雪の児童文学は何でしょう？,『霧島くんは普通じゃない』,,恋婚ゆうき
q0162,漫画・アニメ・ゲーム,シェルダーがかみつく場所により進化先が変わる、分類が「まぬけポケモン」のポケモンは何でしょう？,ヤドン,,恋婚ゆうき
q0163,日本史,将軍徳川家斉（とくがわ・いえなり）に罷免され失脚した、寛政の改革を行った人物は誰でしょう？,松平定信（まつだいら・さだのぶ）,,恋婚ゆうき
q0164,日本史,平安時代に後一条天皇の摂政や後朱雀天皇と後冷泉天皇の関白を務めた、平等院鳳凰堂を建てた人物は誰でしょう？,藤原頼通（ふじわらの・よりみち）,,恋婚ゆうき
q0165,日本史,鎌倉時代に肥後国海東郷の地頭を務めた、元寇の際の自身の活躍を描いた『蒙古襲来絵詞』をつくらせた人物は誰でしょう？,竹崎季長（たけざき・すえなが）,,恋婚ゆうき
q0166,地理,国際連合加盟国の首都の中で緯度が最も高い、アイスランドの首都はどこでしょう？,レイキャビク,,恋婚ゆうき
q0167,日本史,北条政子、淀殿と共に日本三大悪女にも数えられる、室町幕府第八代将軍の妻は誰でしょう？,日野富子（ひの・とみこ）,,恋婚ゆうき
q0168,日本史,日本では北海道の十勝や長野の和田峠が産地として知られる、縄文時代に打製石器の素材として用いられた火山岩の一種は何でしょう？,黒曜石,,L@
q0169,生活,100分の1インチを1とする、パソコンのマウスの移動距離を表す単位は何でしょう？,ミッキー,,匿名
q0170,芸術,「芸術は爆発だ」という名言や、1970年の大阪万博のシンボルとして制作された『太陽の塔』で知られる芸術家は誰でしょう？,岡本太郎（おかもと・たろう）,,匿名
q0171,生活,お菓子作りを行うパティシエの中でも、砂糖の加工技術に長け、キャラメルやキャンディなどの糖菓子を専門とする職人を何というでしょう？,コンフィズール,,匿名
q0172,芸術,絵の具を付けたブラシを金網でこするなどして、画用紙に霧状の模様を飛ばす絵画技法は何でしょう？,スパッタリング,,匿名
q0173,生活,「健康にアイデアを」をグループスローガンに掲げる、「ブルガリアヨーグルト」や「スーパーカップ」などを販売する食品メーカーはどこでしょう？,meiji,明治ホールディングス,匿名
q0174,漫画・アニメ・ゲーム,出版事業では『月刊少年ガンガン』を、ゲーム事業では『ドラゴンクエスト』シリーズなどを手掛けるエンターテインメント企業はなんでしょう？,スクウェア・エニックス,,匿名
q0175,言葉,「傘」という漢字の略字が「八十」と読めることに由来する、数え年で80歳のお祝いを何というでしょう？,傘寿（さんじゅ）,,竊鈇之疑
q0176,生活,元々は仏教用語で「お釈迦様の遺骨」を意味する、お寿司の「酢飯」を指す言葉は何でしょう？,シャリ,,匿名
q0177,芸能,「二酸化炭素をはきだして あの子が呼吸をしているよ」と歌い出す、たまの代表曲は何でしょう？,さよなら人類,,いしはた
q0178,漫画・アニメ・ゲーム,建設会社社長のスーさんと万年ヒラ社員のハマちゃんの珍騒動を描いた、やまさき十三(じゅうぞう)の漫画は何でしょう？,『釣りバカ日誌』,,リコピーツ
q0179,日本史,徳川慶喜に漢字の廃止を、大久保利通に江戸への遷都を、明治新政府に郵便制度の創設を提案した、「日本近代郵便の父」と呼ばれる人物は誰でしょう？,前島密（まえじま・ひそか）,,いしはた
q0180,生活,東西両方の奨励会員が混ざり半年間を戦い抜く、プロの将棋棋士になるための最終関門となるリーグは何でしょう？,三段リーグ,,リコピーツ
q0181,芸術,ウィリアム・モリスによって推進された、機械の登場で衰退しつつあった手工業の復興や装飾芸術の地位向上を掲げたデザイン運動は何でしょう？,アーツ＆クラフツ運動,アーツ＆クラフツ,リコピーツ
q0182,世界史,栄光学園、六甲学院、上智大学などの教育機関を運営している、1543年にイグナチオ・デ・ロヨラらによって作られたカトリックの修道会は何でしょう？,イエズス会,,いしはた
q0183,生活,ネット普及以前から存在し、現在も新聞やテレビなどで情報発信を行う報道機関を、新しいメディアと対比させて何というでしょう？,オールドメディア,レガシーメディア、旧メディア,リコピーツ
q0184,文学,『科学』『思想』『図書』『世界』などの雑誌を刊行している、『種まく人』のマークでおなじみの出版社は何でしょう？,岩波書店,,いしはた
q0185,漫画・アニメ・ゲーム,タキシードサムやポチャッコなど、6匹の男の子キャラクターで構成される、サンリオのユニットは何でしょう？,はぴだんぶい,,リコピーツ
q0186,公民,アメリカの大統領が議会に対して提出する、政策の意見書を何というでしょう？,教書,,匿名
q0187,芸能,コンポーザーのn-buna（ナブナ）とボーカルのsuis（スイ）からなる、代表曲に『ただ君に晴れ』や『だから僕は音楽を辞めた』があるバンドは何でしょう？,ヨルシカ,,匿名
q0188,理系,動画生成AIのSora（ソラ）や対話型AIのChatGPTを開発した、アメリカのIT企業は何でしょう？,OpenAI（オープン・エーアイ）,,匿名
q0189,言葉,元々はドイツの宰相ビスマルクの政策を評した言葉である、甘やかすことと厳しくすることを使い分けることを例えた言葉はなんでしょう？,飴と鞭,,匿名
q0190,芸能,日本映画ではこれまでに『万引き家族』など5作品が受賞している、カンヌ国際映画祭の最高賞は何でしょう？,パルムドール,,匿名
q0191,理系,飛んでいる気体分子の速度を見極め、箱の内部で温度差を生み出す、熱力学第二法則に反するとされた思考実験を「何の悪魔」というでしょう？,マクスウェル(の悪魔),,ケーキ
q0192,芸術,主な所蔵作品にアンリ・ルソーの『夢』やゴッホの『星月夜』などがある、MoMAと呼ばれるアメリカの美術館は何でしょう？,ニューヨーク近代美術館,,匿名
q0193,理系,冷たい水を入れたコップの表面や冬の窓ガラスに見られる、空気中の水蒸気が冷やされ水滴となって現れる現象は何でしょう？,結露,,ケーキ
q0194,理系,電磁気学で仮定される、電気を帯びているが大きさを持たない点のことを何というでしょう？,点電荷,,ケーキ
q0195,理系,示したい命題の否定が成り立つと仮定して議論し、矛盾を発生させることで元の命題が正しいことを示す、数学の証明法は何でしょう？,背理法,,ケーキ
q0196,理系,DNA変異は生物に有利不利を与えないという「分子進化の中立説」を唱え、日本人として初めてダーウィンメダルを受賞した人物は誰でしょう？,木村資生（きむら・もとお）,,ケーキ
q0197,理系,化学反応において、反応の途中で一時的に生成される物質のことを何というでしょう？,中間体,反応中間体　インターミディエイト,ケーキ
q0198,理系,小学一年生の算数教育で登場する、繰り上がりのある足し算をする際に10のまとまりを作る計算方法を、ある果物の名前を使って「何計算」というでしょう？,さくらんぼ計算,,ケーキ
q0199,理系,大きな数に対しては膨大な時間を要するためRSA暗号に応用されている、与えられた自然数を素数の積で表す操作は何でしょう？,素因数分解,,ケーキ
q0200,芸術,ウィリアム・モリスが主導した、産業革命以降の商業主義を批判し、職人の手仕事による生活と芸術の一体化を目指した美術工芸運動はなんでしょう？,アーツアンドクラフツ運動,アーツアンドクラフト,匿名
q0201,芸能,1980年代初期の漫才ブームを牽引した1組でもある、ビートきよしとビートたけしの2人からなる漫才コンビは何でしょう？,ツービート,,あのそよ
q0202,公民,地方自治法において、地方議会の解散や首長の解職請求に必要な署名の数は、有権者数の原則何分の一以上と規定されているでしょう？,3分の１,,あのそよ
q0203,公民,1936年に『雇用・利子および貨幣の一般理論』を発表し、不況時には政府が有効需要を創出するべきだと説いたイギリスの経済学者は誰でしょう？,ジョン・メイナード・ケインズ,,あのそよ
q0204,公民,所得税や相続税などで採用されている、課税対象額が大きくなるほどより高い税率が適用される仕組みを何というでしょう？,累進課税,,あのそよ
q0205,公民,OECDが3年ごとに実施している、15歳を対象とした「学習到達度調査」を、アルファベット4文字で何というでしょう？,PISA（ピサ）,,あのそよ
q0206,スポーツ,カーリングにおいて、一般的に有利とされているのは先攻・後攻のどちらでしょう？,後攻,,ほぼ赤ちゃん
q0207,生活,タクシー業界の用語で、思いもよらぬタイミングで現れた遠距離利用客のことを、滅多に出ないということから何というでしょう？,お化け,,ほぼ赤ちゃん
q0208,芸術,印象派を代表するフランスの画家で、代表作に『睡蓮』や『印象・日の出』があるのは誰でしょう？,クロード・モネ,,ほぼ赤ちゃん
q0209,公民,選挙において、候補者の関係者が選挙違反で有罪となった場合、候補者自身に当選無効などの制裁を行う制度をなんというでしょう？,連座制,,ほぼ赤ちゃん
q0210,スポーツ,ダブルスではイン、シングルスではアウトになる、テニスコートの端にある縦長のエリアを何というでしょう？,アレー,,ほぼ赤ちゃん
q0211,芸能,ロックフェス「閃光ライオット」の初代グランプリに輝いた、『サークルゲーム』や『青い栞』などの代表曲があるロックバンドは何でしょう？,Galileo Galilei（ガリレオ・ガリレイ）,,袖ビーム
q0212,地理,北は瀬戸内海、南は宇和海に面している、四国から西に向かって細長く伸びる愛媛県の半島は何でしょう？,佐田岬半島（さたみさきはんとう）,,袖ビーム
q0213,文学,ネット上では白い仮面と黒い全身タイツの姿で活動している、映画化もされた小説『変な家』の執筆で知られるウェブライターは誰でしょう？,雨穴（うけつ）,,袖ビーム
q0214,芸能,俳優としても連続ドラマ『奇跡の人』の主演などを務めている、ロックバンド・銀杏BOYZのボーカルは誰でしょう？,峯田和伸（みねた・かずのぶ）,,袖ビーム
q0215,芸術,『Alice in 冷凍庫』『DAYBREAK FRONTLINE』『アスノヨゾラ哨戒班』などの楽曲で知られるボカロPは誰でしょう？,Orangestar（オレンジスター）,,袖ビーム
q0216,芸術,階段に腰掛けるディオゲネスや議論を交わすプラトンなど多くの学者が描かれている、イタリアの画家ラファエロの絵画は何でしょう？,『アテナイの学堂』,,袖ビーム
q0217,漫画・アニメ・ゲーム,内気な性格の主人公・石森羽花(いしもり・うか)と、派手な髪の毛が特徴の三浦界(みうら・かい)との青春ラブストーリーである、村田真優の漫画は何でしょう？,『ハニーレモンソーダ』,,白河ことり
q0218,芸術,フアン・カルロス1世の王妃にちなんで名付けられた、ピカソの絵画『ゲルニカ』が所蔵されているスペイン・マドリードにある美術館は何でしょう？,（国立）ソフィア王妃芸術センター,Museo Nacional Centro de Arte Reina Sofía、MNCARS,asasumi
q0219,スポーツ,アメリカの往年プロボクサーのジョー・ルイス、モハメド・アリ、マイク・タイソンに共通する、ボクシングでもっとも重い階級は何でしょう？,ヘビー級,,白河ことり
q0220,理系,P波とS波を区別した記録ができる地震計を開発した、震源距離を求める「大森公式」に名を残す日本の地震学者は誰でしょう？,大森房吉（おおもり・ふさきち）,,亜鉛
q0221,生活,けん玉の技の「ろうそく」と「灯台」が成功した時、いずれも球が接しているのは何皿でしょう？,中皿（ちゅうざら）,,亜鉛
q0222,理系,「好気呼吸」や「嫌気呼吸」というときの「気」が指す気体は何でしょう？,酸素,,亜鉛
q0223,ns,黄色い背景にゾウが映った表紙が印象的な、西きょうじが著した英文読解の参考書は何でしょう？,『ポレポレ 英文読解プロセス50』,ポレポレ(単にポレポレで〇の意),亜鉛
q0224,芸術,美術で、異なる方向の線を交差させることで明暗や立体感を表現する線画技法を何というでしょう？,クロスハッチング,,亜鉛
q0225,スポーツ,ダーツのゼロワンで、最後のフィニッシュを容易にするため、戦略的に点数調整をすることを何というでしょう？,アレンジ,,亜鉛
q0226,スポーツ,大規模マラソン大会でのスタート直後の渋滞を気にせず走ることができる、後半にかけて徐々にペースを上げていく走り方を何というでしょう？,ネガティブスプリット,,亜鉛
q0227,理系,自身の名を冠した「自らを語る」「未来を語る」「宇宙を語る」などの著書もベストセラーとなった、イギリスの物理学者は誰でしょう？,スティーブン・ホーキング,,亜鉛
q0228,芸能,スティーブン・キング原作の映画『ミザリー』や『スタンドバイミー』でメガホンをとった、アメリカの映画監督は誰でしょう？,ロブ・ライナー,ロバート・ライナー,STARBEAT
q0229,生活,「二十世紀最大の特色は、それが科学時代であるということです。」で始まる発刊のことばで知られる、講談社が1963年に創刊した新書レーベルは何でしょう？,ブルーバックス,講談社ブルーバックス,scaffale_fonico
q0230,地理,起点と終点には「日本で一番短い国道です」と書かれた標識が掲げられている、兵庫県神戸市にある全長187メートルの国道は何号線でしょう？,国道174号,,匿名
q0231,言葉,ひらがなの「ふ」を「fu」、「ち」を「chi」と表すようなローマ字表記の方法を、規則的な表記をする訓令式に対して何式というでしょう？,ヘボン式,,匿名
q0232,世界史,842年に西フランク王国のシャルル二世と東フランク王国のルードヴィヒ二世の兄弟間で結ばれた誓約を、行われたフランスの地名から何と呼ぶでしょう？,ストラスブールの誓い,ストラスブールの誓約、シュトラスブールの誓い、シュトラスブールの誓約、シュトラスブルクの誓い、シュトラスブルクの誓約,ワカメ
q0233,生活,税金や保険などの幅広い知識をもとに顧客のライフプランを設計する、「FP」と略されるお金の専門家を何というでしょう？,ファイナンシャルプランナー,,袖ビーム
q0234,芸術,パイプの絵の下に「これはパイプではない」という意味のフランス語が書き込まれた、ベルギーの画家ルネ・マグリットの油彩画は何でしょう？,『イメージの裏切り』,,袖ビーム
q0235,理系,動物が繁殖のために自分の巣を作ることを、「巣」という字を使った漢字2文字の言葉で何というでしょう？,営巣(えいそう),,白河ことり
q0236,芸術,代表曲に『熊蜂の飛行』『シェヘラザード』がある、作曲家集団「ロシア五人組」の一人は誰でしょう？,リムスキー＝コルサコフ,ニコライ・リムスキー＝コルサコフ,白河ことり
q0237,理系,ギリシア神話の風の神アイオロスに名前を由来する、風が強い時に電線などの細い物体に当たることで生ずる音を何というでしょう？,エオルス音,,白河ことり
q0238,ns,2本の同じ長さの棒の両端についた矢羽により、2本の棒が違う長さに見えてしまう錯視を、発表したドイツの学者の名前から何というでしょう？,ミュラー・リヤー錯視,,せぶち
q0239,理系,熱移動の三原則のうち、エアコンによる空気循環や沸騰した際の水の温まり方に見られるのは何でしょう？,対流,,Sテラ
q0240,ns,大きくジェイダイトとネフライトの2種類に分けられる、日本では新潟県の糸魚川市で多く産出される5月の誕生石は何でしょう？,翡翠（ヒスイ）,,Sテラ
q0241,文学,日本麻雀連盟の初代総裁を務めた、芥川賞や直木賞を創設した小説家は誰でしょう？,菊池寛（きくち・かん）,,Sテラ
q0242,芸能,「そのお金で美術館に行ってほしい」という思いからスーパーチャット機能を基本オフにして配信を行う、文化・芸能分野に造詣が深いVTuberは誰でしょう？,儒烏風亭らでん（じゅうふうてい・らでん）,,亜鉛
q0243,地理,旧称を「イギリス領ホンジュラス」という、首都をベルモパンに置くユカタン半島東岸に位置する国はどこでしょう？,ベリーズ,,匿名
q0244,地理,開いた本を模したものを地図記号としている、書籍や新聞など、資料の収集・保管・提供を行う施設は何でしょう？,図書館,,多田
q0245,生活,日本国土の約570分の1の敷地面積を持つ、クラーク博士が初代教頭を務めた日本の国立大学は何でしょう？,北海道大学,,半直線
q0246,スポーツ,ラシャを破る恐れがあるため一部店舗では禁止されている、キューを垂直に近い角度で立てて突くビリヤードのショットを何というでしょう？,マッセ,,がいこつ
q0247,スポーツ,ゴルフで、打ったボールがOBやロストボールになった可能性があるときに、探す前に打ち直しておく仮のボールを何というでしょう？,暫定球（ざんていきゅう）,,袖ビーム
q0248,日本史,池田屋事件や禁門の変などの危機をかいくぐったことから「逃げの小五郎」と呼ばれた、大久保利通（おおくぼ・としみち）、西郷隆盛（さいごう・たかもり）とともに維新三傑に数えられる人物は誰でしょう？,木戸孝允（きど・たかよし）,桂小五郎（かつら・こごろう）,
q0249,理系,「与えられた円と同じ面積をもつ正方形を、定規とコンパスによる有限回の操作で作図できるか」という、古くから伝わる数学上の問題は何でしょう？,円積問題,,袖ビーム
q0250,世界史,ハワイ王国の第7代国王カラカウアの命によって建造された、アメリカに現存する唯一の宮殿は何でしょう？,イオラニ宮殿,,白河ことり
q0251,公民,横山大観に絶賛された『洛外六代（らくがいろくだい）』や、『京の舞妓』や『炎舞（えんぶ）』などの代表作がある日本の画家は誰でしょう？,速水御舟（はやみ・ぎょしゅう）,,匿名
q0252,日本史,1940年、既成政党が解散して合流する形で結成された、近衛文麿（このえふみまろ）を総裁とする国民統合組織は何でしょう？,大政翼賛会（たいせいよくさんかい）,,ごじょーくん
q0253,生活,「ヘルス」や「メディア」の後について、ある分野に関する知識や能力を活用する力という意味で使われる言葉は何でしょう？,リテラシー,,匿名
q0254,文学,作家の石原燃（いしはら・ねん）を孫に持つ、『人間失格』や『走れメロス』などの代表作で知られる昭和の文豪は誰でしょう？,太宰治（だざい・おさむ）,,泰人
q0255,言葉,罪を悔いて許しを請うという意味の「ざんげ」を漢字で書いたとき、2つの文字に共通する部首は何でしょう？,りっしんべん,心部,泰人
q0256,地理,東京都にある26の市のうち、名前に漢字の「東」が入るのは、東大和市、東村山市、東久留米市とどこでしょう？,西東京市,,泰人
q0257,公民,日本語では「取引保全」とも訳される、商取引において中立的な第三者が介在し、代金と商品の安全な受け渡しを仲介するサービスを何というでしょう？,エスクローサービス,「エスクロー」のみ,泰人
q0258,芸能,元むすびズムの木村ミサがプロデュースを手がける、『倍々FIGHT!』などの楽曲で知られる7人組アイドルグループは何でしょう？,CANDY TUNE(キャンディーチューン）,,泰人
q0259,世界史,1095年にローマ教皇ウルバヌス2世が招集し、十字軍の派遣を提唱したこと宗教会議は何でしょう？,クレルモン公会議,クレルモン宗教会議,泰人
q0260,言葉,達磨大師が壁に向かって長期間座禅を続けたという故事に由来する、一つのことに忍耐強く専念することを意味する四字熟語は何でしょう？,面壁九年（めんぺきくねん）,九年面壁,泰人
q0261,生活,「枕」と呼ばれる台の上に置かれた「蝶」という的をめがけて扇を投げ、その落ち方で点数を競う遊びは何でしょう？,投扇興（とうせんきょう）,,盈
q0262,生活,出荷前の肉牛を狭い区画に集め、高カロリーな穀物飼料を与えて効率的に太らせる肥育施設のことを英語で何というでしょう？,フィードロット,,リコピーツ
q0263,言葉,全ての料金が提示されており、不正や誤魔化しのない勘定のことを、明るいという漢字を使った四字熟語で何というでしょう？,明朗会計,,リコピーツ
q0264,漫画・アニメ・ゲーム,動画投稿サイトでは「ギターヒーロー」の名で活動している、はまじあきの漫画『ぼっち・ざ・ろっく！』の主人公は誰でしょう？,後藤ひとり（ごとう・ひとり）,,リコピーツ
q0265,生活,ベネッセの通信講座「進研ゼミ」で添削指導を行う担当者のことを、指導に用いる筆記用具から「何先生」というでしょう？,赤ペン先生,,リコピーツ
q0266,生活,鎌倉の街並みや海など多彩な車窓風景が魅力の、神奈川県の藤沢駅から鎌倉駅までを結ぶ鉄道事業者は何でしょう？,江ノ島電鉄,,泰人
q0267,理系,ドイツ語で「銅の悪魔」を意味する言葉に由来する、ステンレス鋼や50円硬貨などの材料として使われる金属元素は何でしょう？,ニッケル,,みっちー
q0268,漫画・アニメ・ゲーム,漫画家・魚豊（うおと）の連載デビュー作である、100m走に全てを懸ける人間を描いた漫画は何でしょう？,『ひゃくえむ』,,おすし
q0269,地理,標高3404メートルのアネト山を最高峰とする、フランスとスペインの国境に沿って連なる山脈は何でしょう？,ピレネー山脈,,泰人
q0270,漫画・アニメ・ゲーム,『8番出口』や続編の『8番のりば』などの作品を生み出した、日本のインディーズゲーム開発者は誰でしょう？,KOTAKE CREATE（コタケクリエイト）,,おすし
q0271,芸術,代表的な画家にヴァトーやブーシェなどが挙げられる、18世紀のフランス宮廷を中心に栄えた、繊細で優美な美術様式は何でしょう？,ロココ美術,「ロココ様式」「ロココ」が出れば〇,泰人
q0272,芸能,ギタリストのジミー・ペイジやボーカルのロバート・プラントら4人で構成された、『移民の歌』や『天国への階段』などの代表曲があるロックバンドは何でしょう？,レッド・ツェッペリン,,泰人
q0273,生活,国際チェス連盟によって認定される、チェスの最高位の称号は何でしょう？,グランドマスター,,弦巻こころ
q0274,生活,微生物の働きで生ごみを分解・処理する手法や容器を、「堆肥」を意味する英語で何というでしょう？,コンポスト,,あのそよ
q0275,生活,スペンサー・シルバーが開発した接着剤をアート・フライが栞に応用したことで誕生した、スリーエム社が販売する付箋は何でしょう？,ポスト・イット,,あのそよ
q0276,生活,刃を折る形式のカッターナイフを世界で初めて開発した、日本の文具メーカーはどこでしょう？,オルファ,OLFA,あのそよ
q0277,生活,「見る」「話す」「触れる」「立つ」の4つを基本柱とする、フランス発祥の認知症ケアの技法は何でしょう？,ユマニチュード,,おすし
q0278,芸術,赤い色は正義や勇気を、青い色は冷酷さや悪を表す、歌舞伎独特の化粧を何というでしょう？,隈取,,モーティスちゃん
q0279,文学,先天性の筋疾患のため人工呼吸器を使用しながら執筆活動を行い、デビュー作『ハンチバック』で第169回芥川賞を受賞した作家は誰でしょう？,市川沙央（いちかわ・さおう）,,モーティスちゃん
q0280,生活,自然環境の中で最小限の道具を使い、焚き火やシェルター作りなどをして過ごすキャンプスタイルは何でしょう？,ブッシュクラフト,,後藤ふたり