﻿No,大ジャンル,問題最終稿,問題最終稿,正解,別解・判定基準・ 解説など
q0001,芸能,hanatabaAlways YouAnytime Anywhereなどの代表曲がある、にほんのシンガーソングライターは誰でしょう？,『hanataba（はなたば）』『Always You（オールウェイズユー）』『Anytime Anywhere（エ二イタイムエニイホエア）』などの代表曲がある、日本のシンガーソングライターは誰でしょう？,milet（ミレイ）,
q0002,生活,好みに応じてホワイトウィートセサミハニーオーツという4種類のパンを選べる、世界中に店舗を構えるサンドイッチチェーンはなんでしょう？,好みに応じて「ホワイト」「ウィート」「セサミ」「ハニーオーツ」という4種類のパンを選べる、世界中に店舗を構えるサンドイッチチェーンは何でしょう？,サブウェイ,
q0003,公民,2022年には在ウラジオストクにほん総領事館の領事に対しても通告された、外交官が相手国から受け入れを拒否されることをラテン語でなんというでしょう？,2022年には在ウラジオストク日本総領事館の領事に対しても通告された、外交官が相手国から受け入れを拒否されることをラテン語で何というでしょう？,ペルソナ・ノン・グラータ,
q0004,歴史 - その他,豊臣秀吉が三木城や鳥取城を攻め落とす際に用いた、相手の補給路を断ち、兵士を飢えさせる戦法をなん攻めというでしょう？,豊臣秀吉が三木城や鳥取城を攻め落とす際に用いた、相手の補給路を断ち、兵士を飢えさせる戦法を「何攻め」というでしょう？,兵糧攻め,△siege by starvation
q0005,理系,工業的にはハーバー・ボッシュ法で生産される、化学式NH3で表される化合物はなんでしょう？,工業的には「ハーバー・ボッシュ法」で生産される、化学式NH3で表される化合物は何でしょう？,アンモニア,
q0006,地理,公立大学の名桜大学のキャンパスや、米軍基地のキャンプシュワブがある沖縄県の都市はどこでしょう？,公立大学の「名桜大学（めいおうだいがく）」のキャンパスや、米軍基地の「キャンプシュワブ」がある沖縄県の都市はどこでしょう？,名護（なご）市,
q0007,スポーツ,ノーマル、ワイド、ブルガリアンなどの種類がある、しゃがんで立ち上がる動作を繰り返し下半身を鍛えるトレーニングはなんでしょう？,ノーマル、ワイド、ブルガリアンなどの種類がある、しゃがんで立ち上がる動作を繰り返し下半身を鍛えるトレーニングは何でしょう？,スクワット,
q0008,世界史,フランス革命以前の特権階級による支配体制のことを、旧体制という意味のフランス語でなんというでしょう？,フランス革命以前の特権階級による支配体制のことを、「旧体制」という意味のフランス語で何というでしょう？,アンシャン・レジーム,仏：Ancient régime
q0009,生活,かつては脂身が多いことからアブと呼ばれていた、食べるととろけるような感触があることから名が付いた寿司ネタはなんでしょう？,かつては脂身が多いことから「アブ」と呼ばれていた、食べるととろけるような感触があることから名が付いた寿司ネタは何でしょう？,トロ,（補足）江戸時代、マグロの赤身は食べても脂身は食べずに捨てられていた。大正時代に三井物産のサラリーマン安達一雄さんが提案。
q0010,生活,配信サイトなどで、リスナーが別の配信者に関するコメントをする行為を、通信手段に使われた鳥を用いてなん行為というでしょう？,配信サイトなどで、リスナーが別の配信者に関するコメントをする行為を、通信手段に使われた鳥を用いて「何行為」というでしょう？,伝書鳩行為,鳩行為
q0011,漫画・アニメ・ゲーム,マクロスΔの歌姫オーディションで合格しデビューした、アニメポケットモンスターで主人公のリコを演じている声優は誰でしょう？,『マクロスΔ（デルタ）』の歌姫オーディションで合格しデビューした、アニメ『ポケットモンスター』で主人公のリコを演じている声優は誰でしょう？,鈴木みのり,
q0012,文学,ちはやぶる 神代も聞かず 竜田川 からくれなゐに 水くくるとは の和歌が小倉百人一首に収められている、平安時代の歌人は誰でしょう？,「ちはやぶる 神代（かみよ）も聞かず 竜田川 からくれなゐに 水くくるとは 」の和歌が小倉百人一首に収められている、平安時代の歌人は誰でしょう？,在原業平（ありわらの・なりひら）,
q0013,理系,温度変化や、雨や風などの自然の作用により、岩石が表面から削られ土に変化する現象を、漢字２文字でなんというでしょう？,温度変化や、雨や風などの自然の作用により、岩石が表面から削られ土に変化する現象を、漢字２文字で何というでしょう？,風化,
q0014,地理,山の頂上付近や見晴らしの良いところに設置される、にほんの地図記号では三角形の中に黒丸を描いたもので表される基準点はなんでしょう？,山の頂上付近や見晴らしの良いところに設置される、日本の地図記号では三角形の中に黒丸を描いたもので表される基準点は何でしょう？,三角点,
q0015,生活,マルチブラケットやマウスピースなどを用いて行う、歯並びをきれいにするための歯科治療はなんでしょう？,マルチブラケットやマウスピースなどを用いて行う、歯並びをきれいにするための歯科治療は何でしょう？,矯正,○矯正歯科治療、歯列矯正「インビザライン」はマウスピース矯正の一つなのでダメ
q0016,文学,国立浪花大学病院を舞台に、学内の派閥争いや医療ミス訴訟などを描いている、山崎豊子の小説はなんでしょう？,国立浪花大学病院（こくりつなにわだいがくびょういん）を舞台に、学内の派閥争いや医療ミス訴訟などを描いている、山崎豊子（やまさき・とよこ）の小説は何でしょう？,『白い巨塔』,
q0017,生活,カラオケチェーンのビッグエコーの運営や、カラオケ機種のDAMの開発を行っている企業はなんでしょう？,カラオケチェーンの「ビッグエコー」の運営や、カラオケ機種の「DAM（ダム）」の開発を行っている企業は何でしょう？,第一興商（だいいちこうしょう）,
q0018,理系,人口増加分を他地域からの流入に依存している自治体のことを、あらゆるものを吸い込む天体になぞらえてなん型自治体というでしょう？,人口増加分を他地域からの流入に依存している自治体を、あらゆるものを吸い込む天体になぞらえて「何型自治体」というでしょう？,ブラックホール型自治体,
q0019,漫画・アニメ・ゲーム,天然パーマでカレーが大好きな大学生・久能整を主人公とする、田村由美のミステリ漫画はなんでしょう？,天然パーマでカレーが大好きな大学生・久能整（くのう・ととのう）を主人公とする、田村由美（たむら・ゆみ）のミステリ漫画は何でしょう？,『ミステリという勿れ（なかれ）』,
q0020,理系,機械工学において、誤作動などが発生した際、なるべく安全な状態に移行する仕組みを英語でなんというでしょう？,機械工学において、誤作動などが発生した際、なるべく安全な状態に移行する仕組みを英語で何というでしょう？,フェイルセーフ,×フールプルーフ（そもそも誤作動が怒らないようにする仕組みのため）
q0021,生活,ショッピングセンターや遊園地のキッズコーナーなどに設けられる、囲みの中にカラフルなボールを敷き詰めたスペースはなんでしょう？,ショッピングセンターや遊園地のキッズコーナーなどに設けられる、囲みの中にカラフルなボールを敷き詰めたスペースは何でしょう？,ボールプール,
q0022,理系,乳搾りをする女性は決して天然痘にかからないことに着目し、天然痘の予防策として種痘法を開発したイギリスの医師は誰でしょう？,乳搾りをする女性は決して天然痘にかからないことに着目し、天然痘の予防策として種痘法を開発したイギリスの医師は誰でしょう？,エドワード・ジェンナー,
q0023,言葉,鉱山で鉱脈を掘り当てる仕事は大きな賭けであったことから転じて、万が一の幸運を当てにして行動することをなんというでしょう？,鉱山で鉱脈を掘り当てる仕事は大きな賭けであったことから転じて、万が一の幸運を当てにして行動することを何というでしょう？,山を張る,○山を掛ける
q0024,生活,ダーツボードのダブルリングとトリプルリングのうち、より外側にあるのはどちらでしょう？,ダーツボードのダブルリングとトリプルリングのうち、より外側にあるのはどちらでしょう？,ダブルリング,○ダブル
q0025,芸術,化粧をする際、ファンデーションをつけるために使用するスポンジのことをなんというでしょう？,化粧をする際、ファンデーションをつけるために使用するスポンジのことを何というでしょう？,パフ,○メイクスポンジ　ファンデーションスポンジ
q0026,生活,巡礼者は黒い石を起点に周囲を7周する、イスラム教の聖地メッカにある神殿はなんでしょう？,巡礼者は黒い石を起点に周囲を7周する、イスラム教の聖地メッカにある神殿は何でしょう？,カーバ神殿,△タワーフ（黒い石に触れてからカーバ神殿の周囲を７周する行為のこと）
q0027,生活,開発したアメリカのバスタブメーカーの登録商標である、壁面から泡が吹き出る風呂のことをなんというでしょう？,開発したアメリカのバスタブメーカーの登録商標である、壁面から泡が吹き出る風呂のことを何というでしょう？,ジャグジー（Jacuzzi）,〇：ジャグジーバス、ジャグージ△：ジェットバス（商標ではない）
q0028,公民,牛歩戦術や長時間の演説などによって議会の少数派が合法的に議事の進行を妨げる行為を、オランダ語で海賊という意味の言葉からなんというでしょう？,牛歩戦術や長時間の演説などによって議会の少数派が合法的に議事の進行を妨げる行為を、オランダ語で「海賊」という意味の言葉から何というでしょう？,フィリバスター,
q0029,地理,周囲を奈良県と三重県に囲まれたにほん唯一の飛び地の村である、和歌山県の自治体はなんでしょう？,周囲を奈良県と三重県に囲まれた「日本唯一の飛び地の村」である、和歌山県の自治体は何でしょう？,北山村（きたやま・むら）,
q0030,言葉,セーラームーンが月にかわって行うと宣言する、悪事を働いた後に受ける罰のことを指すカナ4文字の言葉はなんでしょう？,セーラームーンが「月にかわって」行うと宣言する、悪事を働いた後に受ける罰のことを指すカナ4文字の言葉は何でしょう？,おしおき,○おしおきよ
q0031,日本史,幼名を源六といった、享保の改革を実施した江戸幕府第8代将軍は誰でしょう？,幼名を「源六（げんろく）」といった、「享保の改革」を実施した江戸幕府第8代将軍は誰でしょう？,徳川吉宗（とくがわ・よしむね）,
q0032,芸術,サロンに対抗してジョルジュ・スーラらが推進した、無審査・自由出品を原則とした美術展のことをなんというでしょう？,サロンに対抗してジョルジュ・スーラらが推進した、無審査・自由出品を原則とした美術展のことを何というでしょう？,アンデパンダン,Salon des Artistes Indépendants
q0033,生活,にほんの一般的な自転車において、前輪を止めるブレーキレバーがあるのは、ハンドルの右側、左側のどちらでしょう？,日本の一般的な自転車において、前輪を止めるブレーキレバーがあるのは、ハンドルの右側、左側のどちらでしょう？,右側,JISで定められている海外では左ブレーキで前輪を止める
q0034,理系,テレビの砂嵐の音のように、あらゆる周波数の音を均一に含んでいるノイズのことを、ある色を使ってなんノイズというでしょう？,テレビの砂嵐の音のように、あらゆる周波数の音を均一に含んでいるノイズのことを、ある色を使って「何ノイズ」というでしょう？,ホワイトノイズ,ピンクノイズは周波数に反比例して高い周波数の音ほど弱くなるノイズ
q0035,芸能,童謡おもちゃのチャチャチャの歌詞で、なまりのへいたいがトテチテタとならす楽器はなんでしょう？,童謡『おもちゃのチャチャチャ』の歌詞で、「なまりのへいたい」が「トテチテタ」とならす楽器は何でしょう？,ラッパ,△：「トランペット」など（歌詞であるため）
q0036,言葉,親の身分や職業を子供が代々受け継いでいくことを、襲うという漢字を用いてなんというでしょう？,親の身分や職業を子供が代々受け継いでいくことを、「襲う」という漢字を用いて何というでしょう？,世襲,（△：襲名、襲位）
q0037,理系,熱中症予防のため、本格的に暑くなる前から徐々に体を暑さに慣れさせることを漢字四文字でなんというでしょう？,熱中症予防のため、本格的に暑くなる前から徐々に体を暑さに慣れさせることを漢字四文字で何というでしょう？,暑熱順化（しょねつじゅんか）,
q0038,文学,綿花農園の長女として生まれた主人公が南北戦争前後の12年を生きる姿を描いた、マーガレット・ミッチェルの小説はなんでしょう？,綿花農園の長女として生まれた主人公が南北戦争前後の12年を生きる姿を描いた、マーガレット・ミッチェルの小説は何でしょう？,『風と共に去りぬ』,
q0039,スポーツ,大相撲において、過去５年間で最も多い決まり手はなんでしょう？,大相撲において、過去５年間で最も多い決まり手は何でしょう？,押し出し,
q0040,生活,文字通りに飲み干す必要はない、パーティーや飲み会を始める際に、手元のグラスを掲げながら言う言葉はなんでしょう？,文字通りに飲み干す必要はない、パーティーや飲み会を始める際に、手元のグラスを掲げながら言う言葉は何でしょう？,乾杯,
q0041,理系,水族館ではよくニシキアナゴと一緒に展示されている、顔がある犬に似ていることから名前が付いたアナゴの一種はなんでしょう？,水族館ではよく「ニシキアナゴ」と一緒に展示されている、顔がある犬に似ていることから名前が付いたアナゴの一種は何でしょう？,チンアナゴ,
q0042,漫画・アニメ・ゲーム,個性豊かなチャンピオンたちを操作して、敵チームの本拠地・ネクサスの破壊を目指す、ライアットゲームズが開発したゲームはなんでしょう？,個性豊かな「チャンピオン」たちを操作して、敵チームの本拠地・ネクサスの破壊を目指す、ライアットゲームズが開発したゲームは何でしょう？,『リーグ・オブ・レジェンド』,League of Legends◯：「リーグ・オブ・レジェンズ」△：「LoL（ロル）」
q0043,ns,東京農業大学の応援団が披露する青山ほとりで、団員が手に持って踊る野菜はなんでしょう？,東京農業大学の応援団が披露する「青山ほとり」で、団員が手に持って踊る野菜は何でしょう？,大根,
q0044,理系,にほんでは2050年までの達成を目標としている、温室効果ガスの排出量と吸収量を差し引きゼロにすることをなんというでしょう？,日本では2050年までの達成を目標としている、温室効果ガスの排出量と吸収量を差し引きゼロにすることを何というでしょう？,カーボンニュートラル,
q0045,公民,アップルやユニクロのように、自社では生産設備を持たず、100%外注先に生産を委託する企業をなんというでしょう？,アップルやユニクロのように、自社では生産設備を持たず、100%外注先に生産を委託する企業を何というでしょう？,ファブレス企業,「ファブレス」のみでも可。
q0046,スポーツ,天然温泉に入りながら野球観戦を楽しめる tower eleven onsen & saunaが併設されている、北海道にほんハムファイターズの本拠地球場はなんでしょう？,天然温泉に入りながら野球観戦を楽しめる 「tower eleven onsen & sauna（タワーイレブン・温泉アンドサウナ）」が併設されている、北海道日本ハムファイターズの本拠地球場は何でしょう？,エスコンフィールド北海道,△タワーイレブン
q0047,理系,和名をスクリミンゴガイという、元々は食用として輸入されたものの、稲の食害をもたらすため防除対象になっている、南米原産の貝はなんでしょう？,和名を「スクリミンゴガイ」という、元々は食用として輸入されたものの、稲の食害をもたらすため防除対象になっている、南米原産の貝は何でしょう？,ジャンボタニシ,△スクリミンゴガイ
q0048,言葉,一般には秘密にしていたことを打ち明けることを表し、単体で用いると思い人に恋心を伝えることを表す言葉はなんでしょう？,一般には「秘密にしていたことを打ち明けること」を表し、単体で用いると「好きな人に恋心を伝えること」を表す言葉は何でしょう？,告白,×独白（一人なので）
q0049,生活,用途に応じて強度や軟らかさを指定できる、固まっていない状態で工事現場へ配達されるコンクリートを、漢字1文字を使ってなんコンクリートというでしょう？,用途に応じて強度や軟らかさを指定できる、固まっていない状態で工事現場へ配達されるコンクリートを、漢字1文字を使って「何コンクリート」というでしょう？,生コンクリート,「生コン」「レディーミクストコンクリート」
q0050,スポーツ,サッカーのピッチに設けられている、監督やコーチが選手に指示を与えるためのエリアをなんというでしょう？,サッカーのピッチに設けられている、監督やコーチが選手に指示を与えるためのエリアを何というでしょう？,テクニカルエリア,
q0051,理系,会話のスタイルをより創造的によりバランスよくより厳密にの３つから選択できる、マイクロソフトのAIアシスタントはなんでしょう？,会話のスタイルを「より創造的に」「よりバランスよく」「より厳密に」の３つから選択できる、マイクロソフトのAIアシスタントは何でしょう？,Copilot（コパイロット）,Microsoft Copilot for Microsoft 365
q0052,理系,葉、茎、根を持たないため光合成ができない、東南アジアに生息する世界最大の花はなんでしょう？,葉、茎、根を持たないため光合成ができない、東南アジアに生息する「世界最大の花」は何でしょう？,ラフレシア,
q0053,生活,サウナで、ロウリュウの後にタオルやうちわなどであおぎ、体感温度をより上げることをドイツ語でなんというでしょう？,サウナで、ロウリュウの後にタオルやうちわなどであおぎ、体感温度をより上げることをドイツ語で何というでしょう？,アウフグース,サウナー常識
q0054,公民,にほん国憲法に直接名前が登場する唯一の法律である、皇族や皇位継承など皇室に関する重要事項を定めた法律はなんでしょう？,日本国憲法に直接名前が登場する唯一の法律である、皇族や皇位継承など皇室に関する重要事項を定めた法律は何でしょう？,皇室典範,これ以外×
q0055,生活,現在発行されているにほんの貨幣で、直径が23.5mmと、500円硬貨に次いで２番目に大きいのはなんでしょう？,現在発行されている日本の貨幣で、直径が23.5mmと、500円硬貨に次いで２番目に大きいのは何でしょう？,10円硬貨,「直径」500円：26.5mm 100円：22.6mm50円：21.0mm 10円：23.5mm5円：22.0mm 1円：20.0mm
q0056,理系,震源までの距離と初期微動継続時間との関係を表した式のことを、これを導いた地震学者の名前からなんというでしょう？,震源までの距離と初期微動継続時間との関係を表した式のことを、これを導いた地震学者の名前から何というでしょう？,大森公式,△大森房吉はもう1回
q0057,芸能,演劇で、幕を下ろさず舞台を暗くして場面転換することを、漢字２文字でなんというでしょう？,演劇で、幕を下ろさず舞台を暗くして場面転換することを、漢字２文字で何というでしょう？,暗転,
q0058,芸能,狂歌師としては蔦唐丸という名で活動していた、来年のNHK大河ドラマべらぼうの主人公である江戸時代の出版家は誰でしょう？,狂歌師（きょうかし）としては「蔦唐丸（つたのからまる）」という名で活動していた、NHK大河ドラマ「べらぼう」の主人公である江戸時代の出版家は誰でしょう？,蔦屋重三郎（つたや・じゅうざぶろう）,
q0059,世界史,1095年のクレルモン公会議で十字軍の派遣を提唱した、当時のローマ教皇は誰でしょう？,1095年のクレルモン公会議で十字軍の派遣を提唱した、当時のローマ教皇は誰でしょう？,ウルバヌス2世,
q0060,漫画・アニメ・ゲーム,ディズニー映画ピーターパンで、2人の弟とともにネバーランドを旅する少女の名前はなんでしょう？,ディズニー映画『ピーターパン』で、2人の弟とともにネバーランドを旅する少女の名前は何でしょう？,ウェンディ,○Wendy Moira Angela Darling
q0061,地理,未確認生物のネッシーが住むといわれていた、スコットランド北部にあるイギリスの湖はなんでしょう？,未確認生物の「ネッシー」が住むといわれていた、スコットランド北部にあるイギリスの湖は何でしょう？,ネス湖,貯水量がイギリス最大
q0062,文学,すべてを見通すみどり色の瞳を持つ、相沢沙呼のミステリー小説に登場する霊媒探偵は誰でしょう？,すべてを見通すみどり色の瞳を持つ、相沢沙呼（あいざわ・さこ）のミステリー小説に登場する霊媒探偵は誰でしょう？,城塚翡翠（じょうずか・ひすい）,
q0063,日本史,土佐立志社事件に関わり5年間投獄された経験を持つ、外務大臣として領事裁判権の撤廃に尽力した明治期の政治家は誰でしょう？,土佐立志社（とさりっししゃ）事件に関わり5年間投獄された経験を持つ、外務大臣として領事裁判権の撤廃に尽力した明治期の政治家は誰でしょう？,陸奥宗光（むつ・むねみつ）,
q0064,生活,テントやランタン、焚き火台のように、キャンプに使用する道具のことを、道具を意味する英語からキャンプなんというでしょう？,テントやランタン、焚き火台のように、キャンプに使用する道具のことを、道具を意味する英語から「キャンプ何」というでしょう？,キャンプギア,△キャンプ道具
q0065,公民,建設需要に起因する約20年周期の景気循環のことを、提唱したアメリカの経済学者の名を取ってなんというでしょう？,建設需要に起因する約20年周期の景気循環のことを、提唱したアメリカの経済学者の名を取って何というでしょう？,クズネッツの波,
q0066,文学,ポール・ヴェルレーヌの秋の歌や、カール・ブッセの山のあなたなどの作品が収められている、1905年に出版された上田敏の訳詩集はなんでしょう？,ポール・ヴェルレーヌの『秋の歌』や、カール・ブッセの『山のあなた』などの作品が収められている、1905年に出版された上田敏（うえだ・びん）の訳詩集は何でしょう？,『海潮音』（かいちょうおん）,
q0067,地理,本州最北端の岬があることや、名産のマグロなどで知られる、青森県の町はどこでしょう？,本州最北端の岬があることや、名産のマグロなどで知られる、青森県の町はどこでしょう？,大間町（おおままち）,〇：大間
q0068,芸能,会員制オンラインバーのBAR赤眼鏡を開いている、漫才コンビ南海キャンディーズのメンバーは誰でしょう？,会員制オンラインバーの「BAR赤眼鏡」を開いている、漫才コンビ「南海キャンディーズ」のメンバーは誰でしょう？,山里亮太（やまさと・りょうた）,【判定】✕やま「ざ」と
q0069,生活,スカートの裾をつまんで行う場合が多い、背筋を伸ばしたまま膝を曲げる、ヨーロッパの女性のお辞儀をなんというでしょう？,スカートの裾をつまんで行う場合が多い、背筋を伸ばしたまま膝を曲げる、ヨーロッパの女性のお辞儀を何というでしょう？,カーテシー,
q0070,理系,振動数が近い2つの音が干渉し、強めあいと弱めあいを周期的に繰り返す現象をなんというでしょう？,振動数が近い2つの音が干渉し、強めあいと弱めあいを周期的に繰り返す現象を何というでしょう？,うなり,高校物理の基礎ではあるかと
q0071,生活,庶民的だが高級感があるお酒ということから下町のナポレオンの愛称が付けられた、三和酒類が販売する本格麦焼酎はなんでしょう？,「庶民的だが高級感があるお酒」ということから「下町のナポレオン」の愛称が付けられた、三和酒類が販売する本格麦焼酎は何でしょう？,いいちこ,
q0072,ns,e-sportsでは対戦キャラクターの相性を示した表のことを、鉄道では列車運行図表のことを指すカタカナ6文字の言葉はなんでしょう？,e-sportsでは対戦キャラクターの相性を示した表のことを、鉄道では列車運行図表のことを指すカタカナ6文字の言葉は何でしょう？,ダイヤグラム,△ダイヤ
q0073,日本史,嵯峨上皇の崩御後に発生し、伴健岑と橘逸勢が排除された、藤原氏の繁栄の基礎となった政変はなんでしょう？,嵯峨（さが）上皇の崩御後に発生し、伴健岑（とものこわみね）と橘逸勢（たちばなのはやなり）が排除された、藤原氏の繁栄の基礎となった政変は何でしょう？,承和（じょうわ）の変,
q0074,生活,黒ごまのペーストと黒ごま餡をカステラ生地で包んで、ホワイトチョコでコーティングした、銀座玉子本舗が販売する東京土産はなんでしょう？,黒ごまのペーストと黒ごま餡をカステラ生地で包みホワイトチョコでコーティングした、銀座玉子本舗が販売する東京土産は何でしょう？,ごまたまご,
q0075,スポーツ,ゴルフで、基準打数よりも３打少なくホールアウトすることを、ある鳥の名前を用いてなんというでしょう？,ゴルフで、基準打数よりも３打少なくホールアウトすることを、ある鳥の名前を用いて何というでしょう？,アルバトロス,
q0076,理系,コルチゾールやアドレナリンなどのホルモンを分泌する、腎臓の上にある臓器はなんでしょう？,コルチゾールやアドレナリンなどのホルモンを分泌する、腎臓の上にある臓器は何でしょう？,副腎,英語：adrenal(アドレナリンの語源)
q0077,生活,新型コロナウイルス感染症拡大防止のために推奨された、主に公衆浴場で会話を極力控えて入浴することを、漢字2文字でなんというでしょう？,新型コロナウイルス感染症拡大防止のために推奨された、主に公衆浴場で会話を極力控えて入浴することを、漢字2文字で何というでしょう？,黙浴（もくよく）,
q0078,言葉,メールなどで使われる略語ASAPとは、なんという英語の略でしょう？,メールなどで使われる略語「ASAP（エーエスエーピー）」とは、何という英語の略でしょう？,as soon as possible,△：「できるだけ急いで」などの日本語
q0079,芸術,ゴヤの裸のマハやベラスケスのブレダの開城などの作品を所蔵している、スペインのマドリードにある美術館はなんでしょう？,ゴヤの『裸のマハ』やベラスケスの『ブレダの開城』などの作品を所蔵している、スペインのマドリードにある美術館は何でしょう？,プラド美術館,Museo del Prado
q0080,理系,コンゴ民主共和国の熱帯雨林に生息する、世界三大珍獣のひとつであるキリン科の動物はなんでしょう？,コンゴ民主共和国の熱帯雨林に生息する、「世界三大珍獣」のひとつであるキリン科の動物は何でしょう？,オカピ,世界三大珍獣は、オカピ、ジャイアントパンダ、コビトカバ
q0081,生活,まるで自分がバイクを操縦しているかのような体験ができる、富士急ハイランドのコースター型アトラクションはなんでしょう？,まるで自分がバイクを操縦しているかのような体験ができる、富士急ハイランドのコースター型アトラクションは何でしょう？,ZOKKON(ゾッコン）,富士急ハイランドのアトラクションチェックして、バイク型のライドはZOKKONだけ
q0082,理系,理科の実験や写真の現像に使用する、外部からの光を遮断して作られた部屋のことをなんというでしょう？,理科の実験や写真の現像に使用する、外部からの光を遮断して作られた部屋のことを何というでしょう？,暗室,
q0083,文学,僕の前に道はない 僕の後ろに道は出來るの一節が有名な、高村光太郎の詩はなんでしょう？,「僕の前に道はない 僕の後ろに道は出来る」の一節が有名な、高村光太郎の詩は何でしょう？,『道程』,
q0084,理系,太陽光や地熱など、自然界に常に存在し、枯渇しないエネルギーを総称してなんエネルギーというでしょう？,太陽光や地熱など、自然界に常に存在し、枯渇しないエネルギーを総称して「何エネルギー」というでしょう？,再生可能エネルギー,〇自然エネルギー
q0085,生活,警戒レベル5のときに発令される、災害が切迫または発生しているため、すぐに安全を確保しなくてはならないことを知らせる避難情報はなんでしょう？,警戒レベル5のときに発令される、災害が切迫または発生しているため、すぐに安全を確保しなくてはならないことを知らせる避難情報は何でしょう？,緊急安全確保,
q0086,公民,選挙報道において、出口調査などの結果をもとに、開票開始直後に候補者の当選確実を発表することをなんというでしょう？,選挙報道において、出口調査などの結果をもとに、開票開始直後に候補者の当選確実を発表することをなんというでしょう？,ゼロうち,
q0087,ns,大阪専門学校と大阪理工科大学が母体となって1949年に設立された、10年連続志願者数1位の私立大学はなんでしょう？,大阪専門学校と大阪理工科大学が母体となって1949年に設立された、10年連続志願者数1位の私立大学は何でしょう？,近畿大学（きんき・だいがく）,別解なし
q0088,地理,スペインのガリシア地方やにほんの三陸地方に見られる、狭い湾が複雑に入り組んだ地形のことをなんというでしょう？,スペインのガリシア地方や日本の三陸地方に見られる、狭い湾が複雑に入り組んだ地形のことを何というでしょう？,リアス海岸,×フィヨルド
q0089,スポーツ,スノーボードやスキーで、板とブーツを固定する器具のことを、英語でなんというでしょう？,スノーボードやスキーで、板とブーツを固定する器具のことを、英語で何というでしょう？,ビンディング,binding◯：「バインディング」
q0090,漫画・アニメ・ゲーム,プレイヤーは初星学園プロデューサ科に入学しアイドル科の生徒を育成する、バンダイナムコのスマホゲームはなんでしょう？,プレイヤーは初星学園（はつぼしがくえん）プロデューサ科に入学しアイドル科の生徒を育成する、バンダイナムコのスマホゲームは何でしょう？,『学園アイドルマスター』,
q0091,日本史,第2次山本権兵衛内閣発足の前日である1923年9月1日に発生した、東京都などに深刻な被害をもたらした大地震はなんでしょう？,第2次山本権兵衛内閣発足の前日である1923年9月1日に発生した、東京都などに深刻な被害をもたらした大地震は何でしょう？,関東大震災,
q0092,生活,天狗やひょっとこの見た目をしたものが多い、お酒がこぼれてしまうため、飲み干すまでは下に置けない形状の盃をなんというでしょう？,「天狗」や「ひょっとこ」の見た目をしたものが多い、お酒がこぼれてしまうため、飲み干すまでは下に置けない形状の盃を何というでしょう？,可杯（べくはい）,◯：「べくさかずき」
q0093,文学,ニューヨークをさまよう16歳の少年・ホールデン・コールフィールドを主人公にした、サリンジャーの小説はなんでしょう？,ニューヨークをさまよう16歳の少年・ホールデン・コールフィールドを主人公にした、サリンジャーの小説は何でしょう？,『ライ麦畑でつかまえて』,○『キャッチャー・イン・ザ・ライ』
q0094,生活,鋭い味わいから、工具の錐を意味する言葉から名付けられたという説がある、ジンとライムジュースをシェイクして作られるカクテルはなんでしょう？,鋭い味わいから、工具の「錐（きり）」を意味する言葉から名付けられたという説がある、ジンとライムジュースをシェイクして作られるカクテルは何でしょう？,ギムレット,gimlet
q0095,スポーツ,バスケットボールで、1人の選手が1試合の間に得点、リバウンドなど5項目のうち3つを2桁記録することをなんというでしょう？,バスケットボールで、1人の選手が1試合の間に得点、リバウンドなど5項目のうち3つを2桁記録することを何というでしょう？,トリプルダブル,
q0096,世界史,人頭税の廃止などヒンドゥー教徒との融和を図りながら領土を拡大した、ムガル帝国第３代皇帝は誰でしょう？,人頭税の廃止などヒンドゥー教徒との融和を図りながら領土を拡大した、ムガル帝国第３代皇帝は誰でしょう？,アクバル,
q0097,理系,女性科学者に明るい未来をの会が、優れた業績を挙げた女性科学者に贈呈する賞を、提唱した科学者の名前からなん賞というでしょう？,「女性科学者に明るい未来をの会」が、優れた業績を挙げた女性科学者に贈呈する賞を、提唱した科学者の名前から「何賞」というでしょう？,猿橋（さるはし）賞,会の名前は誤植ではないです。
q0098,スポーツ,毎年5月の最終日曜日にモンテカルロ市街地コースで決勝レースが行われる、世界３大レースの一つはなんでしょう？,毎年5月の最終日曜日にモンテカルロ市街地コースで決勝レースが行われる、世界３大レースの一つは何でしょう？,F1モナコグランプリ,◯モナコグランプリ
q0099,生活,コントラクト・ブリッジで宣言してから13トリック全て勝利することを指す用語から、テニスやゴルフの四大大会全てを制覇することをなんというでしょう？,「コントラクト・ブリッジ」で宣言してから13トリック全て勝利することを指す用語から、テニスやゴルフの四大大会全てを制覇することを何というでしょう？,グランドスラム,
q0100,芸能,落ちぶれた老人・カルヴェロと、自殺を図ったバレエダンサー・テリーの恋を描いた、チャールズ・チャップリンの映画はなんでしょう？,落ちぶれた老人・カルヴェロと、自殺を図ったバレエダンサー・テリーの恋を描いた、チャップリンの映画は何でしょう？,『ライムライト』,Limelight
q0101,ns,パチンコ店やゲームセンターで行うと出禁になることがある、悔しさや怒りにまかせ筐体を激しく叩く行為を俗になんというでしょう？,パチンコ店やゲームセンターで行うと出禁になることがある、悔しさや怒りにまかせ筐体を激しく叩く行為を俗に何というでしょう？,台パン,△台キック
q0102,言葉,ある分野や特定の地域で、最も栄え、大きく発展した時代のことを、ある金属を使ってなん時代というでしょう？,ある分野や特定の地域で、最も栄え、大きく発展した時代のことを、ある金属を使って「何時代」というでしょう？,黄金時代,△最盛期
q0103,芸能,本名を清水将企という、盛山晋太郎とともに、お笑いコンビ・見取り図を組む芸人は誰でしょう？,本名を清水将企（しみず・まさき）という、盛山晋太郎（もりやま・しんたろう）とともに、お笑いコンビ・見取り図を組む芸人は誰でしょう？,リリー,
q0104,世界史,スイスとオランダの独立を承認した、1648年に締結された三十年戦争の講和条約はなんでしょう？,スイスとオランダの独立を承認した、1648年に締結された三十年戦争の講和条約は何でしょう？,ウエストファリア条約,ウエストファーレン条約
q0105,理系,数学で、ある位から先は決まった数がくり返される無限小数のことをなん小数というでしょう？,数学で、ある位から先は決まった数がくり返される無限小数のことを「何小数」というでしょう？,循環小数,
q0106,生活,おはよう、こんにちは、こんばんはなどの品種がある、2026年度から指定野菜に追加される野菜はなんでしょう？,おはよう、こんにちは、こんばんはなどの品種がある、2026年度から指定野菜に追加される野菜は何でしょう？,ブロッコリー,
q0107,芸能,番組中でシマエナガと一緒に踊る７時のうた！今日もいい日にも人気の、安住紳一郎が総合司会を務める朝の情報番組はなんでしょう？,番組中でシマエナガと一緒に踊る「７時のうた！今日もいい日に」も人気の、安住紳一郎（あずみ・しんいちろう）が総合司会を務める朝の情報番組は何でしょう？,『THE TIME』,
q0108,スポーツ,アルファベット３文字でFCYと略される、カーレースで、車速が制限されコース全てで追い抜き禁止になる状態をなんと言うでしょう？,アルファベット３文字で「FCY」と略される、カーレースで、車速が制限されコース全てで追い抜き禁止になる状態をなんと言うでしょう？,フルコースイエロー,
q0109,漫画・アニメ・ゲーム,代表作に実写ドラマ化されたクズの本懐がある、赤坂アカ原作の漫画推しの子の作画を担当している漫画家は誰でしょう？,代表作に実写ドラマ化された『クズの本懐』がある、赤坂アカ原作の漫画『推しの子』の作画を担当している漫画家は誰でしょう？,横槍メンゴ（よこやり・めんご）,
q0110,芸能,受賞者に贈られるトロフィーには蓄音機がかたどられている、アメリカの音楽業界での功績を表彰する賞はなんでしょう？,受賞者に贈られるトロフィーには蓄音機がかたどられている、アメリカの音楽業界での功績を表彰する賞は何でしょう？,グラミー賞,Grammy Awards◯：「グラミー」のみ
q0111,理系,雪や雲などによって周りが真っ白になり、視界が遮られる現象を、気象用語でなんというでしょう？,雪や雲などによって周りが真っ白になり、視界が遮られる現象を、気象用語で何というでしょう？,ホワイトアウト,×リングワンデルング○白い闇
q0112,公民,酒類業の健全な発達や税理士業務の適正な運営の確保などを使命としている、財務省唯一の外局はなんでしょう？,酒類（しゅるい）業の健全な発達や税理士業務の適正な運営の確保などを使命としている、財務省唯一の外局は何でしょう？,国税庁（こくぜいちょう）,英：national tax agency
q0113,スポーツ,ステンマルクを上回る歴代最多のワールドカップ優勝を果たしている、アメリカの女子アルペンスキー選手は誰でしょう？,ステンマルクを上回る歴代最多のワールドカップ優勝を果たしている、アメリカの女子アルペンスキー選手は誰でしょう？,ミカエラ・シフリン,３月現在９７勝、ステンマルクは８６勝で歴代２位
q0114,文学,文学革命に呼応し、白話小説の狂人日記や阿Q正伝を著した、中国の小説家は誰でしょう？,文学革命に呼応し、白話小説の『狂人日記』や『阿Q正伝』を著した、中国の小説家は誰でしょう？,魯迅（ろじん）,
q0115,生活,カレンダー上で、上に必ず15日が来ることからショートケーキの日と呼ばれるのは、毎月なん日でしょう？,カレンダー上で、上に必ず15日が来ることから「ショートケーキの日」と呼ばれるのは、毎月何日でしょう？,22日,
q0116,芸能,催眠術をモチーフにした歌詞とMVが特徴的な、初音ミクと重音テトを用いたサツキのボカロ曲はなんでしょう？,催眠術をモチーフにした歌詞とMVが特徴的な、初音ミクと重音（かさね）テトを用いたサツキのボカロ曲は何でしょう？,『メズマライザー』,
q0117,公民,警察官職務執行法第２条により認められている、警察官が挙動不審な人などを呼び止めて行う質問をなんというでしょう？,警察官職務執行法第２条により認められている、警察官が挙動不審な人などを呼び止めて行う質問を何というでしょう？,職務質問,
q0118,文学,ヒンドゥー教の神様・サラスヴァティと同一視される、琵琶を弾く女性の姿で描かれる七福神のひとりは誰でしょう？,ヒンドゥー教の神様・サラスヴァティと同一視される、琵琶を弾く女性の姿で描かれる七福神のひとりは誰でしょう？,弁財天（べんざいてん）,弁天様
q0119,生活,航空法第76条２項で定義されている、航空事故が発生する恐れがあると認められる事態のことをなんというでしょう？,航空法第76条２項で定義されている、航空事故が発生する恐れがあると認められる事態のことを何というでしょう？,重大インシデント,◯航空重大インシデント
q0120,言葉,ある人物や物の品質が絶対に良いものだと保証することを、大きなハンコを意味する言葉を用いてなんを押すというでしょう？,ある人物や物の品質が絶対に良いものだと保証することを、大きなハンコを意味する言葉を用いて「何を押す」というでしょう？,太鼓判を押す,
q0121,地理,ジャガイモ、タマネギ、ニンジンの生産量がにほん一である都道府県はどこでしょう？,ジャガイモ、タマネギ、ニンジンの生産量が日本一である都道府県はどこでしょう？,北海道,
q0122,漫画・アニメ・ゲーム,フリーレンはなん度も上半身を喰われている、漫画葬送のフリーレンで、宝箱などになりすまして人を襲うモンスターはなんでしょう？,フリーレンは何度も上半身を喰われている、漫画『葬送のフリーレン』で、宝箱などになりすまして人を襲うモンスターは何でしょう？,ミミック,フリーレン問題はこれがいい
q0123,理系,体心立方格子では約68%、面心立方格子と六方最密構造では約74%となる、結晶に占める原子の体積の割合をなんというでしょう？,体心立方格子では約68%、面心立方格子と六方最密構造では約74%となる、結晶に占める原子の体積の割合を何というでしょう？,充填(じゅうてん)率,
q0124,芸能,田村淳やひろゆき、EXITなどが曜日MCを務める、アベプラの略称があるニュース番組はなんでしょう？,田村淳（たむら・あつし）やひろゆき、EXIT（イグジット）などが曜日MCを務める、「アベプラ」の略称があるニュース番組は何でしょう？,『abemaPRIME（アベマプライム）』,
q0125,生活,大きくスポンジタイプ練りタイプ印泥の3つに分けられる、印鑑を押す際に使用するインクのことをなんというでしょう？,大きく「スポンジタイプ」「練りタイプ」「印泥（いんでい）」の3つに分けられる、印鑑を押す際に使用するインクのことを何というでしょう？,朱肉（しゅにく）,
q0126,言葉,物事の手順や専門的な知識や技術のことを、知識とやり方を意味する言葉を組み合わせた英語でなんというでしょう？,物事の手順や専門的な知識や技術のことを、「知識」と「やり方」を意味する言葉を組み合わせた英語で何というでしょう？,ノウハウ（know-how),
q0127,生活,ゼリー状ドリンクのジェリコや、デニッシュの上にソフトクリームを乗せたシロノワールなどのスイーツを提供する、喫茶店チェーンはなんでしょう？,ゼリー状ドリンクの「ジェリコ」や、デニッシュの上にソフトクリームを乗せた「シロノワール」などのスイーツを提供する、喫茶店チェーンは何でしょう？,コメダ珈琲店,○コメダコーヒー
q0128,スポーツ,味の素スタジアムを本拠地とする2つのJリーグチームとは、FC東京となんでしょう？,味の素スタジアムを本拠地とする2つのJリーグチームとは、FC東京と何でしょう？,東京ヴェルディ,
q0129,理系,ひし形などの図形や矢印を用いて、業務のプロセスなどを視覚的に表現した図のことをなんというでしょう？,ひし形などの図形や矢印を用いて、業務のプロセスなどを視覚的に表現した図のことを何というでしょう？,フローチャート,〇：流れ図
q0130,芸術,ペアルックとは異なり、色味や素材、系統などを揃えて雰囲気を合わせるファッションスタイルを、似ているという意味の英語からなんルックというでしょう？,ペアルックとは異なり、色味（いろみ）や素材、系統などを揃えて雰囲気を合わせるファッションスタイルを、「似ている」という意味の英語から何ルックというでしょう？,シミラールック,リンクコーデはパンツやTシャツを部分的に合わせるスタイルなので✖️
q0131,理系,夜空に浮かぶ夏の大三角に含まれる、七夕伝説から彦星とも呼ばれる、わし座の１等星はなんでしょう？,夜空に浮かぶ夏の大三角に含まれる、七夕伝説から「彦星」とも呼ばれる、わし座の１等星は何でしょう？,アルタイル,
q0132,公民,輸入の急増が国内の産業に大きな打撃を与える場合などに設けられる緊急輸入制限のことを英語でなんというでしょう？,輸入の急増が国内の産業に大きな打撃を与える場合などに設けられる「緊急輸入制限」のことを英語で何というでしょう？,セーフガード,safeguard
q0133,生活,2023年度に愛知県と別府市で導入されて以来全国に広まっている、保護者との校外学習のために、欠席にならない休みを取得できる制度をなんというでしょう？,2023年度に愛知県と別府市で導入されて以来全国に広まっている、保護者との校外学習のために、欠席にならない休みを取得できる制度をなんというでしょう？,ラーケーション,別府も2023年度でした
q0134,文学,奇妙な館が建つ孤島・角島に大学ミステリー部の7人が訪れるところから物語が始まる、綾辻行人のデビュー作である小説はなんでしょう？,奇妙な館が建つ孤島の角島（つのしま）に大学ミステリー部の7人が訪れるところから物語が始まる、綾辻行人のデビュー作である小説は何でしょう？,『十角館の殺人』,別解なし
q0135,理系,国際法では他国の内政や外交に介入する事、物理学では複数の波の重ね合わせによって新しい波形ができることを意味する漢字２文字はなんでしょう？,国際法では「他国の内政や外交に介入する事」、物理学では「複数の波の重ね合わせによって新しい波形ができること」を意味する漢字２文字は何でしょう？,干渉,
q0136,言葉,味方同士であることを確認するために、事前に打ち合わせて決めた合図のことをなん言葉というでしょう？,味方同士であることを確認するために、事前に打ち合わせて決めた合図のことを「何言葉」というでしょう？,合い言葉,△password　watchword
q0137,文学,ミュージカル作品のレントやウエストサイドストーリーの舞台となる、アメリカの都市はどこでしょう？,ミュージカル作品の『レント』や『ウエストサイドストーリー』の舞台となる、アメリカの都市はどこでしょう？,ニューヨーク,
q0138,生活,炒め物に使用するときは短冊切りや細切りに、カレーやシチューに使用するときは乱切りに、しりしりに使用するときは千切りにして食べられる野菜はなんでしょう？,炒め物に使用するときは短冊切りや細切りに、カレーやシチューに使用するときは乱切りに、しりしりに使用するときは千切りにして食べられる野菜は何でしょう？,にんじん,
q0139,言葉,児童福祉法第6条で親権者、未成年後見人その他の者で、児童を現に監護する者と規定されている、一般には子供の両親を指す言葉はなんでしょう？,児童福祉法第6条で「親権者、未成年後見人その他の者で、児童を現に監護する者」と規定されている、一般には子供の両親を指す言葉は何でしょう？,保護者,
q0140,世界史,フランス・ブルボン朝の初代国王で、1598年にナントの勅令を発布しユグノー戦争を終結させた人物は誰でしょう？,フランス・ブルボン朝の初代国王で、1598年にナントの勅令を発布しユグノー戦争を終結させた人物は誰でしょう？,アンリ４世,
q0141,言葉,互いに助け合うという意味を持つ熟語で、よくコープやJAの後ろについて保険事業者の名前として使われているのはなんでしょう？,「互いに助け合う」という意味を持つ熟語で、よく「コープ」や「JA」の後ろについて保険事業者の名前として使われているのは何でしょう？,共済（きょうさい）,
q0142,理系,水中での光の速度が空気中より遅いことを発見したことや、振り子の実験で地球の自転を証明したことで知られるフランスの物理学者は誰でしょう？,水中での光の速度が空気中より遅いことを発見したことや、振り子の実験で地球の自転を証明したことで知られるフランスの物理学者は誰でしょう？,レオン・フーコー,
q0143,公民,政治団体にほん保守党の代表を務める、海賊と呼ばれた男などの小説で知られる作家は誰でしょう？,国政政党「日本保守党」の代表を務める、『海賊と呼ばれた男』などの小説で知られる作家は誰でしょう？,百田尚樹（ひゃくた・なおき）,国政政党の要件満たしていないので、政治団体としている
q0144,芸能,森脇りりかやみりちゃむなどのタレントを発掘した、テレビプロデューサー佐久間宣行のYouTubeチャンネルはなんでしょう？,森脇梨々夏（もりわき・りりか）やみりちゃむなどのタレントを発掘した、テレビプロデューサー・佐久間宣行（さくま・のぶゆき）のYouTubeチャンネルは何でしょう？,『NOBROCKTV（ノブロックティービー）』,
q0145,理系,ウマやネコなどの哺乳類で見られる、においに反応して唇をきゅっと引き上げる生理現象をなんというでしょう？,ウマやネコなどの哺乳類で見られる、においに反応して唇をきゅっと引き上げる生理現象を何というでしょう？,フレーメン反応,
q0146,公民,厚生労働大臣のときはカイワレ大根、首相在任時には福島県産のキュウリやイチゴを食べることで食の安全性をアピールした、第94代内閣総理大臣は誰でしょう？,厚生労働大臣のときはカイワレ大根、首相在任時には福島県産のキュウリやイチゴを食べることで食の安全性をアピールした、第94代内閣総理大臣は誰でしょう？,菅直人（かん・なおと）,（補足）カイワレ大根はO157食中毒に対する安全性アピール
q0147,世界史,人民戦線側の義勇兵としてヘミングウェイやジョージ・オーウェルが参戦している、1936年からある地域で発生した大規模な内乱はなんでしょう？,人民戦線側の義勇兵としてヘミングウェイやジョージ・オーウェルが参戦している、1936年からある地域で発生した大規模な内乱は何でしょう？,スペイン内戦,〇スペイン内乱
q0148,文学,古代ギリシャの三大悲劇作家といえば、アイスキュロス、ソフォクレスと誰でしょう？,古代ギリシャの三大悲劇作家といえば、アイスキュロス、ソフォクレスと誰でしょう？,エウリピデス,
q0149,生活,経済的な理由などから放置され、荒れ果てた状態の建造物や集落のことを、廃れるという漢字を使った二字熟語でなんというでしょう？,経済的な理由などから放置され、荒れ果てた状態の建造物や集落のことを、「廃（すた）れる」という漢字を使った二字熟語で何というでしょう？,廃墟,
q0150,公民,イギリスなどで採用されている、子供と関わる仕事をする人に対し、性犯罪歴の有無の提示を求める制度をアルファベット３文字でなんというでしょう？,イギリスなどで採用されている、子供と関わる仕事をする人に対し、性犯罪歴の有無の提示を求める制度をアルファベット３文字で何というでしょう？,DBS,Disclosure and Barring Service
q0151,芸術,コートよりも気軽にはおれて、カーディガンよりも厚手で丈が長いアウターのことを、コートとカーディガンを合わせた言葉でなんというでしょう？,コートよりも気軽にはおれて、カーディガンよりも厚手で丈が長いアウターのことを、「コート」と「カーディガン」を合わせた言葉で何というでしょう？,コーディガン,
q0152,理系,ヒメ・ハラビロ・チョウセンなどの種類がいる、鎌のような前脚で虫や小動物を捕まえて食べる肉食性の昆虫はなんでしょう？,ヒメ・ハラビロ・チョウセンなどの種類がいる、鎌のような前脚で虫や小動物を捕まえて食べる肉食性の昆虫は何でしょう？,カマキリ,
q0153,漫画・アニメ・ゲーム,漫画少年SF短編の中で、僕にとってのSFは少し不思議な物語のSとFなのですという言葉を残した漫画家は誰でしょう？,漫画『少年SF短編』の中で、「僕にとっての『SF』は『少し不思議な物語』のSとFなのです」という言葉を残した漫画家は誰でしょう？,藤子・F・不二雄（ふじこ・えふ・ふじお）,「藤本弘」でも可。「藤子不二雄」は「もう１回」を取る。「藤子不二雄Ａ」は不可。
q0154,世界史,スタンダールの小説パルムの僧院でも戦いの様子が描かれている、1815年に起こった、ナポレオンの百日天下を終わらせた戦いをなんというでしょう？,スタンダールの小説『パルムの僧院』でも戦いの様子が描かれている、1815年に起こった、ナポレオンの百日天下を終わらせた戦いを何というでしょう？,ワーテルローの戦い,○ワーテルローの会戦
q0155,生活,Color the days 日常を彩る。をコンセプトとする、イタリア語でまじめなという意味の名前を持つ100円ショップ店はなんでしょう？,「Color the days 日常を彩る。」をコンセプトとする、イタリア語で「まじめな」という意味の名前を持つ100円ショップ店は何でしょう？,セリア,
q0156,理系,海岸に打ち寄せた波が沖に戻ろうとするときに発生する、海難事故の原因にもなる強い流れをなんというでしょう？,海岸に打ち寄せた波が沖に戻ろうとするときに発生する、海難事故の原因にもなる強い流れを何というでしょう？,離岸流（りがんりゅう）,〇リップカレント〇カレント〇「だし」「沖だし」
q0157,生活,中華料理や家系ラーメンで用いられるチーユとは、どんな食材から作られる油でしょう？,中華料理や家系ラーメンで用いられる「チーユ」とは、どんな食材から作られる油でしょう？,鶏肉,○鶏、鶏皮 など
q0158,生活,ドールブランドのHarmonia bloomやねんどろいどなどを展開している玩具メーカーはなんでしょう？,ドールブランドの『Harmonia bloom（ハルモニアブルーム）』や『ねんどろいど』などを展開している玩具メーカーは何でしょう？,グッドスマイルカンパニー,
q0159,公民,星稜高校で国語の教員を務めたのちプロレスラーになった経歴を持つ、現在、石川県知事を務めている政治家は誰でしょう？,星稜高校で国語の教員を務めたのちプロレスラーになった経歴を持つ、現在、石川県知事を務めている政治家は誰でしょう？,馳浩（はせ・ひろし）,
q0160,世界史,第二次世界大戦中、ドイツやにほんなどの三国同盟側に属した国家のことを、連合国に対してなんというでしょう？,第二次世界大戦中、ドイツや日本などの三国同盟側に属した国家のことを、「連合国」に対して何というでしょう？,枢軸国（すうじくこく）,〇Axis Powers（アクシズパワーズ）ヘタリアって漫画のサブタイトルのアクシズパワーズは枢軸国って意味
q0161,理系,乾燥させた果皮を粉末にして、鰻の蒲焼きなどの薬味として使用する、英語でJapanese pepperというミカン科の植物はなんでしょう？,乾燥させた果皮を粉末にして、鰻の蒲焼きなどの薬味として使用する、英語で「Japanese pepper」というミカン科の植物は何でしょう？,山椒,「果皮」とは、種を除いた果肉と皮の部分
q0162,文学,これまでに本屋大賞を２度受賞したことがある２人の作家とは、恩田陸と誰でしょう？,これまでに「本屋大賞」を２度受賞したことがある２人の作家とは、恩田陸（おんだ・りく）と誰でしょう？,凪良ゆう（なぎら・ゆう）,2024年に凪良ゆうが本屋大賞を受賞した場合は、別の問題文に変更
q0163,地理,アフリカ経済委員会やアフリカ連合の本部が位置する、エチオピアの首都はどこでしょう？,アフリカ経済委員会やアフリカ連合の本部が位置する、エチオピアの首都はどこでしょう？,アディスアベバ,Addis Ababa◯：「アジスアベバ」など
q0164,芸能,アイルランドのピアニスト、ジョン・フィールドによって創始された、にほん語で夜想曲と呼ばれる音楽の形式はなんでしょう？,アイルランドのピアニスト、ジョン・フィールドによって創始された、日本語で「夜想曲（やそうきょく）」と呼ばれる音楽の形式は何でしょう？,ノクターン,
q0165,理系,"生涯に約3,000もの公式を考案しインドの魔術師と称された、20世紀前半に活躍した数学者は誰でしょう？","生涯に約3,000もの公式を考案し「インドの魔術師」と称された、20世紀前半に活躍した数学者は誰でしょう？",シュリニヴァーサ・ラマヌジャン,Srinivasa Aiyangar Ramanujan
q0166,生活,かつては船の乗組員の寝床として使われていた、木や柱などの間に布や網を渡して作られる寝床のことをなんというでしょう？,かつては船の乗組員の寝床として使われていた、木や柱などの間に布や網を渡して作られる寝床のことを何というでしょう？,ハンモック,
q0167,漫画・アニメ・ゲーム,予算不足やスケジュールの都合で発生することが多い、アニメで作画の品質が著しく低いことを、漢字４文字でなんというでしょう？,予算不足やスケジュールの都合で発生することが多い、アニメで作画の品質が著しく低いことを、漢字４文字で何というでしょう？,作画崩壊,
q0168,文学,はじめてのおつかいやぐりとぐらシリーズなどの名作を世に送り出した、児童書を中心に取り扱う出版社はなんでしょう？,『はじめてのおつかい』や『ぐりとぐら』シリーズなどの名作を世に送り出した、児童書を中心に取り扱う出版社は何でしょう？,福音館書店,
q0169,日本史,1937年2月に就任したもののわずか4ヶ月で辞職したため、なんもせんじゅうろう内閣と揶揄された、にほんの第33代内閣総理大臣は誰でしょう？,1937年2月に就任したもののわずか4ヶ月で辞職したため、「何もせんじゅうろう内閣」と揶揄された、日本の第33代内閣総理大臣は誰でしょう？,林銑十郎（はやし・せんじゅうろう）,
q0170,理系,SI基本単位のキログラムの定義にも用いられている、1900年に導入した物理学者の名を冠した、量子力学的な現象を特徴づける普遍定数はなんでしょう？,SI基本単位のキログラムの定義にも用いられている、1900年に導入した物理学者の名を冠した、量子力学的な現象を特徴づける普遍定数は何でしょう？,プランク定数,◯：「Planck's constant」
q0171,公民,不当労働行為の有無の審査や労働争議の調整などを行う、厚生労働省の外局はなんでしょう？,不当労働行為の有無の審査や労働争議の調整などを行う、厚生労働省の外局は何でしょう？,中央労働委員会,
q0172,公民,ドイツのシーメンスやにほんのソニーグループのように、元来関連のない複数の企業を統合してできた企業グループのことをなんというでしょう？,ドイツのシーメンスや日本のソニーグループのように、元来関連のない複数の企業を統合してできた企業グループのことを何というでしょう？,コングロマリット,○複合企業
q0173,ns,ナパーム弾に代表される、主に火災の発生を目的とする爆弾や砲弾のことを、漢字3文字でなん弾というでしょう？,ナパーム弾に代表される、主に火災の発生を目的とする爆弾や砲弾のことを、漢字3文字で「何弾」というでしょう？,焼夷弾（しょういだん）,
q0174,地理,鳥人間コンテストの会場となる松原水泳場や、ゆるキャラのひこにゃんで有名な、滋賀県東部の都市はどこでしょう？,鳥人間コンテストの会場となる「松原水泳場」や、ゆるキャラの「ひこにゃん」で有名な、滋賀県東部の都市はどこでしょう？,彦根市,
q0175,理系,約2億年前ごろに分裂し、北のローラシアと南のゴンドワナに分かれた、かつて存在していた超大陸はなんでしょう？,約2億年前ごろに分裂し、北のローラシアと南のゴンドワナに分かれた、かつて存在していた超大陸は何でしょう？,パンゲア,
q0176,生活,お酒や食事とともにルーレットやポーカー、バカラなどのゲームが楽しめるバーのことをなんバーというでしょう？,お酒や食事とともにルーレットやポーカー、バカラなどのゲームが楽しめるバーのことを「何バー」というでしょう？,カジノバー,
q0177,芸能,銀魂やかぐや様は告らせたいなど、多くの漫画原作の実写映画でメガホンを取った映画監督は誰でしょう？,『銀魂』や『かぐや様は告らせたい』など、多くの漫画原作の実写映画でメガホンを取った映画監督は誰でしょう？,福田雄一（ふくだ・ゆういち）,原作クラッシャー
q0178,生活,三人麻雀では北を抜きドラにした際に引くルールもある、一般的な麻雀のルールでカンをした際に引く牌をなんというでしょう？,三人麻雀では北を抜きドラにした際に引くルールもある、一般的な麻雀のルールでカンをした際に引く牌を何というでしょう？,嶺上牌（リンシャンパイ）,〇：嶺上自摸牌（リンシャンツモハイ）、リンシャン「ハイ」も〇
q0179,生活,世界５大ウイスキーといえば、スコッチ、アイリッシュ、アメリカン、カナディアンとなんでしょう？,「世界５大ウイスキー」といえば、スコッチ、アイリッシュ、アメリカン、カナディアンと何でしょう？,ジャパニーズ（ウイスキー）,【判定】〇ジャパニーズ、△日本
q0180,生活,多くの場合で品を欠く行為とされる、座っているとき、膝などを揺らし続けることをなんゆすりというでしょう？,多くの場合で品を欠く行為とされる、座っているとき、膝などを揺らし続けることを「何ゆすり」というでしょう？,貧乏ゆすり,
q0181,世界史,現在発行されているすべての人民元紙幣に肖像が描かれている、中国の初代国家主席は誰でしょう？,現在発行されているすべての人民元紙幣に肖像が描かれている、中国の初代国家主席は誰でしょう？,毛沢東（もうたくとう）,
q0182,理系,アロエやサボテンのように、茎や葉に水分を貯蔵する植物を総称してなんというでしょう？,アロエやサボテンのように、茎や葉に水分を貯蔵する植物を総称して何というでしょう？,多肉植物,
q0183,言葉,外国為替のことをFXといいますが、これはなんという英語の略でしょう？,外国為替のことを「FX」といいますが、これは何という英語の略でしょう？,Foreign Exchange（フォーリンエクスチェンジ）,
q0184,ns,公式ホームページには傷つく人を減らしたいと書かれている、SNSのXから匿名のメッセージを受け付けるサービスはなんでしょう？,公式ホームページには「傷つく人を減らしたい」と書かれている、SNSのXから匿名のメッセージを受け付けるサービスは何でしょう？,マシュマロ,
q0185,理系,発見したクロアチアの地震学者の名がつけられた、地球の地殻とマントルとの境界面をなんというでしょう？,発見したクロアチアの地震学者の名がつけられた、地球の地殻とマントルとの境界面を何というでしょう？,モホロビチッチ不連続面,不連続面まで必要
q0186,理系,メス、ホール、マイクロ、駒込などの種類がある、化学の実験で比較的少量の液体を取り出す際に使用する器具はなんでしょう？,メス、ホール、マイクロ、駒込などの種類がある、化学の実験で比較的少量の液体を取り出す際に使用する器具は何でしょう？,ピペット,
q0187,生活,ガルリ・カスパロフが15年以上世界チャンピオンの地位にあった、白と黒のコマを使うマインドスポーツはなんでしょう？,ガルリ・カスパロフが15年以上世界チャンピオンの地位にあった、白と黒のコマを使うマインドスポーツは何でしょう？,チェス,
q0188,文学,芥川龍之介の小説羅生門で、老婆が死体の髪を集めて作ろうとしていたものはなんでしょう？,芥川龍之介の小説『羅生門』で、老婆が死体の髪を集めて作ろうとしていたものは何でしょう？,かつら,
q0189,生活,Maps to the Futureを企業スローガンに掲げる、多くのカーナビやGoogle マップのにほん向けサービスにデータを提供している企業はなんでしょう？,「Maps to the Future」を企業スローガンに掲げる、多くのカーナビやGoogleマップの日本向けサービスにデータを提供している企業は何でしょう？,ゼンリン,
q0190,スポーツ,パフォーマンスの再現性向上などのために実施する、アスリートが競技前や競技中に行う決まった動作のことをなんというでしょう？,パフォーマンスの再現性向上などのために実施する、アスリートが競技前や競技中に行う決まった動作のことを何というでしょう？,ルーティン,
q0191,生活,細めのシルエットを持つ腰下からひざ丈ぐらいのシンプルなトップスのことを、ラテン語で下着を意味する言葉を用いてなんというでしょう？,細めのシルエットを持つ腰下からひざ丈ぐらいのシンプルなトップスのことを、ラテン語で「下着」を意味する言葉を用いて何というでしょう？,チュニック,
q0192,地理,フェーン、チヌーク、やませのように、地形などの影響によりある狭い範囲でのみ吹く風のことをなんというでしょう？,フェーン、チヌーク、やませのように、地形などの影響によりある狭い範囲でのみ吹く風のことを何というでしょう？,局地風,〇：地方風　ペーパー良さそう
q0193,生活,富士山静岡空港の開港に合わせて設立され、現在も同空港を拠点の一つとする、静岡市に本社を置く航空会社はなんでしょう？,富士山静岡空港の開港に合わせて設立され、現在も同空港を拠点の一つとする、静岡市に本社を置く航空会社は何でしょう？,フジドリームエアラインズ,〇：FDAカウント続行：フジドリームエアライン
q0194,生活,神社や仏閣を建築する大工のことをなん大工と言うでしょう？,神社や仏閣を建築する大工のことを「何大工」と言うでしょう？,宮大工（みやだいく）,
q0195,言葉,相手からの仕打ちに対してすぐに仕返しをすることを、座禅の修行に使う道具の名前を用いてなんというでしょう？,相手からの仕打ちに対してすぐに仕返しをすることを、座禅の修行に使う道具の名前を用いて何というでしょう？,しっぺ返し（〇：しっぺい返し、おまけ〇：しっぺ返しを受ける）,
q0196,世界史,1861年のイタリア統一の後もオーストリア領として残された、南チロルやトリエステといった地域のことをなんというでしょう？,1861年のイタリア統一の後もオーストリア領として残された、南チロルやトリエステといった地域のことを何というでしょう？,未回収のイタリア,○イタリア・イレデンタ （ イタリア語: Italia irredenta ）
q0197,言葉,意見や性格が一致せず、関係が調和していないことの例えにも用いられる、2つ以上の音が調和せず不安定に聞こえる和音をなんというでしょう？,意見や性格が一致せず、関係が調和していないことの例えにも用いられる、2つ以上の音が調和せず不安定に聞こえる和音を何というでしょう？,不協和音,
q0198,地理,"約3,000万年前に形成され、多くの固有種がいることからロシアのガラパゴスとも称される、高い透明度と世界一の水深をもつ湖はどこでしょう？","約3,000万年前に形成され、多くの固有種がいることから「ロシアのガラパゴス」とも称される、高い透明度と世界一の水深をもつ湖はどこでしょう？",バイカル湖,
q0199,生活,BigenCieloBeautylaboなどのヘアカラーブランドを展開する化粧品メーカーはなんでしょう？,「Bigen（ビゲン）」「Cielo（シエロ）」「Beautylabo（ビューティーラボ）」などのヘアカラーブランドを展開する化粧品メーカーは何でしょう？,ホーユー株式会社,○ホーユー
q0200,公民,アメリカの銀行・ゴールドマンサックスが命名した、21世紀後半の世界経済に大きな影響を与える可能性がある11カ国をなんというでしょう？,アメリカの銀行・ゴールドマンサックスが命名した、21世紀後半の世界経済に大きな影響を与える可能性がある11カ国を何というでしょう？,ネクストイレブン,